Report_Type,Dataset,Model,Hour,MAE,RMSE,MAPE,sMAPE,WAPE,Broj_redova
summary,validation,lstm_seq12_h32_l1_d0p0_lr0p001_bs64,,0.3721,0.5412,38.1848,31.427,29.7651,5048
hourly,validation,lstm_seq12_h32_l1_d0p0_lr0p001_bs64,0,0.2258,0.3357,37.7842,32.2612,35.7116,209
hourly,validation,lstm_seq12_h32_l1_d0p0_lr0p001_bs64,1,0.1665,0.2808,28.8191,26.9479,31.3257,209
hourly,validation,lstm_seq12_h32_l1_d0p0_lr0p001_bs64,2,0.1407,0.2361,26.5278,24.5892,29.3492,209
hourly,validation,lstm_seq12_h32_l1_d0p0_lr0p001_bs64,3,0.1235,0.207,25.5794,23.9975,28.5262,209
hourly,validation,lstm_seq12_h32_l1_d0p0_lr0p001_bs64,4,0.1215,0.2066,25.5616,25.4793,29.4976,209
hourly,validation,lstm_seq12_h32_l1_d0p0_lr0p001_bs64,5,0.1533,0.2197,33.8321,31.6322,34.9256,209
hourly,validation,lstm_seq12_h32_l1_d0p0_lr0p001_bs64,6,0.3155,0.4228,42.6517,36.943,38.2318,209
hourly,validation,lstm_seq12_h32_l1_d0p0_lr0p001_bs64,7,0.5089,0.6528,41.467,33.6632,28.7395,210
hourly,validation,lstm_seq12_h32_l1_d0p0_lr0p001_bs64,8,0.3742,0.4987,30.6459,25.4915,22.6976,210
hourly,validation,lstm_seq12_h32_l1_d0p0_lr0p001_bs64,9,0.3362,0.4459,29.9848,24.3549,21.6738,210
hourly,validation,lstm_seq12_h32_l1_d0p0_lr0p001_bs64,10,0.3561,0.4837,29.1244,25.1172,23.5573,210
hourly,validation,lstm_seq12_h32_l1_d0p0_lr0p001_bs64,11,0.4105,0.6192,38.6723,29.7482,27.1877,210
hourly,validation,lstm_seq12_h32_l1_d0p0_lr0p001_bs64,12,0.4251,0.6126,43.2703,32.1298,29.1476,212
hourly,validation,lstm_seq12_h32_l1_d0p0_lr0p001_bs64,13,0.409,0.559,45.8626,34.9592,30.1349,212
hourly,validation,lstm_seq12_h32_l1_d0p0_lr0p001_bs64,14,0.4373,0.6213,49.1035,36.9723,34.8787,212
hourly,validation,lstm_seq12_h32_l1_d0p0_lr0p001_bs64,15,0.4298,0.6342,47.1337,37.1257,36.1634,211
hourly,validation,lstm_seq12_h32_l1_d0p0_lr0p001_bs64,16,0.3831,0.5476,40.7979,34.5786,32.7387,211
hourly,validation,lstm_seq12_h32_l1_d0p0_lr0p001_bs64,17,0.476,0.6925,45.9545,37.1737,35.8388,211
hourly,validation,lstm_seq12_h32_l1_d0p0_lr0p001_bs64,18,0.5269,0.6832,47.5429,36.2181,32.2646,211
hourly,validation,lstm_seq12_h32_l1_d0p0_lr0p001_bs64,19,0.6341,0.7816,38.9446,32.8421,30.484,211
hourly,validation,lstm_seq12_h32_l1_d0p0_lr0p001_bs64,20,0.638,0.7999,40.6734,31.135,27.85,211
hourly,validation,lstm_seq12_h32_l1_d0p0_lr0p001_bs64,21,0.509,0.6447,34.8996,27.5952,24.7022,211
hourly,validation,lstm_seq12_h32_l1_d0p0_lr0p001_bs64,22,0.4689,0.6021,41.9995,34.321,31.0853,211
hourly,validation,lstm_seq12_h32_l1_d0p0_lr0p001_bs64,23,0.3475,0.4615,48.9489,38.6644,39.0979,211
summary,test,lstm_seq12_h32_l1_d0p0_lr0p001_bs64,,0.3309,0.4797,42.9076,35.2099,34.5106,5049
hourly,test,lstm_seq12_h32_l1_d0p0_lr0p001_bs64,0,0.2422,0.4081,34.0023,32.1866,36.7124,209
hourly,test,lstm_seq12_h32_l1_d0p0_lr0p001_bs64,1,0.1888,0.3153,27.4021,29.5081,33.2311,209
hourly,test,lstm_seq12_h32_l1_d0p0_lr0p001_bs64,2,0.17,0.2744,28.1436,29.5359,32.2349,209
hourly,test,lstm_seq12_h32_l1_d0p0_lr0p001_bs64,3,0.1367,0.2428,24.9617,25.5326,29.3793,209
hourly,test,lstm_seq12_h32_l1_d0p0_lr0p001_bs64,4,0.1485,0.2496,27.0565,27.9351,32.0777,209
hourly,test,lstm_seq12_h32_l1_d0p0_lr0p001_bs64,5,0.1595,0.2663,32.7337,30.0543,35.4566,209
hourly,test,lstm_seq12_h32_l1_d0p0_lr0p001_bs64,6,0.2342,0.3053,40.8092,34.5741,35.9111,209
hourly,test,lstm_seq12_h32_l1_d0p0_lr0p001_bs64,7,0.4396,0.5605,50.0879,38.3673,33.3893,209
hourly,test,lstm_seq12_h32_l1_d0p0_lr0p001_bs64,8,0.3088,0.4184,36.0864,27.473,24.6013,209
hourly,test,lstm_seq12_h32_l1_d0p0_lr0p001_bs64,9,0.348,0.4766,41.2703,32.5923,29.0234,209
hourly,test,lstm_seq12_h32_l1_d0p0_lr0p001_bs64,10,0.379,0.5163,48.1666,37.1979,33.2586,209
hourly,test,lstm_seq12_h32_l1_d0p0_lr0p001_bs64,11,0.3753,0.5274,45.5426,36.535,32.9391,209
hourly,test,lstm_seq12_h32_l1_d0p0_lr0p001_bs64,12,0.3999,0.5647,46.4617,37.794,36.194,211
hourly,test,lstm_seq12_h32_l1_d0p0_lr0p001_bs64,13,0.3505,0.4613,42.8728,35.7872,33.6536,211
hourly,test,lstm_seq12_h32_l1_d0p0_lr0p001_bs64,14,0.3697,0.5123,49.8884,39.3337,37.6321,211
hourly,test,lstm_seq12_h32_l1_d0p0_lr0p001_bs64,15,0.3407,0.4792,45.9493,37.4797,37.5424,212
hourly,test,lstm_seq12_h32_l1_d0p0_lr0p001_bs64,16,0.3275,0.4243,53.239,40.5901,39.9014,212
hourly,test,lstm_seq12_h32_l1_d0p0_lr0p001_bs64,17,0.3693,0.5037,54.8424,42.2979,41.7873,212
hourly,test,lstm_seq12_h32_l1_d0p0_lr0p001_bs64,18,0.4462,0.6369,57.9442,42.7748,41.6537,212
hourly,test,lstm_seq12_h32_l1_d0p0_lr0p001_bs64,19,0.4681,0.6188,59.5912,39.9404,36.1524,212
hourly,test,lstm_seq12_h32_l1_d0p0_lr0p001_bs64,20,0.457,0.5998,50.105,35.0815,31.0592,212
hourly,test,lstm_seq12_h32_l1_d0p0_lr0p001_bs64,21,0.5068,0.6639,47.2149,37.7146,33.4226,212
hourly,test,lstm_seq12_h32_l1_d0p0_lr0p001_bs64,22,0.4176,0.5575,40.8351,35.5483,34.5568,212
hourly,test,lstm_seq12_h32_l1_d0p0_lr0p001_bs64,23,0.3456,0.5143,43.5112,38.6584,40.7019,212
summary,validation,lstm_seq12_h32_l1_d0p0_lr0p0005_bs64,,0.3732,0.5414,38.7537,31.6777,29.8545,5048
hourly,validation,lstm_seq12_h32_l1_d0p0_lr0p0005_bs64,0,0.2295,0.3301,40.0637,33.2734,36.2873,209
hourly,validation,lstm_seq12_h32_l1_d0p0_lr0p0005_bs64,1,0.1661,0.2788,29.8797,27.0148,31.2474,209
hourly,validation,lstm_seq12_h32_l1_d0p0_lr0p0005_bs64,2,0.1485,0.2412,29.5867,26.4024,30.9813,209
hourly,validation,lstm_seq12_h32_l1_d0p0_lr0p0005_bs64,3,0.1312,0.2126,29.0788,25.4913,30.3032,209
hourly,validation,lstm_seq12_h32_l1_d0p0_lr0p0005_bs64,4,0.1269,0.2083,28.5104,26.3818,30.8098,209
hourly,validation,lstm_seq12_h32_l1_d0p0_lr0p0005_bs64,5,0.1656,0.2251,37.8033,34.0313,37.7137,209
hourly,validation,lstm_seq12_h32_l1_d0p0_lr0p0005_bs64,6,0.298,0.3975,40.7787,34.7859,36.1095,209
hourly,validation,lstm_seq12_h32_l1_d0p0_lr0p0005_bs64,7,0.4997,0.6337,43.3019,33.7753,28.2239,210
hourly,validation,lstm_seq12_h32_l1_d0p0_lr0p0005_bs64,8,0.3764,0.495,31.7338,25.521,22.8307,210
hourly,validation,lstm_seq12_h32_l1_d0p0_lr0p0005_bs64,9,0.3357,0.4452,30.8459,24.331,21.6439,210
hourly,validation,lstm_seq12_h32_l1_d0p0_lr0p0005_bs64,10,0.3588,0.4797,29.8524,25.2418,23.7372,210
hourly,validation,lstm_seq12_h32_l1_d0p0_lr0p0005_bs64,11,0.4041,0.6133,38.0718,29.1398,26.7643,210
hourly,validation,lstm_seq12_h32_l1_d0p0_lr0p0005_bs64,12,0.4169,0.6059,41.7337,31.148,28.5878,212
hourly,validation,lstm_seq12_h32_l1_d0p0_lr0p0005_bs64,13,0.4075,0.5619,44.8651,34.814,30.0231,212
hourly,validation,lstm_seq12_h32_l1_d0p0_lr0p0005_bs64,14,0.4292,0.6226,47.4299,36.1206,34.2314,212
hourly,validation,lstm_seq12_h32_l1_d0p0_lr0p0005_bs64,15,0.4375,0.6457,46.7963,37.6876,36.8068,211
hourly,validation,lstm_seq12_h32_l1_d0p0_lr0p0005_bs64,16,0.381,0.5583,38.9237,34.2557,32.5612,211
hourly,validation,lstm_seq12_h32_l1_d0p0_lr0p0005_bs64,17,0.4768,0.6895,43.7534,37.0065,35.8985,211
hourly,validation,lstm_seq12_h32_l1_d0p0_lr0p0005_bs64,18,0.5341,0.6992,45.993,36.5543,32.708,211
hourly,validation,lstm_seq12_h32_l1_d0p0_lr0p0005_bs64,19,0.6356,0.7886,38.0007,32.8404,30.5588,211
hourly,validation,lstm_seq12_h32_l1_d0p0_lr0p0005_bs64,20,0.6294,0.7959,39.6019,30.8157,27.4744,211
hourly,validation,lstm_seq12_h32_l1_d0p0_lr0p0005_bs64,21,0.5163,0.6534,35.9834,27.9103,25.0563,211
hourly,validation,lstm_seq12_h32_l1_d0p0_lr0p0005_bs64,22,0.4839,0.6011,44.2188,35.1751,32.0759,211
hourly,validation,lstm_seq12_h32_l1_d0p0_lr0p0005_bs64,23,0.3557,0.4672,52.7654,40.28,40.0133,211
summary,test,lstm_seq12_h32_l1_d0p0_lr0p0005_bs64,,0.3316,0.4785,43.2322,35.5097,34.5822,5049
hourly,test,lstm_seq12_h32_l1_d0p0_lr0p0005_bs64,0,0.2508,0.4103,36.7306,33.5323,38.0204,209
hourly,test,lstm_seq12_h32_l1_d0p0_lr0p0005_bs64,1,0.1964,0.3223,29.0869,31.4275,34.5674,209
hourly,test,lstm_seq12_h32_l1_d0p0_lr0p0005_bs64,2,0.1734,0.275,29.7321,30.7937,32.8828,209
hourly,test,lstm_seq12_h32_l1_d0p0_lr0p0005_bs64,3,0.1449,0.2449,28.0207,27.5073,31.1437,209
hourly,test,lstm_seq12_h32_l1_d0p0_lr0p0005_bs64,4,0.1518,0.2488,28.9544,28.6787,32.7895,209
hourly,test,lstm_seq12_h32_l1_d0p0_lr0p0005_bs64,5,0.1615,0.2545,34.2297,31.4448,35.9068,209
hourly,test,lstm_seq12_h32_l1_d0p0_lr0p0005_bs64,6,0.2358,0.3071,42.277,34.9014,36.16,209
hourly,test,lstm_seq12_h32_l1_d0p0_lr0p0005_bs64,7,0.4362,0.5539,51.9207,38.2198,33.1266,209
hourly,test,lstm_seq12_h32_l1_d0p0_lr0p0005_bs64,8,0.3288,0.4367,39.8635,29.5672,26.1978,209
hourly,test,lstm_seq12_h32_l1_d0p0_lr0p0005_bs64,9,0.3469,0.4727,42.4678,32.7526,28.9285,209
hourly,test,lstm_seq12_h32_l1_d0p0_lr0p0005_bs64,10,0.3767,0.5119,48.1984,36.7855,33.0611,209
hourly,test,lstm_seq12_h32_l1_d0p0_lr0p0005_bs64,11,0.3732,0.5303,45.2018,36.2005,32.7545,209
hourly,test,lstm_seq12_h32_l1_d0p0_lr0p0005_bs64,12,0.4018,0.5702,46.4491,38.0885,36.3702,211
hourly,test,lstm_seq12_h32_l1_d0p0_lr0p0005_bs64,13,0.3519,0.4665,42.1014,35.8054,33.7917,211
hourly,test,lstm_seq12_h32_l1_d0p0_lr0p0005_bs64,14,0.3697,0.5101,48.6443,39.4144,37.6321,211
hourly,test,lstm_seq12_h32_l1_d0p0_lr0p0005_bs64,15,0.3386,0.4778,44.2381,37.5822,37.3147,212
hourly,test,lstm_seq12_h32_l1_d0p0_lr0p0005_bs64,16,0.3198,0.4186,49.4562,39.4962,38.9538,212
hourly,test,lstm_seq12_h32_l1_d0p0_lr0p0005_bs64,17,0.369,0.5063,51.2198,41.656,41.7534,212
hourly,test,lstm_seq12_h32_l1_d0p0_lr0p0005_bs64,18,0.432,0.6357,52.5888,41.1998,40.3271,212
hourly,test,lstm_seq12_h32_l1_d0p0_lr0p0005_bs64,19,0.4527,0.6107,55.275,38.796,34.9591,212
hourly,test,lstm_seq12_h32_l1_d0p0_lr0p0005_bs64,20,0.4569,0.6019,49.9282,35.1629,31.0565,212
hourly,test,lstm_seq12_h32_l1_d0p0_lr0p0005_bs64,21,0.5075,0.6579,49.0375,37.7446,33.4642,212
hourly,test,lstm_seq12_h32_l1_d0p0_lr0p0005_bs64,22,0.4146,0.5431,43.8361,35.1734,34.3035,212
hourly,test,lstm_seq12_h32_l1_d0p0_lr0p0005_bs64,23,0.3557,0.5093,47.2704,39.8479,41.884,212
summary,validation,lstm_seq12_h32_l2_d0p0_lr0p001_bs64,,0.3746,0.5447,37.2419,31.5454,29.9643,5048
hourly,validation,lstm_seq12_h32_l2_d0p0_lr0p001_bs64,0,0.2294,0.3429,36.395,32.6997,36.2817,209
hourly,validation,lstm_seq12_h32_l2_d0p0_lr0p001_bs64,1,0.1797,0.3039,29.7764,28.9258,33.7959,209
hourly,validation,lstm_seq12_h32_l2_d0p0_lr0p001_bs64,2,0.1474,0.2475,27.0769,27.4375,30.7568,209
hourly,validation,lstm_seq12_h32_l2_d0p0_lr0p001_bs64,3,0.1157,0.1999,23.7631,22.3867,26.7179,209
hourly,validation,lstm_seq12_h32_l2_d0p0_lr0p001_bs64,4,0.1199,0.2028,26.2513,24.7929,29.1113,209
hourly,validation,lstm_seq12_h32_l2_d0p0_lr0p001_bs64,5,0.1451,0.228,28.4592,29.7612,33.0623,209
hourly,validation,lstm_seq12_h32_l2_d0p0_lr0p001_bs64,6,0.28,0.3797,36.638,33.4306,33.9322,209
hourly,validation,lstm_seq12_h32_l2_d0p0_lr0p001_bs64,7,0.4994,0.6428,41.0477,33.2302,28.2021,210
hourly,validation,lstm_seq12_h32_l2_d0p0_lr0p001_bs64,8,0.3848,0.5023,32.6592,26.1135,23.3361,210
hourly,validation,lstm_seq12_h32_l2_d0p0_lr0p001_bs64,9,0.3389,0.4503,30.6966,24.2552,21.8464,210
hourly,validation,lstm_seq12_h32_l2_d0p0_lr0p001_bs64,10,0.362,0.4856,28.8394,25.6779,23.9449,210
hourly,validation,lstm_seq12_h32_l2_d0p0_lr0p001_bs64,11,0.4351,0.6331,36.5235,31.3535,28.8189,210
hourly,validation,lstm_seq12_h32_l2_d0p0_lr0p001_bs64,12,0.4305,0.624,39.7341,32.2366,29.5212,212
hourly,validation,lstm_seq12_h32_l2_d0p0_lr0p001_bs64,13,0.4159,0.5632,43.2991,36.2254,30.6438,212
hourly,validation,lstm_seq12_h32_l2_d0p0_lr0p001_bs64,14,0.427,0.6099,45.448,35.8006,34.0546,212
hourly,validation,lstm_seq12_h32_l2_d0p0_lr0p001_bs64,15,0.4367,0.6403,46.3706,37.423,36.7387,211
hourly,validation,lstm_seq12_h32_l2_d0p0_lr0p001_bs64,16,0.3953,0.5678,41.2178,35.477,33.777,211
hourly,validation,lstm_seq12_h32_l2_d0p0_lr0p001_bs64,17,0.4696,0.6815,43.3205,36.336,35.3577,211
hourly,validation,lstm_seq12_h32_l2_d0p0_lr0p001_bs64,18,0.5267,0.6948,45.0876,36.2391,32.2547,211
hourly,validation,lstm_seq12_h32_l2_d0p0_lr0p001_bs64,19,0.6298,0.7879,38.0176,32.4315,30.2793,211
hourly,validation,lstm_seq12_h32_l2_d0p0_lr0p001_bs64,20,0.649,0.8076,41.264,31.4619,28.3311,211
hourly,validation,lstm_seq12_h32_l2_d0p0_lr0p001_bs64,21,0.5152,0.6614,35.2423,27.5509,24.9993,211
hourly,validation,lstm_seq12_h32_l2_d0p0_lr0p001_bs64,22,0.4756,0.5937,43.5559,34.7624,31.5291,211
hourly,validation,lstm_seq12_h32_l2_d0p0_lr0p001_bs64,23,0.3683,0.4805,52.469,40.752,41.4398,211
summary,test,lstm_seq12_h32_l2_d0p0_lr0p001_bs64,,0.3331,0.4858,41.3227,35.9567,34.7476,5049
hourly,test,lstm_seq12_h32_l2_d0p0_lr0p001_bs64,0,0.2482,0.4139,35.6927,34.264,37.621,209
hourly,test,lstm_seq12_h32_l2_d0p0_lr0p001_bs64,1,0.2,0.3289,28.7746,32.4974,35.2051,209
hourly,test,lstm_seq12_h32_l2_d0p0_lr0p001_bs64,2,0.1822,0.2925,28.4372,33.4002,34.5472,209
hourly,test,lstm_seq12_h32_l2_d0p0_lr0p001_bs64,3,0.1385,0.2451,24.6102,26.8522,29.7718,209
hourly,test,lstm_seq12_h32_l2_d0p0_lr0p001_bs64,4,0.1622,0.266,29.6014,31.6792,35.0339,209
hourly,test,lstm_seq12_h32_l2_d0p0_lr0p001_bs64,5,0.1532,0.2638,28.1295,30.3327,34.065,209
hourly,test,lstm_seq12_h32_l2_d0p0_lr0p001_bs64,6,0.2222,0.2983,37.1527,34.7221,34.0745,209
hourly,test,lstm_seq12_h32_l2_d0p0_lr0p001_bs64,7,0.4526,0.5889,50.5148,39.1332,34.3711,209
hourly,test,lstm_seq12_h32_l2_d0p0_lr0p001_bs64,8,0.3245,0.4263,38.2488,30.1424,25.8527,209
hourly,test,lstm_seq12_h32_l2_d0p0_lr0p001_bs64,9,0.3333,0.4603,39.7392,31.5058,27.7976,209
hourly,test,lstm_seq12_h32_l2_d0p0_lr0p001_bs64,10,0.3727,0.5162,42.7523,34.961,32.7042,209
hourly,test,lstm_seq12_h32_l2_d0p0_lr0p001_bs64,11,0.3914,0.5472,42.1969,37.9496,34.3557,209
hourly,test,lstm_seq12_h32_l2_d0p0_lr0p001_bs64,12,0.418,0.5941,43.4372,40.6286,37.8317,211
hourly,test,lstm_seq12_h32_l2_d0p0_lr0p001_bs64,13,0.3585,0.4728,41.1472,39.0595,34.4231,211
hourly,test,lstm_seq12_h32_l2_d0p0_lr0p001_bs64,14,0.3737,0.522,46.5261,40.7353,38.0411,211
hourly,test,lstm_seq12_h32_l2_d0p0_lr0p001_bs64,15,0.3429,0.4811,44.5541,39.3409,37.7875,212
hourly,test,lstm_seq12_h32_l2_d0p0_lr0p001_bs64,16,0.3256,0.4313,49.6202,40.5654,39.6705,212
hourly,test,lstm_seq12_h32_l2_d0p0_lr0p001_bs64,17,0.3544,0.5037,47.1321,39.8981,40.0986,212
hourly,test,lstm_seq12_h32_l2_d0p0_lr0p001_bs64,18,0.4315,0.6403,49.8234,40.8233,40.2815,212
hourly,test,lstm_seq12_h32_l2_d0p0_lr0p001_bs64,19,0.4618,0.6236,55.5442,38.7954,35.6613,212
hourly,test,lstm_seq12_h32_l2_d0p0_lr0p001_bs64,20,0.4715,0.6199,51.7564,35.4068,32.0469,212
hourly,test,lstm_seq12_h32_l2_d0p0_lr0p001_bs64,21,0.5075,0.6567,49.2671,36.9443,33.463,212
hourly,test,lstm_seq12_h32_l2_d0p0_lr0p001_bs64,22,0.4182,0.5507,42.682,35.0801,34.6068,212
hourly,test,lstm_seq12_h32_l2_d0p0_lr0p001_bs64,23,0.34,0.5047,43.4478,37.8208,40.0338,212
summary,validation,lstm_seq12_h32_l2_d0p0_lr0p0005_bs64,,0.3781,0.5458,38.8817,32.0242,30.2444,5048
hourly,validation,lstm_seq12_h32_l2_d0p0_lr0p0005_bs64,0,0.2344,0.3491,38.198,33.6246,37.0738,209
hourly,validation,lstm_seq12_h32_l2_d0p0_lr0p0005_bs64,1,0.1859,0.3062,33.1997,29.1289,34.9779,209
hourly,validation,lstm_seq12_h32_l2_d0p0_lr0p0005_bs64,2,0.1455,0.2422,27.6593,25.8908,30.3621,209
hourly,validation,lstm_seq12_h32_l2_d0p0_lr0p0005_bs64,3,0.1312,0.209,29.279,25.4558,30.2995,209
hourly,validation,lstm_seq12_h32_l2_d0p0_lr0p0005_bs64,4,0.1332,0.2067,31.0129,27.9283,32.3239,209
hourly,validation,lstm_seq12_h32_l2_d0p0_lr0p0005_bs64,5,0.1465,0.2306,28.8872,29.7117,33.3797,209
hourly,validation,lstm_seq12_h32_l2_d0p0_lr0p0005_bs64,6,0.2846,0.3832,36.3606,34.7148,34.4868,209
hourly,validation,lstm_seq12_h32_l2_d0p0_lr0p0005_bs64,7,0.5068,0.6574,40.0355,33.3959,28.6224,210
hourly,validation,lstm_seq12_h32_l2_d0p0_lr0p0005_bs64,8,0.3934,0.5127,33.612,26.5947,23.8573,210
hourly,validation,lstm_seq12_h32_l2_d0p0_lr0p0005_bs64,9,0.349,0.4556,31.6186,24.938,22.4972,210
hourly,validation,lstm_seq12_h32_l2_d0p0_lr0p0005_bs64,10,0.3521,0.477,29.4163,24.7803,23.2932,210
hourly,validation,lstm_seq12_h32_l2_d0p0_lr0p0005_bs64,11,0.4131,0.6201,38.1379,29.7579,27.3588,210
hourly,validation,lstm_seq12_h32_l2_d0p0_lr0p0005_bs64,12,0.4363,0.619,43.2451,32.4186,29.9162,212
hourly,validation,lstm_seq12_h32_l2_d0p0_lr0p0005_bs64,13,0.4185,0.5634,46.8057,35.7827,30.8346,212
hourly,validation,lstm_seq12_h32_l2_d0p0_lr0p0005_bs64,14,0.4267,0.6079,49.8319,36.7565,34.0329,212
hourly,validation,lstm_seq12_h32_l2_d0p0_lr0p0005_bs64,15,0.4389,0.6414,49.9629,37.9285,36.9209,211
hourly,validation,lstm_seq12_h32_l2_d0p0_lr0p0005_bs64,16,0.4043,0.5738,45.2685,36.6895,34.552,211
hourly,validation,lstm_seq12_h32_l2_d0p0_lr0p0005_bs64,17,0.4865,0.6917,47.4129,38.1984,36.6322,211
hourly,validation,lstm_seq12_h32_l2_d0p0_lr0p0005_bs64,18,0.518,0.684,45.525,35.722,31.7187,211
hourly,validation,lstm_seq12_h32_l2_d0p0_lr0p0005_bs64,19,0.6435,0.7886,39.6922,33.3294,30.9369,211
hourly,validation,lstm_seq12_h32_l2_d0p0_lr0p0005_bs64,20,0.631,0.793,39.5812,30.797,27.5449,211
hourly,validation,lstm_seq12_h32_l2_d0p0_lr0p0005_bs64,21,0.5353,0.6728,35.6084,29.0377,25.9777,211
hourly,validation,lstm_seq12_h32_l2_d0p0_lr0p0005_bs64,22,0.4857,0.6092,42.0866,35.4705,32.1996,211
hourly,validation,lstm_seq12_h32_l2_d0p0_lr0p0005_bs64,23,0.3607,0.4782,50.0612,40.2196,40.5809,211
summary,test,lstm_seq12_h32_l2_d0p0_lr0p0005_bs64,,0.3328,0.4831,42.6454,35.6115,34.7096,5049
hourly,test,lstm_seq12_h32_l2_d0p0_lr0p0005_bs64,0,0.248,0.4111,36.1365,33.974,37.6018,209
hourly,test,lstm_seq12_h32_l2_d0p0_lr0p0005_bs64,1,0.1936,0.3212,29.7666,30.4779,34.0778,209
hourly,test,lstm_seq12_h32_l2_d0p0_lr0p0005_bs64,2,0.1753,0.2866,27.628,30.3576,33.2368,209
hourly,test,lstm_seq12_h32_l2_d0p0_lr0p0005_bs64,3,0.145,0.2458,27.4435,27.4664,31.1652,209
hourly,test,lstm_seq12_h32_l2_d0p0_lr0p0005_bs64,4,0.1645,0.2584,32.3749,31.9205,35.532,209
hourly,test,lstm_seq12_h32_l2_d0p0_lr0p0005_bs64,5,0.1496,0.259,28.3425,28.6657,33.2651,209
hourly,test,lstm_seq12_h32_l2_d0p0_lr0p0005_bs64,6,0.2255,0.3045,36.3186,34.9089,34.5837,209
hourly,test,lstm_seq12_h32_l2_d0p0_lr0p0005_bs64,7,0.4562,0.5977,46.9658,39.4234,34.648,209
hourly,test,lstm_seq12_h32_l2_d0p0_lr0p0005_bs64,8,0.3305,0.4342,35.6971,28.6612,26.3287,209
hourly,test,lstm_seq12_h32_l2_d0p0_lr0p0005_bs64,9,0.3372,0.4702,40.0838,30.9894,28.1229,209
hourly,test,lstm_seq12_h32_l2_d0p0_lr0p0005_bs64,10,0.3706,0.5122,46.3075,35.2705,32.5214,209
hourly,test,lstm_seq12_h32_l2_d0p0_lr0p0005_bs64,11,0.3711,0.5264,43.7163,35.3198,32.5704,209
hourly,test,lstm_seq12_h32_l2_d0p0_lr0p0005_bs64,12,0.4093,0.5847,46.5883,38.4952,37.0458,211
hourly,test,lstm_seq12_h32_l2_d0p0_lr0p0005_bs64,13,0.3553,0.4667,43.6847,36.2321,34.1198,211
hourly,test,lstm_seq12_h32_l2_d0p0_lr0p0005_bs64,14,0.3793,0.5175,52.9662,41.1306,38.6123,211
hourly,test,lstm_seq12_h32_l2_d0p0_lr0p0005_bs64,15,0.3457,0.4717,48.4219,38.4251,38.0877,212
hourly,test,lstm_seq12_h32_l2_d0p0_lr0p0005_bs64,16,0.3361,0.4285,56.2527,42.1739,40.9455,212
hourly,test,lstm_seq12_h32_l2_d0p0_lr0p0005_bs64,17,0.3631,0.499,52.8148,42.1127,41.0851,212
hourly,test,lstm_seq12_h32_l2_d0p0_lr0p0005_bs64,18,0.4376,0.6448,52.785,41.9369,40.852,212
hourly,test,lstm_seq12_h32_l2_d0p0_lr0p0005_bs64,19,0.4733,0.6336,57.9243,40.5923,36.5492,212
hourly,test,lstm_seq12_h32_l2_d0p0_lr0p0005_bs64,20,0.4548,0.5933,50.587,35.5049,30.9158,212
hourly,test,lstm_seq12_h32_l2_d0p0_lr0p0005_bs64,21,0.498,0.6487,46.7458,36.6192,32.8418,212
hourly,test,lstm_seq12_h32_l2_d0p0_lr0p0005_bs64,22,0.4148,0.5549,40.2717,34.8894,34.3209,212
hourly,test,lstm_seq12_h32_l2_d0p0_lr0p0005_bs64,23,0.3411,0.5109,42.5931,38.6064,40.1703,212
summary,validation,lstm_seq12_h32_l2_d0p2_lr0p001_bs64,,0.3734,0.5411,37.4102,31.3546,29.8705,5048
hourly,validation,lstm_seq12_h32_l2_d0p2_lr0p001_bs64,0,0.2186,0.3349,34.2026,30.7566,34.5723,209
hourly,validation,lstm_seq12_h32_l2_d0p2_lr0p001_bs64,1,0.1715,0.2917,28.6544,26.7013,32.2558,209
hourly,validation,lstm_seq12_h32_l2_d0p2_lr0p001_bs64,2,0.1368,0.2361,24.5125,23.887,28.545,209
hourly,validation,lstm_seq12_h32_l2_d0p2_lr0p001_bs64,3,0.1226,0.1938,26.446,24.4183,28.3083,209
hourly,validation,lstm_seq12_h32_l2_d0p2_lr0p001_bs64,4,0.1172,0.204,25.2619,24.266,28.4505,209
hourly,validation,lstm_seq12_h32_l2_d0p2_lr0p001_bs64,5,0.1533,0.216,33.7427,31.6991,34.932,209
hourly,validation,lstm_seq12_h32_l2_d0p2_lr0p001_bs64,6,0.2944,0.3887,42.5164,34.2468,35.6749,209
hourly,validation,lstm_seq12_h32_l2_d0p2_lr0p001_bs64,7,0.4992,0.6291,43.0806,33.9151,28.1963,210
hourly,validation,lstm_seq12_h32_l2_d0p2_lr0p001_bs64,8,0.3847,0.5043,31.8288,26.3723,23.3303,210
hourly,validation,lstm_seq12_h32_l2_d0p2_lr0p001_bs64,9,0.3343,0.4453,29.6606,24.0227,21.5532,210
hourly,validation,lstm_seq12_h32_l2_d0p2_lr0p001_bs64,10,0.3603,0.4786,29.7343,25.7485,23.8309,210
hourly,validation,lstm_seq12_h32_l2_d0p2_lr0p001_bs64,11,0.4227,0.6211,37.8154,30.4234,27.9928,210
hourly,validation,lstm_seq12_h32_l2_d0p2_lr0p001_bs64,12,0.4228,0.6111,39.8477,31.1901,28.9898,212
hourly,validation,lstm_seq12_h32_l2_d0p2_lr0p001_bs64,13,0.414,0.563,42.6461,35.2087,30.5032,212
hourly,validation,lstm_seq12_h32_l2_d0p2_lr0p001_bs64,14,0.4281,0.6052,44.3385,36.2597,34.1457,212
hourly,validation,lstm_seq12_h32_l2_d0p2_lr0p001_bs64,15,0.4331,0.6361,44.8169,37.086,36.4389,211
hourly,validation,lstm_seq12_h32_l2_d0p2_lr0p001_bs64,16,0.3966,0.578,41.0404,35.722,33.8933,211
hourly,validation,lstm_seq12_h32_l2_d0p2_lr0p001_bs64,17,0.4784,0.6873,43.4922,36.6152,36.0205,211
hourly,validation,lstm_seq12_h32_l2_d0p2_lr0p001_bs64,18,0.5388,0.6927,47.7783,37.1481,32.9922,211
hourly,validation,lstm_seq12_h32_l2_d0p2_lr0p001_bs64,19,0.6269,0.7774,39.5855,32.2397,30.1409,211
hourly,validation,lstm_seq12_h32_l2_d0p2_lr0p001_bs64,20,0.6236,0.7847,38.176,30.2199,27.2228,211
hourly,validation,lstm_seq12_h32_l2_d0p2_lr0p001_bs64,21,0.5207,0.6761,33.3481,28.2814,25.2659,211
hourly,validation,lstm_seq12_h32_l2_d0p2_lr0p001_bs64,22,0.4805,0.5997,43.1121,35.1209,31.8518,211
hourly,validation,lstm_seq12_h32_l2_d0p2_lr0p001_bs64,23,0.3698,0.4843,51.6258,40.6198,41.6034,211
summary,test,lstm_seq12_h32_l2_d0p2_lr0p001_bs64,,0.3278,0.481,41.1813,34.335,34.1872,5049
hourly,test,lstm_seq12_h32_l2_d0p2_lr0p001_bs64,0,0.2402,0.4042,34.3698,32.0865,36.4097,209
hourly,test,lstm_seq12_h32_l2_d0p2_lr0p001_bs64,1,0.1888,0.3139,28.4608,29.1741,33.241,209
hourly,test,lstm_seq12_h32_l2_d0p2_lr0p001_bs64,2,0.1647,0.2699,26.1596,28.0919,31.2312,209
hourly,test,lstm_seq12_h32_l2_d0p2_lr0p001_bs64,3,0.132,0.2279,24.9065,24.8319,28.3714,209
hourly,test,lstm_seq12_h32_l2_d0p2_lr0p001_bs64,4,0.1502,0.2474,27.636,28.4929,32.4395,209
hourly,test,lstm_seq12_h32_l2_d0p2_lr0p001_bs64,5,0.1452,0.2468,28.4994,27.6678,32.2961,209
hourly,test,lstm_seq12_h32_l2_d0p2_lr0p001_bs64,6,0.2264,0.2985,40.6996,33.0441,34.7242,209
hourly,test,lstm_seq12_h32_l2_d0p2_lr0p001_bs64,7,0.4325,0.5606,48.0194,36.8651,32.8433,209
hourly,test,lstm_seq12_h32_l2_d0p2_lr0p001_bs64,8,0.3131,0.4231,36.5834,28.0626,24.9416,209
hourly,test,lstm_seq12_h32_l2_d0p2_lr0p001_bs64,9,0.3301,0.4614,38.752,30.2488,27.5274,209
hourly,test,lstm_seq12_h32_l2_d0p2_lr0p001_bs64,10,0.375,0.5201,45.1889,35.2046,32.9065,209
hourly,test,lstm_seq12_h32_l2_d0p2_lr0p001_bs64,11,0.3781,0.5256,43.6135,36.2025,33.1924,209
hourly,test,lstm_seq12_h32_l2_d0p2_lr0p001_bs64,12,0.4007,0.5756,43.7548,37.3961,36.2699,211
hourly,test,lstm_seq12_h32_l2_d0p2_lr0p001_bs64,13,0.3422,0.4581,39.3389,34.8992,32.8615,211
hourly,test,lstm_seq12_h32_l2_d0p2_lr0p001_bs64,14,0.3669,0.5171,45.7668,38.3576,37.3416,211
hourly,test,lstm_seq12_h32_l2_d0p2_lr0p001_bs64,15,0.325,0.4729,40.6326,35.1272,35.8099,212
hourly,test,lstm_seq12_h32_l2_d0p2_lr0p001_bs64,16,0.3146,0.4278,47.4942,38.407,38.3298,212
hourly,test,lstm_seq12_h32_l2_d0p2_lr0p001_bs64,17,0.3586,0.5099,48.2593,40.5713,40.5712,212
hourly,test,lstm_seq12_h32_l2_d0p2_lr0p001_bs64,18,0.4431,0.6466,53.2875,42.2284,41.36,212
hourly,test,lstm_seq12_h32_l2_d0p2_lr0p001_bs64,19,0.4871,0.6405,60.6436,41.2313,37.6171,212
hourly,test,lstm_seq12_h32_l2_d0p2_lr0p001_bs64,20,0.4596,0.6092,50.6824,34.9771,31.2386,212
hourly,test,lstm_seq12_h32_l2_d0p2_lr0p001_bs64,21,0.5153,0.6678,47.6167,37.3376,33.9798,212
hourly,test,lstm_seq12_h32_l2_d0p2_lr0p001_bs64,22,0.4247,0.5595,43.2127,35.3151,35.1435,212
hourly,test,lstm_seq12_h32_l2_d0p2_lr0p001_bs64,23,0.3408,0.5055,43.7896,37.6597,40.133,212
summary,validation,lstm_seq12_h32_l2_d0p2_lr0p0005_bs64,,0.3781,0.543,39.1361,32.106,30.2424,5048
hourly,validation,lstm_seq12_h32_l2_d0p2_lr0p0005_bs64,0,0.2316,0.3366,38.3803,33.0308,36.6223,209
hourly,validation,lstm_seq12_h32_l2_d0p2_lr0p0005_bs64,1,0.1759,0.2935,29.9267,27.8335,33.0866,209
hourly,validation,lstm_seq12_h32_l2_d0p2_lr0p0005_bs64,2,0.1391,0.2415,24.4317,24.0894,29.0215,209
hourly,validation,lstm_seq12_h32_l2_d0p2_lr0p0005_bs64,3,0.1278,0.2014,27.7635,25.0563,29.5245,209
hourly,validation,lstm_seq12_h32_l2_d0p2_lr0p0005_bs64,4,0.123,0.2009,27.7195,25.5512,29.8545,209
hourly,validation,lstm_seq12_h32_l2_d0p2_lr0p0005_bs64,5,0.165,0.2224,38.2762,33.9958,37.5882,209
hourly,validation,lstm_seq12_h32_l2_d0p2_lr0p0005_bs64,6,0.3103,0.4055,45.4037,35.7905,37.6033,209
hourly,validation,lstm_seq12_h32_l2_d0p2_lr0p0005_bs64,7,0.5216,0.6466,47.9523,36.1934,29.4614,210
hourly,validation,lstm_seq12_h32_l2_d0p2_lr0p0005_bs64,8,0.3889,0.505,33.9657,26.7218,23.5891,210
hourly,validation,lstm_seq12_h32_l2_d0p2_lr0p0005_bs64,9,0.3436,0.4519,30.9929,24.9245,22.1484,210
hourly,validation,lstm_seq12_h32_l2_d0p2_lr0p0005_bs64,10,0.3539,0.4806,29.5609,25.2173,23.4083,210
hourly,validation,lstm_seq12_h32_l2_d0p2_lr0p0005_bs64,11,0.4205,0.6236,38.5307,30.3659,27.8466,210
hourly,validation,lstm_seq12_h32_l2_d0p2_lr0p0005_bs64,12,0.4315,0.6163,41.5853,32.3225,29.5915,212
hourly,validation,lstm_seq12_h32_l2_d0p2_lr0p0005_bs64,13,0.417,0.5633,43.8453,35.5634,30.7289,212
hourly,validation,lstm_seq12_h32_l2_d0p2_lr0p0005_bs64,14,0.4384,0.6152,47.0832,37.201,34.9657,212
hourly,validation,lstm_seq12_h32_l2_d0p2_lr0p0005_bs64,15,0.4349,0.6366,47.236,37.6782,36.5845,211
hourly,validation,lstm_seq12_h32_l2_d0p2_lr0p0005_bs64,16,0.4017,0.5729,43.8892,36.7099,34.3265,211
hourly,validation,lstm_seq12_h32_l2_d0p2_lr0p0005_bs64,17,0.4742,0.6827,44.6844,36.8243,35.7053,211
hourly,validation,lstm_seq12_h32_l2_d0p2_lr0p0005_bs64,18,0.5314,0.6976,46.4182,36.3361,32.5389,211
hourly,validation,lstm_seq12_h32_l2_d0p2_lr0p0005_bs64,19,0.6196,0.7623,38.9995,32.2211,29.7891,211
hourly,validation,lstm_seq12_h32_l2_d0p2_lr0p0005_bs64,20,0.6179,0.7811,37.8384,30.3198,26.9725,211
hourly,validation,lstm_seq12_h32_l2_d0p2_lr0p0005_bs64,21,0.526,0.6757,33.9198,28.4943,25.5269,211
hourly,validation,lstm_seq12_h32_l2_d0p2_lr0p0005_bs64,22,0.4783,0.5946,42.5516,34.8171,31.71,211
hourly,validation,lstm_seq12_h32_l2_d0p2_lr0p0005_bs64,23,0.3885,0.4989,57.7714,42.9793,43.7052,211
summary,test,lstm_seq12_h32_l2_d0p2_lr0p0005_bs64,,0.331,0.4797,43.0519,35.0495,34.5253,5049
hourly,test,lstm_seq12_h32_l2_d0p2_lr0p0005_bs64,0,0.2464,0.3941,38.4416,33.5338,37.3473,209
hourly,test,lstm_seq12_h32_l2_d0p2_lr0p0005_bs64,1,0.192,0.3121,29.4894,29.835,33.797,209
hourly,test,lstm_seq12_h32_l2_d0p2_lr0p0005_bs64,2,0.1683,0.2773,27.2545,28.5119,31.9177,209
hourly,test,lstm_seq12_h32_l2_d0p2_lr0p0005_bs64,3,0.1386,0.2356,27.017,25.7541,29.7801,209
hourly,test,lstm_seq12_h32_l2_d0p2_lr0p0005_bs64,4,0.1522,0.2479,29.4598,28.9068,32.8699,209
hourly,test,lstm_seq12_h32_l2_d0p2_lr0p0005_bs64,5,0.1591,0.2582,33.5498,30.0353,35.3791,209
hourly,test,lstm_seq12_h32_l2_d0p2_lr0p0005_bs64,6,0.2511,0.3242,45.2066,35.8724,38.514,209
hourly,test,lstm_seq12_h32_l2_d0p2_lr0p0005_bs64,7,0.4396,0.5591,52.8078,38.4855,33.3878,209
hourly,test,lstm_seq12_h32_l2_d0p2_lr0p0005_bs64,8,0.3271,0.4273,40.192,29.8198,26.0583,209
hourly,test,lstm_seq12_h32_l2_d0p2_lr0p0005_bs64,9,0.3392,0.4643,41.0038,31.7544,28.2884,209
hourly,test,lstm_seq12_h32_l2_d0p2_lr0p0005_bs64,10,0.3788,0.5201,47.8345,36.29,33.2431,209
hourly,test,lstm_seq12_h32_l2_d0p2_lr0p0005_bs64,11,0.3733,0.5215,43.8627,35.8149,32.7669,209
hourly,test,lstm_seq12_h32_l2_d0p2_lr0p0005_bs64,12,0.4038,0.5726,44.4629,37.7103,36.5436,211
hourly,test,lstm_seq12_h32_l2_d0p2_lr0p0005_bs64,13,0.3461,0.4607,40.7799,35.591,33.2296,211
hourly,test,lstm_seq12_h32_l2_d0p2_lr0p0005_bs64,14,0.367,0.5136,47.2787,38.8284,37.3561,211
hourly,test,lstm_seq12_h32_l2_d0p2_lr0p0005_bs64,15,0.3288,0.4728,42.696,35.7702,36.2349,212
hourly,test,lstm_seq12_h32_l2_d0p2_lr0p0005_bs64,16,0.3176,0.4249,49.8454,38.8653,38.6924,212
hourly,test,lstm_seq12_h32_l2_d0p2_lr0p0005_bs64,17,0.3558,0.5069,49.0649,40.1337,40.2508,212
hourly,test,lstm_seq12_h32_l2_d0p2_lr0p0005_bs64,18,0.4417,0.6518,52.3808,41.4713,41.228,212
hourly,test,lstm_seq12_h32_l2_d0p2_lr0p0005_bs64,19,0.4771,0.6315,61.2459,40.4495,36.8425,212
hourly,test,lstm_seq12_h32_l2_d0p2_lr0p0005_bs64,20,0.4491,0.5936,48.899,34.7498,30.5248,212
hourly,test,lstm_seq12_h32_l2_d0p2_lr0p0005_bs64,21,0.5134,0.668,47.0041,37.669,33.8517,212
hourly,test,lstm_seq12_h32_l2_d0p2_lr0p0005_bs64,22,0.413,0.5492,42.6888,34.8056,34.1744,212
hourly,test,lstm_seq12_h32_l2_d0p2_lr0p0005_bs64,23,0.3545,0.5005,49.9398,40.0532,41.747,212
summary,validation,lstm_seq12_h32_l2_d0p3_lr0p001_bs64,,0.373,0.5407,37.0766,31.3091,29.8394,5048
hourly,validation,lstm_seq12_h32_l2_d0p3_lr0p001_bs64,0,0.2199,0.3391,33.9647,30.8331,34.779,209
hourly,validation,lstm_seq12_h32_l2_d0p3_lr0p001_bs64,1,0.1689,0.2929,27.1503,26.2762,31.7819,209
hourly,validation,lstm_seq12_h32_l2_d0p3_lr0p001_bs64,2,0.1394,0.2397,24.7672,24.3201,29.0779,209
hourly,validation,lstm_seq12_h32_l2_d0p3_lr0p001_bs64,3,0.1248,0.1986,27.1348,24.8165,28.8155,209
hourly,validation,lstm_seq12_h32_l2_d0p3_lr0p001_bs64,4,0.1131,0.2029,23.7759,23.433,27.4657,209
hourly,validation,lstm_seq12_h32_l2_d0p3_lr0p001_bs64,5,0.1432,0.2136,29.7741,29.5417,32.6258,209
hourly,validation,lstm_seq12_h32_l2_d0p3_lr0p001_bs64,6,0.2913,0.3809,41.6964,34.3573,35.3006,209
hourly,validation,lstm_seq12_h32_l2_d0p3_lr0p001_bs64,7,0.5035,0.6361,43.7781,34.2462,28.4372,210
hourly,validation,lstm_seq12_h32_l2_d0p3_lr0p001_bs64,8,0.3783,0.4985,30.9889,25.8964,22.9463,210
hourly,validation,lstm_seq12_h32_l2_d0p3_lr0p001_bs64,9,0.3396,0.4486,29.7129,24.5441,21.8907,210
hourly,validation,lstm_seq12_h32_l2_d0p3_lr0p001_bs64,10,0.3628,0.4812,29.4701,25.9328,23.9977,210
hourly,validation,lstm_seq12_h32_l2_d0p3_lr0p001_bs64,11,0.4313,0.6268,38.0155,31.0881,28.5671,210
hourly,validation,lstm_seq12_h32_l2_d0p3_lr0p001_bs64,12,0.4272,0.613,40.1414,31.5063,29.2938,212
hourly,validation,lstm_seq12_h32_l2_d0p3_lr0p001_bs64,13,0.4205,0.5684,42.6175,35.435,30.9867,212
hourly,validation,lstm_seq12_h32_l2_d0p3_lr0p001_bs64,14,0.43,0.6058,44.7935,36.5214,34.2958,212
hourly,validation,lstm_seq12_h32_l2_d0p3_lr0p001_bs64,15,0.4347,0.6391,45.1797,37.4289,36.5736,211
hourly,validation,lstm_seq12_h32_l2_d0p3_lr0p001_bs64,16,0.4022,0.5795,41.2916,36.361,34.3656,211
hourly,validation,lstm_seq12_h32_l2_d0p3_lr0p001_bs64,17,0.4723,0.683,41.8328,36.308,35.5609,211
hourly,validation,lstm_seq12_h32_l2_d0p3_lr0p001_bs64,18,0.533,0.695,47.0252,36.4368,32.6379,211
hourly,validation,lstm_seq12_h32_l2_d0p3_lr0p001_bs64,19,0.6284,0.7741,40.4227,32.4989,30.209,211
hourly,validation,lstm_seq12_h32_l2_d0p3_lr0p001_bs64,20,0.6136,0.7718,37.8375,29.8877,26.7862,211
hourly,validation,lstm_seq12_h32_l2_d0p3_lr0p001_bs64,21,0.5154,0.6712,33.2154,28.1021,25.0096,211
hourly,validation,lstm_seq12_h32_l2_d0p3_lr0p001_bs64,22,0.4789,0.5962,42.7735,34.925,31.7479,211
hourly,validation,lstm_seq12_h32_l2_d0p3_lr0p001_bs64,23,0.3671,0.4825,51.8528,40.363,41.2943,211
summary,test,lstm_seq12_h32_l2_d0p3_lr0p001_bs64,,0.3274,0.4833,40.4246,34.2106,34.1518,5049
hourly,test,lstm_seq12_h32_l2_d0p3_lr0p001_bs64,0,0.2407,0.4061,34.1465,32.2257,36.492,209
hourly,test,lstm_seq12_h32_l2_d0p3_lr0p001_bs64,1,0.1901,0.3206,27.3829,29.1832,33.4592,209
hourly,test,lstm_seq12_h32_l2_d0p3_lr0p001_bs64,2,0.1647,0.2702,26.1552,28.2886,31.233,209
hourly,test,lstm_seq12_h32_l2_d0p3_lr0p001_bs64,3,0.1284,0.2264,23.6822,24.0771,27.5945,209
hourly,test,lstm_seq12_h32_l2_d0p3_lr0p001_bs64,4,0.1488,0.253,26.0071,28.2302,32.1399,209
hourly,test,lstm_seq12_h32_l2_d0p3_lr0p001_bs64,5,0.1445,0.2491,27.3911,27.6309,32.1292,209
hourly,test,lstm_seq12_h32_l2_d0p3_lr0p001_bs64,6,0.2201,0.2944,39.3631,32.4189,33.7516,209
hourly,test,lstm_seq12_h32_l2_d0p3_lr0p001_bs64,7,0.4337,0.5603,47.0235,37.2874,32.9388,209
hourly,test,lstm_seq12_h32_l2_d0p3_lr0p001_bs64,8,0.3031,0.4162,34.6948,27.4487,24.147,209
hourly,test,lstm_seq12_h32_l2_d0p3_lr0p001_bs64,9,0.3355,0.4649,38.0629,30.8337,27.9836,209
hourly,test,lstm_seq12_h32_l2_d0p3_lr0p001_bs64,10,0.3725,0.521,42.9728,34.6711,32.6907,209
hourly,test,lstm_seq12_h32_l2_d0p3_lr0p001_bs64,11,0.3786,0.5286,42.2629,36.0856,33.2326,209
hourly,test,lstm_seq12_h32_l2_d0p3_lr0p001_bs64,12,0.4014,0.5753,43.1647,37.4749,36.329,211
hourly,test,lstm_seq12_h32_l2_d0p3_lr0p001_bs64,13,0.349,0.4665,39.3786,35.4872,33.5138,211
hourly,test,lstm_seq12_h32_l2_d0p3_lr0p001_bs64,14,0.3692,0.5191,45.1082,38.498,37.5787,211
hourly,test,lstm_seq12_h32_l2_d0p3_lr0p001_bs64,15,0.3268,0.4752,40.3417,35.0952,36.0079,212
hourly,test,lstm_seq12_h32_l2_d0p3_lr0p001_bs64,16,0.3157,0.4321,46.3442,38.1275,38.4603,212
hourly,test,lstm_seq12_h32_l2_d0p3_lr0p001_bs64,17,0.3529,0.5145,45.4761,39.3922,39.9287,212
hourly,test,lstm_seq12_h32_l2_d0p3_lr0p001_bs64,18,0.4441,0.6533,52.5488,41.9623,41.452,212
hourly,test,lstm_seq12_h32_l2_d0p3_lr0p001_bs64,19,0.4995,0.6511,64.2494,41.7599,38.5786,212
hourly,test,lstm_seq12_h32_l2_d0p3_lr0p001_bs64,20,0.4528,0.6054,50.7264,34.4331,30.7775,212
hourly,test,lstm_seq12_h32_l2_d0p3_lr0p001_bs64,21,0.5169,0.6723,47.8079,37.6982,34.0839,212
hourly,test,lstm_seq12_h32_l2_d0p3_lr0p001_bs64,22,0.4198,0.5588,42.2386,35.1207,34.7366,212
hourly,test,lstm_seq12_h32_l2_d0p3_lr0p001_bs64,23,0.3378,0.5064,42.6156,37.07,39.7812,212
summary,validation,lstm_seq12_h32_l2_d0p3_lr0p0005_bs64,,0.3768,0.5424,38.8162,31.9405,30.1429,5048
hourly,validation,lstm_seq12_h32_l2_d0p3_lr0p0005_bs64,0,0.2314,0.3363,38.3986,32.9803,36.5844,209
hourly,validation,lstm_seq12_h32_l2_d0p3_lr0p0005_bs64,1,0.1752,0.2982,28.7516,27.6375,32.9551,209
hourly,validation,lstm_seq12_h32_l2_d0p3_lr0p0005_bs64,2,0.1403,0.2412,24.762,24.4133,29.2654,209
hourly,validation,lstm_seq12_h32_l2_d0p3_lr0p0005_bs64,3,0.127,0.2016,27.4463,24.853,29.3398,209
hourly,validation,lstm_seq12_h32_l2_d0p3_lr0p0005_bs64,4,0.1194,0.1986,26.4837,24.7889,28.9819,209
hourly,validation,lstm_seq12_h32_l2_d0p3_lr0p0005_bs64,5,0.1601,0.2192,36.455,32.9812,36.4746,209
hourly,validation,lstm_seq12_h32_l2_d0p3_lr0p0005_bs64,6,0.3081,0.402,44.7718,35.9104,37.342,209
hourly,validation,lstm_seq12_h32_l2_d0p3_lr0p0005_bs64,7,0.5153,0.6436,47.0207,35.6812,29.102,210
hourly,validation,lstm_seq12_h32_l2_d0p3_lr0p0005_bs64,8,0.3875,0.503,33.6647,26.5325,23.5026,210
hourly,validation,lstm_seq12_h32_l2_d0p3_lr0p0005_bs64,9,0.3409,0.4491,30.9037,24.7795,21.9785,210
hourly,validation,lstm_seq12_h32_l2_d0p3_lr0p0005_bs64,10,0.3546,0.4814,29.8691,25.2855,23.4548,210
hourly,validation,lstm_seq12_h32_l2_d0p3_lr0p0005_bs64,11,0.4223,0.6241,38.9983,30.4789,27.97,210
hourly,validation,lstm_seq12_h32_l2_d0p3_lr0p0005_bs64,12,0.4331,0.6161,42.0661,32.496,29.6963,212
hourly,validation,lstm_seq12_h32_l2_d0p3_lr0p0005_bs64,13,0.4186,0.5641,44.0915,35.6513,30.8431,212
hourly,validation,lstm_seq12_h32_l2_d0p3_lr0p0005_bs64,14,0.4398,0.6157,47.2026,37.2534,35.0799,212
hourly,validation,lstm_seq12_h32_l2_d0p3_lr0p0005_bs64,15,0.4345,0.6372,47.0422,37.5411,36.5511,211
hourly,validation,lstm_seq12_h32_l2_d0p3_lr0p0005_bs64,16,0.4008,0.5716,43.489,36.6016,34.2499,211
hourly,validation,lstm_seq12_h32_l2_d0p3_lr0p0005_bs64,17,0.4731,0.6843,43.7557,36.6152,35.6168,211
hourly,validation,lstm_seq12_h32_l2_d0p3_lr0p0005_bs64,18,0.5281,0.6966,45.6745,35.9989,32.3375,211
hourly,validation,lstm_seq12_h32_l2_d0p3_lr0p0005_bs64,19,0.618,0.7621,38.9875,32.201,29.7097,211
hourly,validation,lstm_seq12_h32_l2_d0p3_lr0p0005_bs64,20,0.6197,0.7811,37.9578,30.3535,27.0531,211
hourly,validation,lstm_seq12_h32_l2_d0p3_lr0p0005_bs64,21,0.5242,0.6742,33.9571,28.457,25.4401,211
hourly,validation,lstm_seq12_h32_l2_d0p3_lr0p0005_bs64,22,0.4751,0.5927,42.1014,34.4063,31.4974,211
hourly,validation,lstm_seq12_h32_l2_d0p3_lr0p0005_bs64,23,0.3837,0.4963,57.1688,42.3584,43.1663,211
summary,test,lstm_seq12_h32_l2_d0p3_lr0p0005_bs64,,0.3292,0.4794,42.3227,34.7903,34.3349,5049
hourly,test,lstm_seq12_h32_l2_d0p3_lr0p0005_bs64,0,0.2434,0.3946,37.2434,32.9028,36.9026,209
hourly,test,lstm_seq12_h32_l2_d0p3_lr0p0005_bs64,1,0.1929,0.317,28.6461,29.9299,33.947,209
hourly,test,lstm_seq12_h32_l2_d0p3_lr0p0005_bs64,2,0.1667,0.2761,26.729,28.3253,31.6008,209
hourly,test,lstm_seq12_h32_l2_d0p3_lr0p0005_bs64,3,0.1322,0.2313,25.1358,24.5626,28.4168,209
hourly,test,lstm_seq12_h32_l2_d0p3_lr0p0005_bs64,4,0.1499,0.2471,28.3068,28.4225,32.3905,209
hourly,test,lstm_seq12_h32_l2_d0p3_lr0p0005_bs64,5,0.1536,0.2539,31.7164,28.9878,34.1499,209
hourly,test,lstm_seq12_h32_l2_d0p3_lr0p0005_bs64,6,0.243,0.3166,43.4274,35.1024,37.2589,209
hourly,test,lstm_seq12_h32_l2_d0p3_lr0p0005_bs64,7,0.4345,0.5568,50.6904,37.5913,33.0,209
hourly,test,lstm_seq12_h32_l2_d0p3_lr0p0005_bs64,8,0.3251,0.4252,39.4027,29.4948,25.9012,209
hourly,test,lstm_seq12_h32_l2_d0p3_lr0p0005_bs64,9,0.3372,0.4639,40.5801,31.6696,28.12,209
hourly,test,lstm_seq12_h32_l2_d0p3_lr0p0005_bs64,10,0.3801,0.5226,48.0527,36.5133,33.3556,209
hourly,test,lstm_seq12_h32_l2_d0p3_lr0p0005_bs64,11,0.3737,0.5214,44.4058,36.0726,32.8058,209
hourly,test,lstm_seq12_h32_l2_d0p3_lr0p0005_bs64,12,0.4037,0.5703,44.8946,37.8536,36.5355,211
hourly,test,lstm_seq12_h32_l2_d0p3_lr0p0005_bs64,13,0.348,0.4629,41.0368,35.8234,33.4162,211
hourly,test,lstm_seq12_h32_l2_d0p3_lr0p0005_bs64,14,0.3666,0.5136,46.5583,38.6513,37.3142,211
hourly,test,lstm_seq12_h32_l2_d0p3_lr0p0005_bs64,15,0.3296,0.4759,42.2748,35.6851,36.3131,212
hourly,test,lstm_seq12_h32_l2_d0p3_lr0p0005_bs64,16,0.3174,0.4262,48.9714,38.6217,38.6616,212
hourly,test,lstm_seq12_h32_l2_d0p3_lr0p0005_bs64,17,0.3543,0.5089,47.919,39.777,40.0808,212
hourly,test,lstm_seq12_h32_l2_d0p3_lr0p0005_bs64,18,0.4365,0.6481,51.2227,40.9734,40.7427,212
hourly,test,lstm_seq12_h32_l2_d0p3_lr0p0005_bs64,19,0.4753,0.6296,61.3356,40.4948,36.7039,212
hourly,test,lstm_seq12_h32_l2_d0p3_lr0p0005_bs64,20,0.4508,0.5941,48.9008,34.9154,30.6441,212
hourly,test,lstm_seq12_h32_l2_d0p3_lr0p0005_bs64,21,0.5121,0.6686,46.4899,37.7472,33.7696,212
hourly,test,lstm_seq12_h32_l2_d0p3_lr0p0005_bs64,22,0.411,0.5498,41.9632,34.6435,34.0057,212
hourly,test,lstm_seq12_h32_l2_d0p3_lr0p0005_bs64,23,0.3521,0.5006,48.9689,39.7072,41.4631,212
summary,validation,lstm_seq12_h64_l1_d0p0_lr0p001_bs64,,0.3745,0.5432,38.7055,31.7686,29.9535,5048
hourly,validation,lstm_seq12_h64_l1_d0p0_lr0p001_bs64,0,0.2315,0.3271,42.4737,34.7964,36.6034,209
hourly,validation,lstm_seq12_h64_l1_d0p0_lr0p001_bs64,1,0.178,0.2863,33.4169,28.812,33.4841,209
hourly,validation,lstm_seq12_h64_l1_d0p0_lr0p001_bs64,2,0.144,0.2411,27.7335,24.9552,30.047,209
hourly,validation,lstm_seq12_h64_l1_d0p0_lr0p001_bs64,3,0.1261,0.212,26.8004,24.0842,29.1268,209
hourly,validation,lstm_seq12_h64_l1_d0p0_lr0p001_bs64,4,0.1207,0.2081,25.1879,25.5912,29.3012,209
hourly,validation,lstm_seq12_h64_l1_d0p0_lr0p001_bs64,5,0.1441,0.2295,27.813,29.2528,32.8158,209
hourly,validation,lstm_seq12_h64_l1_d0p0_lr0p001_bs64,6,0.2873,0.3844,36.6746,35.0911,34.8173,209
hourly,validation,lstm_seq12_h64_l1_d0p0_lr0p001_bs64,7,0.5261,0.6609,41.8897,34.5722,29.7123,210
hourly,validation,lstm_seq12_h64_l1_d0p0_lr0p001_bs64,8,0.3896,0.5098,32.029,26.7939,23.6304,210
hourly,validation,lstm_seq12_h64_l1_d0p0_lr0p001_bs64,9,0.3317,0.4445,29.5446,23.7809,21.3856,210
hourly,validation,lstm_seq12_h64_l1_d0p0_lr0p001_bs64,10,0.3517,0.4798,29.7906,24.7764,23.2618,210
hourly,validation,lstm_seq12_h64_l1_d0p0_lr0p001_bs64,11,0.4104,0.6205,39.3524,29.7179,27.1795,210
hourly,validation,lstm_seq12_h64_l1_d0p0_lr0p001_bs64,12,0.4264,0.6117,43.0098,31.7033,29.2398,212
hourly,validation,lstm_seq12_h64_l1_d0p0_lr0p001_bs64,13,0.4113,0.5566,47.3037,35.5529,30.3099,212
hourly,validation,lstm_seq12_h64_l1_d0p0_lr0p001_bs64,14,0.434,0.6098,51.1153,37.1726,34.6133,212
hourly,validation,lstm_seq12_h64_l1_d0p0_lr0p001_bs64,15,0.4409,0.6408,50.8188,38.5173,37.0972,211
hourly,validation,lstm_seq12_h64_l1_d0p0_lr0p001_bs64,16,0.3978,0.5683,42.1081,35.7863,33.9911,211
hourly,validation,lstm_seq12_h64_l1_d0p0_lr0p001_bs64,17,0.4618,0.6848,40.5616,35.9646,34.7678,211
hourly,validation,lstm_seq12_h64_l1_d0p0_lr0p001_bs64,18,0.5326,0.7082,43.8052,36.1327,32.6164,211
hourly,validation,lstm_seq12_h64_l1_d0p0_lr0p001_bs64,19,0.6235,0.7781,37.3747,32.6531,29.9776,211
hourly,validation,lstm_seq12_h64_l1_d0p0_lr0p001_bs64,20,0.6308,0.8029,37.2532,30.6984,27.538,211
hourly,validation,lstm_seq12_h64_l1_d0p0_lr0p001_bs64,21,0.5044,0.6422,33.7739,27.1886,24.4762,211
hourly,validation,lstm_seq12_h64_l1_d0p0_lr0p001_bs64,22,0.4772,0.5962,46.4049,34.7301,31.6361,211
hourly,validation,lstm_seq12_h64_l1_d0p0_lr0p001_bs64,23,0.3918,0.4928,61.9962,43.801,44.083,211
summary,test,lstm_seq12_h64_l1_d0p0_lr0p001_bs64,,0.3311,0.48,42.3344,35.2337,34.5344,5049
hourly,test,lstm_seq12_h64_l1_d0p0_lr0p001_bs64,0,0.2477,0.4044,36.9668,33.6354,37.5556,209
hourly,test,lstm_seq12_h64_l1_d0p0_lr0p001_bs64,1,0.187,0.3078,29.0164,29.0667,32.9084,209
hourly,test,lstm_seq12_h64_l1_d0p0_lr0p001_bs64,2,0.1693,0.2751,27.8296,28.7024,32.1006,209
hourly,test,lstm_seq12_h64_l1_d0p0_lr0p001_bs64,3,0.134,0.24,24.2702,24.628,28.8024,209
hourly,test,lstm_seq12_h64_l1_d0p0_lr0p001_bs64,4,0.1525,0.2584,27.2622,29.1269,32.9555,209
hourly,test,lstm_seq12_h64_l1_d0p0_lr0p001_bs64,5,0.1473,0.2622,26.9809,28.1311,32.7425,209
hourly,test,lstm_seq12_h64_l1_d0p0_lr0p001_bs64,6,0.2152,0.2869,35.7857,32.6851,33.0052,209
hourly,test,lstm_seq12_h64_l1_d0p0_lr0p001_bs64,7,0.4649,0.5832,49.4204,39.7181,35.3046,209
hourly,test,lstm_seq12_h64_l1_d0p0_lr0p001_bs64,8,0.3201,0.4296,36.2885,28.5938,25.5026,209
hourly,test,lstm_seq12_h64_l1_d0p0_lr0p001_bs64,9,0.3468,0.4721,41.4203,32.6102,28.9208,209
hourly,test,lstm_seq12_h64_l1_d0p0_lr0p001_bs64,10,0.3782,0.5136,48.3855,36.854,33.1912,209
hourly,test,lstm_seq12_h64_l1_d0p0_lr0p001_bs64,11,0.3743,0.5265,44.7742,35.9188,32.8569,209
hourly,test,lstm_seq12_h64_l1_d0p0_lr0p001_bs64,12,0.4095,0.5725,47.548,39.0893,37.0594,211
hourly,test,lstm_seq12_h64_l1_d0p0_lr0p001_bs64,13,0.35,0.4627,43.2889,35.9448,33.6043,211
hourly,test,lstm_seq12_h64_l1_d0p0_lr0p001_bs64,14,0.3733,0.5118,50.829,40.2905,37.9932,211
hourly,test,lstm_seq12_h64_l1_d0p0_lr0p001_bs64,15,0.3446,0.4768,46.3917,38.055,37.9665,212
hourly,test,lstm_seq12_h64_l1_d0p0_lr0p001_bs64,16,0.3285,0.4279,51.5844,40.8188,40.0139,212
hourly,test,lstm_seq12_h64_l1_d0p0_lr0p001_bs64,17,0.3495,0.4958,46.5823,39.695,39.5408,212
hourly,test,lstm_seq12_h64_l1_d0p0_lr0p001_bs64,18,0.4271,0.6363,49.5602,40.6044,39.8727,212
hourly,test,lstm_seq12_h64_l1_d0p0_lr0p001_bs64,19,0.4463,0.6061,56.6278,39.0683,34.4698,212
hourly,test,lstm_seq12_h64_l1_d0p0_lr0p001_bs64,20,0.4544,0.5884,49.5659,35.7205,30.8857,212
hourly,test,lstm_seq12_h64_l1_d0p0_lr0p001_bs64,21,0.5148,0.6627,49.4784,38.4445,33.9494,212
hourly,test,lstm_seq12_h64_l1_d0p0_lr0p001_bs64,22,0.4383,0.5779,46.2732,36.87,36.2689,212
hourly,test,lstm_seq12_h64_l1_d0p0_lr0p001_bs64,23,0.3616,0.5184,48.8381,40.7716,42.5851,212
summary,validation,lstm_seq12_h64_l1_d0p0_lr0p0005_bs64,,0.3779,0.542,40.6525,32.2267,30.2274,5048
hourly,validation,lstm_seq12_h64_l1_d0p0_lr0p0005_bs64,0,0.235,0.3297,45.0151,35.3936,37.1619,209
hourly,validation,lstm_seq12_h64_l1_d0p0_lr0p0005_bs64,1,0.1799,0.2913,33.1685,28.9117,33.8398,209
hourly,validation,lstm_seq12_h64_l1_d0p0_lr0p0005_bs64,2,0.1465,0.2451,28.346,25.3501,30.552,209
hourly,validation,lstm_seq12_h64_l1_d0p0_lr0p0005_bs64,3,0.1347,0.215,29.9687,26.157,31.1178,209
hourly,validation,lstm_seq12_h64_l1_d0p0_lr0p0005_bs64,4,0.1195,0.1998,26.5759,24.7803,29.0188,209
hourly,validation,lstm_seq12_h64_l1_d0p0_lr0p0005_bs64,5,0.1615,0.2229,36.8422,32.9608,36.7827,209
hourly,validation,lstm_seq12_h64_l1_d0p0_lr0p0005_bs64,6,0.2969,0.3841,43.1431,35.3841,35.9833,209
hourly,validation,lstm_seq12_h64_l1_d0p0_lr0p0005_bs64,7,0.5067,0.6303,47.592,35.4151,28.617,210
hourly,validation,lstm_seq12_h64_l1_d0p0_lr0p0005_bs64,8,0.3996,0.513,35.6998,27.2882,24.2339,210
hourly,validation,lstm_seq12_h64_l1_d0p0_lr0p0005_bs64,9,0.3244,0.4323,30.5483,23.4222,20.9138,210
hourly,validation,lstm_seq12_h64_l1_d0p0_lr0p0005_bs64,10,0.3508,0.4739,30.2542,24.8049,23.2051,210
hourly,validation,lstm_seq12_h64_l1_d0p0_lr0p0005_bs64,11,0.4114,0.6227,40.4385,29.8062,27.2462,210
hourly,validation,lstm_seq12_h64_l1_d0p0_lr0p0005_bs64,12,0.4286,0.6149,43.7172,32.0606,29.3915,212
hourly,validation,lstm_seq12_h64_l1_d0p0_lr0p0005_bs64,13,0.4161,0.5623,47.8132,36.0465,30.6576,212
hourly,validation,lstm_seq12_h64_l1_d0p0_lr0p0005_bs64,14,0.424,0.5975,50.1514,36.8864,33.8123,212
hourly,validation,lstm_seq12_h64_l1_d0p0_lr0p0005_bs64,15,0.4361,0.6314,49.6093,38.2699,36.6872,211
hourly,validation,lstm_seq12_h64_l1_d0p0_lr0p0005_bs64,16,0.3968,0.574,42.9462,36.0527,33.9074,211
hourly,validation,lstm_seq12_h64_l1_d0p0_lr0p0005_bs64,17,0.4634,0.6631,44.5892,36.5543,34.8874,211
hourly,validation,lstm_seq12_h64_l1_d0p0_lr0p0005_bs64,18,0.5317,0.6878,47.1473,36.1498,32.5617,211
hourly,validation,lstm_seq12_h64_l1_d0p0_lr0p0005_bs64,19,0.6492,0.7964,40.243,33.454,31.2105,211
hourly,validation,lstm_seq12_h64_l1_d0p0_lr0p0005_bs64,20,0.6443,0.8074,39.5551,31.4311,28.1254,211
hourly,validation,lstm_seq12_h64_l1_d0p0_lr0p0005_bs64,21,0.5252,0.6715,35.4211,28.3616,25.4869,211
hourly,validation,lstm_seq12_h64_l1_d0p0_lr0p0005_bs64,22,0.4843,0.6044,45.1195,35.0125,32.1031,211
hourly,validation,lstm_seq12_h64_l1_d0p0_lr0p0005_bs64,23,0.3897,0.4942,61.1785,43.1929,43.8383,211
summary,test,lstm_seq12_h64_l1_d0p0_lr0p0005_bs64,,0.3323,0.4773,43.8954,35.6432,34.658,5049
hourly,test,lstm_seq12_h64_l1_d0p0_lr0p0005_bs64,0,0.2529,0.4057,39.3833,35.1947,38.3336,209
hourly,test,lstm_seq12_h64_l1_d0p0_lr0p0005_bs64,1,0.19,0.3102,29.2015,30.1529,33.4427,209
hourly,test,lstm_seq12_h64_l1_d0p0_lr0p0005_bs64,2,0.1717,0.2771,28.2244,29.4043,32.5497,209
hourly,test,lstm_seq12_h64_l1_d0p0_lr0p0005_bs64,3,0.1424,0.245,26.8804,26.4955,30.6053,209
hourly,test,lstm_seq12_h64_l1_d0p0_lr0p0005_bs64,4,0.1527,0.2558,28.6816,28.5057,32.9959,209
hourly,test,lstm_seq12_h64_l1_d0p0_lr0p0005_bs64,5,0.1553,0.2566,32.6724,29.5241,34.5425,209
hourly,test,lstm_seq12_h64_l1_d0p0_lr0p0005_bs64,6,0.228,0.2962,43.0046,34.4721,34.9697,209
hourly,test,lstm_seq12_h64_l1_d0p0_lr0p0005_bs64,7,0.4529,0.566,53.2659,39.7794,34.3996,209
hourly,test,lstm_seq12_h64_l1_d0p0_lr0p0005_bs64,8,0.3273,0.4298,40.4366,29.956,26.0738,209
hourly,test,lstm_seq12_h64_l1_d0p0_lr0p0005_bs64,9,0.3459,0.4687,43.9677,32.9065,28.8437,209
hourly,test,lstm_seq12_h64_l1_d0p0_lr0p0005_bs64,10,0.3806,0.5114,51.093,37.5262,33.4032,209
hourly,test,lstm_seq12_h64_l1_d0p0_lr0p0005_bs64,11,0.3741,0.5232,47.1032,36.5121,32.8393,209
hourly,test,lstm_seq12_h64_l1_d0p0_lr0p0005_bs64,12,0.4074,0.5715,47.7854,38.9482,36.8737,211
hourly,test,lstm_seq12_h64_l1_d0p0_lr0p0005_bs64,13,0.3513,0.4635,43.3661,36.2136,33.7359,211
hourly,test,lstm_seq12_h64_l1_d0p0_lr0p0005_bs64,14,0.3728,0.5115,50.6457,40.05,37.9446,211
hourly,test,lstm_seq12_h64_l1_d0p0_lr0p0005_bs64,15,0.3461,0.4763,46.4539,38.3104,38.1411,212
hourly,test,lstm_seq12_h64_l1_d0p0_lr0p0005_bs64,16,0.3244,0.4252,51.6015,40.3107,39.521,212
hourly,test,lstm_seq12_h64_l1_d0p0_lr0p0005_bs64,17,0.3642,0.5019,50.7548,41.626,41.2062,212
hourly,test,lstm_seq12_h64_l1_d0p0_lr0p0005_bs64,18,0.4306,0.629,52.9005,41.4686,40.1931,212
hourly,test,lstm_seq12_h64_l1_d0p0_lr0p0005_bs64,19,0.4657,0.6162,60.0331,40.3064,35.9666,212
hourly,test,lstm_seq12_h64_l1_d0p0_lr0p0005_bs64,20,0.4553,0.5899,49.3518,35.374,30.9461,212
hourly,test,lstm_seq12_h64_l1_d0p0_lr0p0005_bs64,21,0.503,0.6525,46.1609,37.1044,33.1717,212
hourly,test,lstm_seq12_h64_l1_d0p0_lr0p0005_bs64,22,0.418,0.5559,42.5284,35.5817,34.5864,212
hourly,test,lstm_seq12_h64_l1_d0p0_lr0p0005_bs64,23,0.3511,0.5086,47.1515,39.2253,41.3465,212
summary,validation,lstm_seq12_h64_l2_d0p0_lr0p001_bs64,,0.3784,0.5469,39.241,32.1601,30.272,5048
hourly,validation,lstm_seq12_h64_l2_d0p0_lr0p001_bs64,0,0.2466,0.3355,49.5308,36.9573,38.9924,209
hourly,validation,lstm_seq12_h64_l2_d0p0_lr0p001_bs64,1,0.1721,0.2844,32.9257,27.7123,32.3721,209
hourly,validation,lstm_seq12_h64_l2_d0p0_lr0p001_bs64,2,0.1426,0.2465,26.999,24.1679,29.7384,209
hourly,validation,lstm_seq12_h64_l2_d0p0_lr0p001_bs64,3,0.1175,0.2016,24.3325,22.416,27.1394,209
hourly,validation,lstm_seq12_h64_l2_d0p0_lr0p001_bs64,4,0.1145,0.1971,24.3897,23.6867,27.8052,209
hourly,validation,lstm_seq12_h64_l2_d0p0_lr0p001_bs64,5,0.1629,0.2176,37.8166,33.7376,37.1126,209
hourly,validation,lstm_seq12_h64_l2_d0p0_lr0p001_bs64,6,0.3127,0.4155,44.7227,36.1828,37.89,209
hourly,validation,lstm_seq12_h64_l2_d0p0_lr0p001_bs64,7,0.533,0.6716,42.4379,35.869,30.1037,210
hourly,validation,lstm_seq12_h64_l2_d0p0_lr0p001_bs64,8,0.4016,0.5378,31.3575,27.5325,24.3597,210
hourly,validation,lstm_seq12_h64_l2_d0p0_lr0p001_bs64,9,0.3551,0.4653,28.8435,25.5921,22.8921,210
hourly,validation,lstm_seq12_h64_l2_d0p0_lr0p001_bs64,10,0.3599,0.4928,28.2631,25.1069,23.8079,210
hourly,validation,lstm_seq12_h64_l2_d0p0_lr0p001_bs64,11,0.4131,0.6277,37.6412,29.7851,27.3618,210
hourly,validation,lstm_seq12_h64_l2_d0p0_lr0p001_bs64,12,0.4234,0.6181,40.7964,31.6686,29.0297,212
hourly,validation,lstm_seq12_h64_l2_d0p0_lr0p001_bs64,13,0.4133,0.5601,43.6248,35.3745,30.4503,212
hourly,validation,lstm_seq12_h64_l2_d0p0_lr0p001_bs64,14,0.4352,0.6072,47.2064,37.2805,34.7064,212
hourly,validation,lstm_seq12_h64_l2_d0p0_lr0p001_bs64,15,0.4413,0.6355,47.9123,38.6445,37.1236,211
hourly,validation,lstm_seq12_h64_l2_d0p0_lr0p001_bs64,16,0.3936,0.5525,42.9418,36.4052,33.6319,211
hourly,validation,lstm_seq12_h64_l2_d0p0_lr0p001_bs64,17,0.4798,0.6972,45.7041,37.9673,36.1274,211
hourly,validation,lstm_seq12_h64_l2_d0p0_lr0p001_bs64,18,0.516,0.7083,43.6192,35.3237,31.5952,211
hourly,validation,lstm_seq12_h64_l2_d0p0_lr0p001_bs64,19,0.619,0.7767,36.4159,32.628,29.7615,211
hourly,validation,lstm_seq12_h64_l2_d0p0_lr0p001_bs64,20,0.6351,0.7954,38.3169,30.9002,27.723,211
hourly,validation,lstm_seq12_h64_l2_d0p0_lr0p001_bs64,21,0.5201,0.6583,35.999,28.2791,25.2366,211
hourly,validation,lstm_seq12_h64_l2_d0p0_lr0p001_bs64,22,0.4717,0.5855,46.163,34.7409,31.2706,211
hourly,validation,lstm_seq12_h64_l2_d0p0_lr0p001_bs64,23,0.3898,0.492,63.3057,43.575,43.8544,211
summary,test,lstm_seq12_h64_l2_d0p0_lr0p001_bs64,,0.3306,0.4788,42.8232,35.1678,34.4865,5049
hourly,test,lstm_seq12_h64_l2_d0p0_lr0p001_bs64,0,0.2593,0.3996,42.4885,35.6674,39.3024,209
hourly,test,lstm_seq12_h64_l2_d0p0_lr0p001_bs64,1,0.189,0.3097,29.1823,29.2345,33.2724,209
hourly,test,lstm_seq12_h64_l2_d0p0_lr0p001_bs64,2,0.1606,0.2647,25.9656,27.2171,30.4511,209
hourly,test,lstm_seq12_h64_l2_d0p0_lr0p001_bs64,3,0.1258,0.224,23.1633,23.4568,27.0331,209
hourly,test,lstm_seq12_h64_l2_d0p0_lr0p001_bs64,4,0.1516,0.2511,28.4227,28.6631,32.7551,209
hourly,test,lstm_seq12_h64_l2_d0p0_lr0p001_bs64,5,0.1541,0.2505,32.6137,29.7046,34.2719,209
hourly,test,lstm_seq12_h64_l2_d0p0_lr0p001_bs64,6,0.234,0.301,41.6484,34.3795,35.8819,209
hourly,test,lstm_seq12_h64_l2_d0p0_lr0p001_bs64,7,0.4545,0.5886,48.6277,38.7906,34.5205,209
hourly,test,lstm_seq12_h64_l2_d0p0_lr0p001_bs64,8,0.3053,0.4286,34.0414,27.9184,24.3226,209
hourly,test,lstm_seq12_h64_l2_d0p0_lr0p001_bs64,9,0.356,0.4804,38.1825,32.7683,29.6881,209
hourly,test,lstm_seq12_h64_l2_d0p0_lr0p001_bs64,10,0.3699,0.5182,43.5715,34.7053,32.4635,209
hourly,test,lstm_seq12_h64_l2_d0p0_lr0p001_bs64,11,0.3786,0.531,43.3143,36.1334,33.2285,209
hourly,test,lstm_seq12_h64_l2_d0p0_lr0p001_bs64,12,0.3989,0.5755,44.6064,37.406,36.1084,211
hourly,test,lstm_seq12_h64_l2_d0p0_lr0p001_bs64,13,0.3538,0.4676,42.1249,36.1649,33.9673,211
hourly,test,lstm_seq12_h64_l2_d0p0_lr0p001_bs64,14,0.3715,0.5101,48.7855,39.858,37.8101,211
hourly,test,lstm_seq12_h64_l2_d0p0_lr0p001_bs64,15,0.3355,0.467,45.0794,37.2664,36.9708,212
hourly,test,lstm_seq12_h64_l2_d0p0_lr0p001_bs64,16,0.3318,0.431,53.2294,40.9493,40.4235,212
hourly,test,lstm_seq12_h64_l2_d0p0_lr0p001_bs64,17,0.3654,0.5005,52.8898,41.6501,41.3425,212
hourly,test,lstm_seq12_h64_l2_d0p0_lr0p001_bs64,18,0.433,0.6298,53.8895,41.7787,40.423,212
hourly,test,lstm_seq12_h64_l2_d0p0_lr0p001_bs64,19,0.4422,0.6078,54.3837,38.6403,34.1531,212
hourly,test,lstm_seq12_h64_l2_d0p0_lr0p001_bs64,20,0.4432,0.5851,51.1522,34.8942,30.1256,212
hourly,test,lstm_seq12_h64_l2_d0p0_lr0p001_bs64,21,0.5182,0.6602,51.555,38.1846,34.1704,212
hourly,test,lstm_seq12_h64_l2_d0p0_lr0p001_bs64,22,0.4291,0.5641,46.4029,36.6071,35.5062,212
hourly,test,lstm_seq12_h64_l2_d0p0_lr0p001_bs64,23,0.3628,0.509,51.3,41.4117,42.7243,212
summary,validation,lstm_seq12_h64_l2_d0p0_lr0p0005_bs64,,0.3742,0.5407,38.7923,31.6221,29.9324,5048
hourly,validation,lstm_seq12_h64_l2_d0p0_lr0p0005_bs64,0,0.2259,0.3309,36.9331,32.6546,35.7267,209
hourly,validation,lstm_seq12_h64_l2_d0p0_lr0p0005_bs64,1,0.1686,0.2899,29.0085,26.845,31.712,209
hourly,validation,lstm_seq12_h64_l2_d0p0_lr0p0005_bs64,2,0.1402,0.2379,25.9686,24.3093,29.2462,209
hourly,validation,lstm_seq12_h64_l2_d0p0_lr0p0005_bs64,3,0.1212,0.2077,25.188,23.1364,27.9859,209
hourly,validation,lstm_seq12_h64_l2_d0p0_lr0p0005_bs64,4,0.1131,0.2012,23.1076,23.3858,27.4654,209
hourly,validation,lstm_seq12_h64_l2_d0p0_lr0p0005_bs64,5,0.1575,0.2249,34.3245,31.9473,35.8837,209
hourly,validation,lstm_seq12_h64_l2_d0p0_lr0p0005_bs64,6,0.2909,0.3859,39.5388,34.686,35.2515,209
hourly,validation,lstm_seq12_h64_l2_d0p0_lr0p0005_bs64,7,0.5202,0.6545,42.3677,34.5377,29.3803,210
hourly,validation,lstm_seq12_h64_l2_d0p0_lr0p0005_bs64,8,0.3843,0.5036,33.0669,26.3484,23.3073,210
hourly,validation,lstm_seq12_h64_l2_d0p0_lr0p0005_bs64,9,0.3284,0.4341,30.2465,23.8679,21.1691,210
hourly,validation,lstm_seq12_h64_l2_d0p0_lr0p0005_bs64,10,0.3579,0.4802,30.0422,25.1795,23.6742,210
hourly,validation,lstm_seq12_h64_l2_d0p0_lr0p0005_bs64,11,0.4082,0.6183,40.4103,29.514,27.0356,210
hourly,validation,lstm_seq12_h64_l2_d0p0_lr0p0005_bs64,12,0.4393,0.616,46.157,32.8442,30.1212,212
hourly,validation,lstm_seq12_h64_l2_d0p0_lr0p0005_bs64,13,0.4242,0.5711,49.9308,36.2491,31.2598,212
hourly,validation,lstm_seq12_h64_l2_d0p0_lr0p0005_bs64,14,0.4433,0.6209,52.8084,38.0543,35.3544,212
hourly,validation,lstm_seq12_h64_l2_d0p0_lr0p0005_bs64,15,0.4332,0.6344,50.5712,38.2284,36.4461,211
hourly,validation,lstm_seq12_h64_l2_d0p0_lr0p0005_bs64,16,0.3948,0.5519,44.9026,36.5129,33.7334,211
hourly,validation,lstm_seq12_h64_l2_d0p0_lr0p0005_bs64,17,0.4751,0.6837,46.421,37.3765,35.7716,211
hourly,validation,lstm_seq12_h64_l2_d0p0_lr0p0005_bs64,18,0.5103,0.6727,43.626,34.8466,31.2516,211
hourly,validation,lstm_seq12_h64_l2_d0p0_lr0p0005_bs64,19,0.653,0.8084,38.3332,34.2731,31.3931,211
hourly,validation,lstm_seq12_h64_l2_d0p0_lr0p0005_bs64,20,0.631,0.7868,37.5707,30.7149,27.5467,211
hourly,validation,lstm_seq12_h64_l2_d0p0_lr0p0005_bs64,21,0.5168,0.6623,34.8746,28.0501,25.0769,211
hourly,validation,lstm_seq12_h64_l2_d0p0_lr0p0005_bs64,22,0.4654,0.5772,42.7931,34.4446,30.8536,211
hourly,validation,lstm_seq12_h64_l2_d0p0_lr0p0005_bs64,23,0.3644,0.4714,52.0397,40.5454,40.9946,211
summary,test,lstm_seq12_h64_l2_d0p0_lr0p0005_bs64,,0.3283,0.4789,41.9641,34.9164,34.2442,5049
hourly,test,lstm_seq12_h64_l2_d0p0_lr0p0005_bs64,0,0.2493,0.4018,36.8266,33.986,37.7863,209
hourly,test,lstm_seq12_h64_l2_d0p0_lr0p0005_bs64,1,0.194,0.326,27.7976,30.2323,34.1389,209
hourly,test,lstm_seq12_h64_l2_d0p0_lr0p0005_bs64,2,0.1678,0.2749,26.7541,28.5897,31.8203,209
hourly,test,lstm_seq12_h64_l2_d0p0_lr0p0005_bs64,3,0.1302,0.2369,22.9841,23.7985,27.9814,209
hourly,test,lstm_seq12_h64_l2_d0p0_lr0p0005_bs64,4,0.1507,0.2549,26.8638,28.4661,32.5595,209
hourly,test,lstm_seq12_h64_l2_d0p0_lr0p0005_bs64,5,0.1527,0.2576,31.2362,29.066,33.9467,209
hourly,test,lstm_seq12_h64_l2_d0p0_lr0p0005_bs64,6,0.2189,0.2877,38.9599,32.7192,33.567,209
hourly,test,lstm_seq12_h64_l2_d0p0_lr0p0005_bs64,7,0.4535,0.574,50.2833,38.9674,34.4396,209
hourly,test,lstm_seq12_h64_l2_d0p0_lr0p0005_bs64,8,0.3159,0.4221,36.209,28.5826,25.17,209
hourly,test,lstm_seq12_h64_l2_d0p0_lr0p0005_bs64,9,0.33,0.4579,39.431,30.9665,27.5244,209
hourly,test,lstm_seq12_h64_l2_d0p0_lr0p0005_bs64,10,0.3733,0.5141,47.7024,35.935,32.7562,209
hourly,test,lstm_seq12_h64_l2_d0p0_lr0p0005_bs64,11,0.3719,0.5243,46.7042,36.1782,32.6478,209
hourly,test,lstm_seq12_h64_l2_d0p0_lr0p0005_bs64,12,0.4049,0.5726,49.0342,38.1852,36.6482,211
hourly,test,lstm_seq12_h64_l2_d0p0_lr0p0005_bs64,13,0.3573,0.4695,45.7445,36.714,34.3034,211
hourly,test,lstm_seq12_h64_l2_d0p0_lr0p0005_bs64,14,0.3792,0.5154,52.3495,40.7243,38.5997,211
hourly,test,lstm_seq12_h64_l2_d0p0_lr0p0005_bs64,15,0.3362,0.4684,45.7131,37.204,37.0455,212
hourly,test,lstm_seq12_h64_l2_d0p0_lr0p0005_bs64,16,0.3272,0.4293,52.3055,40.5741,39.8582,212
hourly,test,lstm_seq12_h64_l2_d0p0_lr0p0005_bs64,17,0.3621,0.4973,50.9075,41.5543,40.9707,212
hourly,test,lstm_seq12_h64_l2_d0p0_lr0p0005_bs64,18,0.4359,0.6436,51.5941,41.875,40.6851,212
hourly,test,lstm_seq12_h64_l2_d0p0_lr0p0005_bs64,19,0.4355,0.6003,50.4118,37.8965,33.6364,212
hourly,test,lstm_seq12_h64_l2_d0p0_lr0p0005_bs64,20,0.4442,0.5905,45.1002,33.871,30.1893,212
hourly,test,lstm_seq12_h64_l2_d0p0_lr0p0005_bs64,21,0.5109,0.6701,45.4594,37.4197,33.6869,212
hourly,test,lstm_seq12_h64_l2_d0p0_lr0p0005_bs64,22,0.4227,0.5684,41.46,35.3811,34.9782,212
hourly,test,lstm_seq12_h64_l2_d0p0_lr0p0005_bs64,23,0.3444,0.5113,44.3902,38.5708,40.5558,212
summary,validation,lstm_seq12_h64_l2_d0p2_lr0p001_bs64,,0.3709,0.5411,37.5568,31.0112,29.6673,5048
hourly,validation,lstm_seq12_h64_l2_d0p2_lr0p001_bs64,0,0.217,0.3278,38.0091,31.3132,34.3103,209
hourly,validation,lstm_seq12_h64_l2_d0p2_lr0p001_bs64,1,0.1695,0.2947,28.4509,26.5364,31.8887,209
hourly,validation,lstm_seq12_h64_l2_d0p2_lr0p001_bs64,2,0.1413,0.2506,24.5296,23.9022,29.4797,209
hourly,validation,lstm_seq12_h64_l2_d0p2_lr0p001_bs64,3,0.1191,0.2137,23.3768,22.4943,27.5018,209
hourly,validation,lstm_seq12_h64_l2_d0p2_lr0p001_bs64,4,0.1108,0.2057,21.784,22.6832,26.9011,209
hourly,validation,lstm_seq12_h64_l2_d0p2_lr0p001_bs64,5,0.1446,0.2187,29.4374,29.5454,32.9364,209
hourly,validation,lstm_seq12_h64_l2_d0p2_lr0p001_bs64,6,0.3004,0.406,38.1834,35.5649,36.4081,209
hourly,validation,lstm_seq12_h64_l2_d0p2_lr0p001_bs64,7,0.5033,0.6549,39.2305,32.6884,28.426,210
hourly,validation,lstm_seq12_h64_l2_d0p2_lr0p001_bs64,8,0.3925,0.5155,33.0566,26.7938,23.8027,210
hourly,validation,lstm_seq12_h64_l2_d0p2_lr0p001_bs64,9,0.3359,0.448,30.3364,24.3691,21.6547,210
hourly,validation,lstm_seq12_h64_l2_d0p2_lr0p001_bs64,10,0.3514,0.4805,28.7677,24.5933,23.2435,210
hourly,validation,lstm_seq12_h64_l2_d0p2_lr0p001_bs64,11,0.4117,0.6238,37.9436,29.5176,27.2652,210
hourly,validation,lstm_seq12_h64_l2_d0p2_lr0p001_bs64,12,0.422,0.612,41.1723,31.1037,28.9355,212
hourly,validation,lstm_seq12_h64_l2_d0p2_lr0p001_bs64,13,0.4174,0.5652,44.4999,35.5021,30.7593,212
hourly,validation,lstm_seq12_h64_l2_d0p2_lr0p001_bs64,14,0.4351,0.6153,47.0918,36.5132,34.7007,212
hourly,validation,lstm_seq12_h64_l2_d0p2_lr0p001_bs64,15,0.432,0.6373,47.3855,37.3148,36.3465,211
hourly,validation,lstm_seq12_h64_l2_d0p2_lr0p001_bs64,16,0.3844,0.5462,42.3762,35.5578,32.8441,211
hourly,validation,lstm_seq12_h64_l2_d0p2_lr0p001_bs64,17,0.4691,0.6772,45.2783,36.4734,35.3177,211
hourly,validation,lstm_seq12_h64_l2_d0p2_lr0p001_bs64,18,0.5333,0.6923,48.5932,36.3408,32.6582,211
hourly,validation,lstm_seq12_h64_l2_d0p2_lr0p001_bs64,19,0.6253,0.7688,38.942,32.243,30.0609,211
hourly,validation,lstm_seq12_h64_l2_d0p2_lr0p001_bs64,20,0.622,0.7835,38.4704,29.8583,27.1525,211
hourly,validation,lstm_seq12_h64_l2_d0p2_lr0p001_bs64,21,0.5034,0.6598,34.6334,27.2382,24.4276,211
hourly,validation,lstm_seq12_h64_l2_d0p2_lr0p001_bs64,22,0.4748,0.5944,43.6171,34.5838,31.4728,211
hourly,validation,lstm_seq12_h64_l2_d0p2_lr0p001_bs64,23,0.3718,0.4803,55.454,41.171,41.8249,211
summary,test,lstm_seq12_h64_l2_d0p2_lr0p001_bs64,,0.3257,0.4791,40.8143,34.3455,33.9671,5049
hourly,test,lstm_seq12_h64_l2_d0p2_lr0p001_bs64,0,0.2384,0.4018,34.6293,31.8978,36.1484,209
hourly,test,lstm_seq12_h64_l2_d0p2_lr0p001_bs64,1,0.192,0.3236,27.0541,30.032,33.7952,209
hourly,test,lstm_seq12_h64_l2_d0p2_lr0p001_bs64,2,0.1662,0.2759,25.3849,28.9421,31.5086,209
hourly,test,lstm_seq12_h64_l2_d0p2_lr0p001_bs64,3,0.1218,0.23,20.6311,23.1266,26.1775,209
hourly,test,lstm_seq12_h64_l2_d0p2_lr0p001_bs64,4,0.155,0.2634,26.7054,29.9714,33.4868,209
hourly,test,lstm_seq12_h64_l2_d0p2_lr0p001_bs64,5,0.1426,0.2538,26.8298,27.2218,31.7171,209
hourly,test,lstm_seq12_h64_l2_d0p2_lr0p001_bs64,6,0.2099,0.2862,34.3466,31.7358,32.1941,209
hourly,test,lstm_seq12_h64_l2_d0p2_lr0p001_bs64,7,0.4332,0.5667,45.613,37.1375,32.9016,209
hourly,test,lstm_seq12_h64_l2_d0p2_lr0p001_bs64,8,0.3034,0.4103,34.3879,27.1207,24.1685,209
hourly,test,lstm_seq12_h64_l2_d0p2_lr0p001_bs64,9,0.3327,0.4666,38.476,31.1399,27.7434,209
hourly,test,lstm_seq12_h64_l2_d0p2_lr0p001_bs64,10,0.369,0.5218,43.6446,34.2455,32.3792,209
hourly,test,lstm_seq12_h64_l2_d0p2_lr0p001_bs64,11,0.3705,0.5322,42.6594,35.6077,32.5252,209
hourly,test,lstm_seq12_h64_l2_d0p2_lr0p001_bs64,12,0.402,0.5751,44.0326,37.0156,36.3882,211
hourly,test,lstm_seq12_h64_l2_d0p2_lr0p001_bs64,13,0.3512,0.4683,41.1927,36.1921,33.7231,211
hourly,test,lstm_seq12_h64_l2_d0p2_lr0p001_bs64,14,0.3715,0.5212,46.6635,39.116,37.8131,211
hourly,test,lstm_seq12_h64_l2_d0p2_lr0p001_bs64,15,0.3291,0.4739,42.0827,35.674,36.2679,212
hourly,test,lstm_seq12_h64_l2_d0p2_lr0p001_bs64,16,0.3192,0.4276,49.3816,39.1845,38.8895,212
hourly,test,lstm_seq12_h64_l2_d0p2_lr0p001_bs64,17,0.3526,0.4947,49.6906,40.073,39.8925,212
hourly,test,lstm_seq12_h64_l2_d0p2_lr0p001_bs64,18,0.4457,0.6404,56.692,42.9977,41.6067,212
hourly,test,lstm_seq12_h64_l2_d0p2_lr0p001_bs64,19,0.4728,0.6183,60.6946,40.4302,36.5115,212
hourly,test,lstm_seq12_h64_l2_d0p2_lr0p001_bs64,20,0.4578,0.6002,50.4935,34.8217,31.1187,212
hourly,test,lstm_seq12_h64_l2_d0p2_lr0p001_bs64,21,0.5092,0.6597,48.4504,36.903,33.5782,212
hourly,test,lstm_seq12_h64_l2_d0p2_lr0p001_bs64,22,0.4128,0.5546,43.3084,34.8481,34.1543,212
hourly,test,lstm_seq12_h64_l2_d0p2_lr0p001_bs64,23,0.3454,0.504,45.2783,38.2795,40.6731,212
summary,validation,lstm_seq12_h64_l2_d0p2_lr0p0005_bs64,,0.3745,0.5429,38.273,31.6786,29.9602,5048
hourly,validation,lstm_seq12_h64_l2_d0p2_lr0p0005_bs64,0,0.2237,0.331,36.2934,32.1369,35.3767,209
hourly,validation,lstm_seq12_h64_l2_d0p2_lr0p0005_bs64,1,0.1745,0.2908,30.1495,27.8913,32.8206,209
hourly,validation,lstm_seq12_h64_l2_d0p2_lr0p0005_bs64,2,0.1462,0.2374,28.002,25.9695,30.506,209
hourly,validation,lstm_seq12_h64_l2_d0p2_lr0p0005_bs64,3,0.127,0.2058,27.2945,24.6041,29.3257,209
hourly,validation,lstm_seq12_h64_l2_d0p2_lr0p0005_bs64,4,0.1172,0.1935,25.6149,24.4667,28.4403,209
hourly,validation,lstm_seq12_h64_l2_d0p2_lr0p0005_bs64,5,0.1555,0.2192,34.0703,31.8562,35.4227,209
hourly,validation,lstm_seq12_h64_l2_d0p2_lr0p0005_bs64,6,0.291,0.3901,38.2079,34.4873,35.2704,209
hourly,validation,lstm_seq12_h64_l2_d0p2_lr0p0005_bs64,7,0.5307,0.6696,41.1054,35.048,29.9745,210
hourly,validation,lstm_seq12_h64_l2_d0p2_lr0p0005_bs64,8,0.3904,0.5132,33.5372,26.6909,23.6778,210
hourly,validation,lstm_seq12_h64_l2_d0p2_lr0p0005_bs64,9,0.3293,0.4372,30.6211,23.7841,21.2301,210
hourly,validation,lstm_seq12_h64_l2_d0p2_lr0p0005_bs64,10,0.3535,0.4766,29.8592,25.0327,23.3819,210
hourly,validation,lstm_seq12_h64_l2_d0p2_lr0p0005_bs64,11,0.4126,0.6199,39.3389,29.7362,27.3233,210
hourly,validation,lstm_seq12_h64_l2_d0p2_lr0p0005_bs64,12,0.4324,0.6181,43.9218,32.2892,29.6468,212
hourly,validation,lstm_seq12_h64_l2_d0p2_lr0p0005_bs64,13,0.4198,0.5668,46.8568,35.822,30.933,212
hourly,validation,lstm_seq12_h64_l2_d0p2_lr0p0005_bs64,14,0.4434,0.6229,49.9536,37.8019,35.3612,212
hourly,validation,lstm_seq12_h64_l2_d0p2_lr0p0005_bs64,15,0.4333,0.6386,48.5769,37.9165,36.456,211
hourly,validation,lstm_seq12_h64_l2_d0p2_lr0p0005_bs64,16,0.3917,0.5559,43.2528,35.9177,33.4679,211
hourly,validation,lstm_seq12_h64_l2_d0p2_lr0p0005_bs64,17,0.467,0.6832,43.9357,36.2796,35.1587,211
hourly,validation,lstm_seq12_h64_l2_d0p2_lr0p0005_bs64,18,0.5123,0.6791,42.9007,34.7913,31.3719,211
hourly,validation,lstm_seq12_h64_l2_d0p2_lr0p0005_bs64,19,0.6363,0.7931,37.5556,33.2796,30.5904,211
hourly,validation,lstm_seq12_h64_l2_d0p2_lr0p0005_bs64,20,0.625,0.7862,37.1396,30.3343,27.2838,211
hourly,validation,lstm_seq12_h64_l2_d0p2_lr0p0005_bs64,21,0.5308,0.6757,35.0998,28.8683,25.7565,211
hourly,validation,lstm_seq12_h64_l2_d0p2_lr0p0005_bs64,22,0.4622,0.58,41.7165,34.0006,30.6387,211
hourly,validation,lstm_seq12_h64_l2_d0p2_lr0p0005_bs64,23,0.3702,0.4876,52.8864,40.9509,41.6504,211
summary,test,lstm_seq12_h64_l2_d0p2_lr0p0005_bs64,,0.3276,0.4789,41.4915,34.8212,34.173,5049
hourly,test,lstm_seq12_h64_l2_d0p2_lr0p0005_bs64,0,0.2454,0.3933,37.552,33.6839,37.1967,209
hourly,test,lstm_seq12_h64_l2_d0p2_lr0p0005_bs64,1,0.1904,0.3191,28.0431,29.4068,33.512,209
hourly,test,lstm_seq12_h64_l2_d0p2_lr0p0005_bs64,2,0.1655,0.2698,26.9184,27.9626,31.3784,209
hourly,test,lstm_seq12_h64_l2_d0p2_lr0p0005_bs64,3,0.1318,0.2296,24.7274,24.6597,28.3351,209
hourly,test,lstm_seq12_h64_l2_d0p2_lr0p0005_bs64,4,0.1489,0.246,27.7052,28.1323,32.1732,209
hourly,test,lstm_seq12_h64_l2_d0p2_lr0p0005_bs64,5,0.1513,0.2533,31.4102,29.0425,33.6342,209
hourly,test,lstm_seq12_h64_l2_d0p2_lr0p0005_bs64,6,0.2174,0.2858,37.7134,32.7719,33.3455,209
hourly,test,lstm_seq12_h64_l2_d0p2_lr0p0005_bs64,7,0.455,0.5823,48.2452,38.9674,34.5536,209
hourly,test,lstm_seq12_h64_l2_d0p2_lr0p0005_bs64,8,0.3115,0.4121,37.2108,28.6612,24.814,209
hourly,test,lstm_seq12_h64_l2_d0p2_lr0p0005_bs64,9,0.332,0.4563,41.2268,31.7301,27.6893,209
hourly,test,lstm_seq12_h64_l2_d0p2_lr0p0005_bs64,10,0.3764,0.517,48.8015,36.5202,33.0292,209
hourly,test,lstm_seq12_h64_l2_d0p2_lr0p0005_bs64,11,0.3775,0.5285,47.0006,36.9562,33.1346,209
hourly,test,lstm_seq12_h64_l2_d0p2_lr0p0005_bs64,12,0.4094,0.5718,48.7376,38.784,37.0533,211
hourly,test,lstm_seq12_h64_l2_d0p2_lr0p0005_bs64,13,0.3533,0.464,43.5609,36.2726,33.9243,211
hourly,test,lstm_seq12_h64_l2_d0p2_lr0p0005_bs64,14,0.3796,0.5175,49.6281,40.6203,38.6357,211
hourly,test,lstm_seq12_h64_l2_d0p2_lr0p0005_bs64,15,0.327,0.468,42.3488,35.8192,36.0331,212
hourly,test,lstm_seq12_h64_l2_d0p2_lr0p0005_bs64,16,0.3185,0.4241,48.4888,39.101,38.8043,212
hourly,test,lstm_seq12_h64_l2_d0p2_lr0p0005_bs64,17,0.3553,0.5019,47.5819,40.4296,40.2036,212
hourly,test,lstm_seq12_h64_l2_d0p2_lr0p0005_bs64,18,0.4324,0.6527,49.0562,41.1071,40.367,212
hourly,test,lstm_seq12_h64_l2_d0p2_lr0p0005_bs64,19,0.443,0.6038,51.1782,38.0694,34.2145,212
hourly,test,lstm_seq12_h64_l2_d0p2_lr0p0005_bs64,20,0.451,0.5953,45.0444,34.3155,30.6521,212
hourly,test,lstm_seq12_h64_l2_d0p2_lr0p0005_bs64,21,0.513,0.6758,44.8891,37.7418,33.8284,212
hourly,test,lstm_seq12_h64_l2_d0p2_lr0p0005_bs64,22,0.4214,0.5639,41.6271,35.4596,34.8717,212
hourly,test,lstm_seq12_h64_l2_d0p2_lr0p0005_bs64,23,0.3451,0.5092,46.3155,38.9891,40.6453,212
summary,validation,lstm_seq12_h64_l2_d0p3_lr0p001_bs64,,0.3719,0.5416,37.9756,31.7839,29.7511,5048
hourly,validation,lstm_seq12_h64_l2_d0p3_lr0p001_bs64,0,0.2345,0.323,43.9548,35.3294,37.0759,209
hourly,validation,lstm_seq12_h64_l2_d0p3_lr0p001_bs64,1,0.1855,0.2876,35.3985,30.9882,34.8958,209
hourly,validation,lstm_seq12_h64_l2_d0p3_lr0p001_bs64,2,0.1542,0.2427,30.2395,27.4488,32.1731,209
hourly,validation,lstm_seq12_h64_l2_d0p3_lr0p001_bs64,3,0.1248,0.2088,26.1933,24.0056,28.8348,209
hourly,validation,lstm_seq12_h64_l2_d0p3_lr0p001_bs64,4,0.1136,0.1995,23.5336,23.3331,27.5703,209
hourly,validation,lstm_seq12_h64_l2_d0p3_lr0p001_bs64,5,0.1541,0.2142,33.5727,32.0122,35.1075,209
hourly,validation,lstm_seq12_h64_l2_d0p3_lr0p001_bs64,6,0.2905,0.3868,40.4177,34.3807,35.2093,209
hourly,validation,lstm_seq12_h64_l2_d0p3_lr0p001_bs64,7,0.524,0.6766,41.1631,34.8781,29.5943,210
hourly,validation,lstm_seq12_h64_l2_d0p3_lr0p001_bs64,8,0.3975,0.5351,31.2807,27.6003,24.1102,210
hourly,validation,lstm_seq12_h64_l2_d0p3_lr0p001_bs64,9,0.3464,0.46,28.4995,25.1029,22.3287,210
hourly,validation,lstm_seq12_h64_l2_d0p3_lr0p001_bs64,10,0.3536,0.4911,28.0171,24.9178,23.3921,210
hourly,validation,lstm_seq12_h64_l2_d0p3_lr0p001_bs64,11,0.4072,0.6208,37.9159,29.3253,26.9663,210
hourly,validation,lstm_seq12_h64_l2_d0p3_lr0p001_bs64,12,0.4254,0.6122,43.1253,31.7665,29.1698,212
hourly,validation,lstm_seq12_h64_l2_d0p3_lr0p001_bs64,13,0.4144,0.5597,45.5068,35.0605,30.5313,212
hourly,validation,lstm_seq12_h64_l2_d0p3_lr0p001_bs64,14,0.4304,0.6076,48.1714,36.7178,34.3264,212
hourly,validation,lstm_seq12_h64_l2_d0p3_lr0p001_bs64,15,0.4327,0.6373,48.2772,37.7685,36.406,211
hourly,validation,lstm_seq12_h64_l2_d0p3_lr0p001_bs64,16,0.3903,0.5528,42.9954,36.0939,33.3521,211
hourly,validation,lstm_seq12_h64_l2_d0p3_lr0p001_bs64,17,0.4696,0.6874,42.7051,36.6645,35.3578,211
hourly,validation,lstm_seq12_h64_l2_d0p3_lr0p001_bs64,18,0.5191,0.7117,42.0005,35.2435,31.7856,211
hourly,validation,lstm_seq12_h64_l2_d0p3_lr0p001_bs64,19,0.5988,0.7583,35.422,31.448,28.7892,211
hourly,validation,lstm_seq12_h64_l2_d0p3_lr0p001_bs64,20,0.6087,0.7853,34.9238,29.7334,26.5711,211
hourly,validation,lstm_seq12_h64_l2_d0p3_lr0p001_bs64,21,0.5241,0.6625,32.9057,28.4625,25.4319,211
hourly,validation,lstm_seq12_h64_l2_d0p3_lr0p001_bs64,22,0.4542,0.5691,40.4214,33.6675,30.111,211
hourly,validation,lstm_seq12_h64_l2_d0p3_lr0p001_bs64,23,0.3601,0.4649,54.248,40.6023,40.5114,211
summary,test,lstm_seq12_h64_l2_d0p3_lr0p001_bs64,,0.3278,0.479,41.8105,34.9841,34.1956,5049
hourly,test,lstm_seq12_h64_l2_d0p3_lr0p001_bs64,0,0.2519,0.3956,40.6417,35.1354,38.182,209
hourly,test,lstm_seq12_h64_l2_d0p3_lr0p001_bs64,1,0.1969,0.3117,31.7325,31.4035,34.6628,209
hourly,test,lstm_seq12_h64_l2_d0p3_lr0p001_bs64,2,0.1663,0.2633,28.2002,28.6654,31.538,209
hourly,test,lstm_seq12_h64_l2_d0p3_lr0p001_bs64,3,0.1256,0.2181,23.7806,24.1696,26.9977,209
hourly,test,lstm_seq12_h64_l2_d0p3_lr0p001_bs64,4,0.1483,0.2469,26.9444,28.1545,32.0413,209
hourly,test,lstm_seq12_h64_l2_d0p3_lr0p001_bs64,5,0.147,0.2452,30.2828,28.5855,32.6873,209
hourly,test,lstm_seq12_h64_l2_d0p3_lr0p001_bs64,6,0.2213,0.2893,39.712,33.2355,33.9337,209
hourly,test,lstm_seq12_h64_l2_d0p3_lr0p001_bs64,7,0.4489,0.5873,48.6098,38.714,34.0931,209
hourly,test,lstm_seq12_h64_l2_d0p3_lr0p001_bs64,8,0.302,0.417,35.3607,28.3931,24.0635,209
hourly,test,lstm_seq12_h64_l2_d0p3_lr0p001_bs64,9,0.3531,0.4777,39.249,32.9219,29.4507,209
hourly,test,lstm_seq12_h64_l2_d0p3_lr0p001_bs64,10,0.373,0.5246,44.3074,35.3064,32.7291,209
hourly,test,lstm_seq12_h64_l2_d0p3_lr0p001_bs64,11,0.3696,0.5308,42.8221,35.2761,32.439,209
hourly,test,lstm_seq12_h64_l2_d0p3_lr0p001_bs64,12,0.3989,0.5658,46.5201,37.4119,36.1066,211
hourly,test,lstm_seq12_h64_l2_d0p3_lr0p001_bs64,13,0.3494,0.4626,42.5126,35.626,33.5533,211
hourly,test,lstm_seq12_h64_l2_d0p3_lr0p001_bs64,14,0.3702,0.5114,48.6939,39.5568,37.6779,211
hourly,test,lstm_seq12_h64_l2_d0p3_lr0p001_bs64,15,0.3281,0.464,43.5339,36.104,36.1535,212
hourly,test,lstm_seq12_h64_l2_d0p3_lr0p001_bs64,16,0.3229,0.426,50.5951,39.6563,39.3359,212
hourly,test,lstm_seq12_h64_l2_d0p3_lr0p001_bs64,17,0.3539,0.4961,48.8406,40.3359,40.0347,212
hourly,test,lstm_seq12_h64_l2_d0p3_lr0p001_bs64,18,0.4349,0.6429,51.1985,41.7768,40.6001,212
hourly,test,lstm_seq12_h64_l2_d0p3_lr0p001_bs64,19,0.4595,0.6186,56.3208,39.7614,35.4876,212
hourly,test,lstm_seq12_h64_l2_d0p3_lr0p001_bs64,20,0.4512,0.5947,47.5314,35.2965,30.671,212
hourly,test,lstm_seq12_h64_l2_d0p3_lr0p001_bs64,21,0.5221,0.6861,45.9959,38.2522,34.4314,212
hourly,test,lstm_seq12_h64_l2_d0p3_lr0p001_bs64,22,0.4145,0.5504,41.5863,35.5827,34.2949,212
hourly,test,lstm_seq12_h64_l2_d0p3_lr0p001_bs64,23,0.3476,0.504,47.5453,39.7704,40.9387,212
summary,validation,lstm_seq12_h64_l2_d0p3_lr0p0005_bs64,,0.3771,0.543,39.056,32.3856,30.1684,5048
hourly,validation,lstm_seq12_h64_l2_d0p3_lr0p0005_bs64,0,0.2263,0.323,40.2012,33.0232,35.7861,209
hourly,validation,lstm_seq12_h64_l2_d0p3_lr0p0005_bs64,1,0.1868,0.2927,34.7565,30.7112,35.149,209
hourly,validation,lstm_seq12_h64_l2_d0p3_lr0p0005_bs64,2,0.1543,0.2407,30.6661,27.7867,32.1811,209
hourly,validation,lstm_seq12_h64_l2_d0p3_lr0p0005_bs64,3,0.1348,0.2162,29.8321,25.997,31.1336,209
hourly,validation,lstm_seq12_h64_l2_d0p3_lr0p0005_bs64,4,0.1273,0.195,29.4649,27.0366,30.9053,209
hourly,validation,lstm_seq12_h64_l2_d0p3_lr0p0005_bs64,5,0.1711,0.2213,40.3962,35.3618,38.97,209
hourly,validation,lstm_seq12_h64_l2_d0p3_lr0p0005_bs64,6,0.3086,0.4107,41.6848,36.25,37.4032,209
hourly,validation,lstm_seq12_h64_l2_d0p3_lr0p0005_bs64,7,0.5183,0.6606,41.1026,34.8291,29.2695,210
hourly,validation,lstm_seq12_h64_l2_d0p3_lr0p0005_bs64,8,0.3958,0.5197,31.9704,27.2546,24.0025,210
hourly,validation,lstm_seq12_h64_l2_d0p3_lr0p0005_bs64,9,0.3527,0.4615,29.2311,25.6515,22.7398,210
hourly,validation,lstm_seq12_h64_l2_d0p3_lr0p0005_bs64,10,0.3506,0.4868,27.8855,25.0721,23.1933,210
hourly,validation,lstm_seq12_h64_l2_d0p3_lr0p0005_bs64,11,0.4217,0.6294,38.7272,30.5141,27.9283,210
hourly,validation,lstm_seq12_h64_l2_d0p3_lr0p0005_bs64,12,0.4325,0.6208,42.7505,32.5863,29.6575,212
hourly,validation,lstm_seq12_h64_l2_d0p3_lr0p0005_bs64,13,0.4234,0.5635,45.4206,36.0859,31.195,212
hourly,validation,lstm_seq12_h64_l2_d0p3_lr0p0005_bs64,14,0.4333,0.6113,47.2912,36.847,34.5551,212
hourly,validation,lstm_seq12_h64_l2_d0p3_lr0p0005_bs64,15,0.437,0.6386,47.3627,37.7688,36.7691,211
hourly,validation,lstm_seq12_h64_l2_d0p3_lr0p0005_bs64,16,0.3947,0.5671,43.0086,35.9576,33.7295,211
hourly,validation,lstm_seq12_h64_l2_d0p3_lr0p0005_bs64,17,0.4704,0.6842,44.6764,37.0567,35.4206,211
hourly,validation,lstm_seq12_h64_l2_d0p3_lr0p0005_bs64,18,0.5254,0.7074,45.0318,35.7232,32.1742,211
hourly,validation,lstm_seq12_h64_l2_d0p3_lr0p0005_bs64,19,0.6118,0.7616,37.4168,32.1706,29.4119,211
hourly,validation,lstm_seq12_h64_l2_d0p3_lr0p0005_bs64,20,0.6083,0.7754,36.3091,29.9311,26.5526,211
hourly,validation,lstm_seq12_h64_l2_d0p3_lr0p0005_bs64,21,0.5316,0.6685,34.947,29.1148,25.7983,211
hourly,validation,lstm_seq12_h64_l2_d0p3_lr0p0005_bs64,22,0.4546,0.5729,41.3339,33.2929,30.138,211
hourly,validation,lstm_seq12_h64_l2_d0p3_lr0p0005_bs64,23,0.3676,0.4773,55.4137,41.0031,41.3568,211
summary,test,lstm_seq12_h64_l2_d0p3_lr0p0005_bs64,,0.3308,0.48,41.9349,35.3258,34.5082,5049
hourly,test,lstm_seq12_h64_l2_d0p3_lr0p0005_bs64,0,0.2491,0.3939,38.6005,34.3772,37.7653,209
hourly,test,lstm_seq12_h64_l2_d0p3_lr0p0005_bs64,1,0.1934,0.3174,29.5013,30.2565,34.0436,209
hourly,test,lstm_seq12_h64_l2_d0p3_lr0p0005_bs64,2,0.1644,0.2699,26.9109,27.6432,31.1784,209
hourly,test,lstm_seq12_h64_l2_d0p3_lr0p0005_bs64,3,0.1309,0.2261,24.9335,24.6045,28.1274,209
hourly,test,lstm_seq12_h64_l2_d0p3_lr0p0005_bs64,4,0.1523,0.2447,29.6066,29.0591,32.8985,209
hourly,test,lstm_seq12_h64_l2_d0p3_lr0p0005_bs64,5,0.1621,0.2527,36.0981,31.5076,36.0525,209
hourly,test,lstm_seq12_h64_l2_d0p3_lr0p0005_bs64,6,0.2244,0.296,39.6614,33.6645,34.4068,209
hourly,test,lstm_seq12_h64_l2_d0p3_lr0p0005_bs64,7,0.4604,0.5896,49.2618,39.8041,34.9682,209
hourly,test,lstm_seq12_h64_l2_d0p3_lr0p0005_bs64,8,0.3068,0.4163,35.3794,28.5656,24.4441,209
hourly,test,lstm_seq12_h64_l2_d0p3_lr0p0005_bs64,9,0.357,0.4795,38.7866,33.2032,29.7739,209
hourly,test,lstm_seq12_h64_l2_d0p3_lr0p0005_bs64,10,0.3745,0.5238,44.333,35.7673,32.8607,209
hourly,test,lstm_seq12_h64_l2_d0p3_lr0p0005_bs64,11,0.3808,0.5331,43.6324,36.518,33.4213,209
hourly,test,lstm_seq12_h64_l2_d0p3_lr0p0005_bs64,12,0.4067,0.5702,46.3687,38.3695,36.8059,211
hourly,test,lstm_seq12_h64_l2_d0p3_lr0p0005_bs64,13,0.3519,0.4644,41.4237,36.1426,33.7883,211
hourly,test,lstm_seq12_h64_l2_d0p3_lr0p0005_bs64,14,0.373,0.515,46.4309,39.5989,37.9637,211
hourly,test,lstm_seq12_h64_l2_d0p3_lr0p0005_bs64,15,0.3271,0.472,40.8327,35.3352,36.0481,212
hourly,test,lstm_seq12_h64_l2_d0p3_lr0p0005_bs64,16,0.3207,0.4258,48.7078,39.3201,39.0749,212
hourly,test,lstm_seq12_h64_l2_d0p3_lr0p0005_bs64,17,0.355,0.4974,48.8283,40.6726,40.1686,212
hourly,test,lstm_seq12_h64_l2_d0p3_lr0p0005_bs64,18,0.4406,0.6462,54.06,42.6808,41.1329,212
hourly,test,lstm_seq12_h64_l2_d0p3_lr0p0005_bs64,19,0.4605,0.6112,59.0462,40.4277,35.5644,212
hourly,test,lstm_seq12_h64_l2_d0p3_lr0p0005_bs64,20,0.4555,0.592,48.1403,35.8057,30.9575,212
hourly,test,lstm_seq12_h64_l2_d0p3_lr0p0005_bs64,21,0.5145,0.6769,45.3405,38.0482,33.9299,212
hourly,test,lstm_seq12_h64_l2_d0p3_lr0p0005_bs64,22,0.4177,0.5518,41.8199,35.9061,34.5637,212
hourly,test,lstm_seq12_h64_l2_d0p3_lr0p0005_bs64,23,0.35,0.5051,47.8312,40.029,41.2222,212
summary,validation,lstm_seq12_h128_l1_d0p0_lr0p001_bs64,,0.377,0.5433,38.4782,31.9583,30.1599,5048
hourly,validation,lstm_seq12_h128_l1_d0p0_lr0p001_bs64,0,0.2269,0.3312,38.9045,33.3613,35.8838,209
hourly,validation,lstm_seq12_h128_l1_d0p0_lr0p001_bs64,1,0.1722,0.2974,28.4798,27.4918,32.3933,209
hourly,validation,lstm_seq12_h128_l1_d0p0_lr0p001_bs64,2,0.1425,0.2405,26.359,25.1625,29.7257,209
hourly,validation,lstm_seq12_h128_l1_d0p0_lr0p001_bs64,3,0.1263,0.2103,27.2022,23.9511,29.1748,209
hourly,validation,lstm_seq12_h128_l1_d0p0_lr0p001_bs64,4,0.1231,0.2049,26.9462,25.7251,29.8846,209
hourly,validation,lstm_seq12_h128_l1_d0p0_lr0p001_bs64,5,0.1563,0.2276,33.3601,31.9636,35.5971,209
hourly,validation,lstm_seq12_h128_l1_d0p0_lr0p001_bs64,6,0.3035,0.3943,43.1721,36.1755,36.7777,209
hourly,validation,lstm_seq12_h128_l1_d0p0_lr0p001_bs64,7,0.5132,0.6486,46.615,35.2875,28.9869,210
hourly,validation,lstm_seq12_h128_l1_d0p0_lr0p001_bs64,8,0.4,0.515,35.3176,27.5073,24.2603,210
hourly,validation,lstm_seq12_h128_l1_d0p0_lr0p001_bs64,9,0.345,0.4586,31.3036,24.6448,22.2436,210
hourly,validation,lstm_seq12_h128_l1_d0p0_lr0p001_bs64,10,0.3579,0.4819,29.8306,25.3089,23.6721,210
hourly,validation,lstm_seq12_h128_l1_d0p0_lr0p001_bs64,11,0.4213,0.6303,38.9343,30.3631,27.9044,210
hourly,validation,lstm_seq12_h128_l1_d0p0_lr0p001_bs64,12,0.4291,0.6194,41.4964,31.8596,29.4263,212
hourly,validation,lstm_seq12_h128_l1_d0p0_lr0p001_bs64,13,0.4222,0.5736,44.6008,36.1793,31.1133,212
hourly,validation,lstm_seq12_h128_l1_d0p0_lr0p001_bs64,14,0.4201,0.5877,45.8685,36.247,33.5021,212
hourly,validation,lstm_seq12_h128_l1_d0p0_lr0p001_bs64,15,0.4404,0.643,46.9831,38.3732,37.0501,211
hourly,validation,lstm_seq12_h128_l1_d0p0_lr0p001_bs64,16,0.3947,0.5635,41.7834,35.8575,33.7283,211
hourly,validation,lstm_seq12_h128_l1_d0p0_lr0p001_bs64,17,0.4662,0.6664,44.884,36.6374,35.0988,211
hourly,validation,lstm_seq12_h128_l1_d0p0_lr0p001_bs64,18,0.5387,0.6874,49.0941,36.8267,32.9893,211
hourly,validation,lstm_seq12_h128_l1_d0p0_lr0p001_bs64,19,0.6461,0.7893,38.8619,33.3485,31.062,211
hourly,validation,lstm_seq12_h128_l1_d0p0_lr0p001_bs64,20,0.6225,0.7853,36.5741,30.372,27.1751,211
hourly,validation,lstm_seq12_h128_l1_d0p0_lr0p001_bs64,21,0.5245,0.6772,32.8963,28.486,25.451,211
hourly,validation,lstm_seq12_h128_l1_d0p0_lr0p001_bs64,22,0.4836,0.6085,41.8116,35.3478,32.0621,211
hourly,validation,lstm_seq12_h128_l1_d0p0_lr0p001_bs64,23,0.3595,0.4677,51.6455,40.2134,40.443,211
summary,test,lstm_seq12_h128_l1_d0p0_lr0p001_bs64,,0.3355,0.4839,43.6163,36.0548,34.9915,5049
hourly,test,lstm_seq12_h128_l1_d0p0_lr0p001_bs64,0,0.247,0.4077,35.7222,34.9026,37.4412,209
hourly,test,lstm_seq12_h128_l1_d0p0_lr0p001_bs64,1,0.2006,0.3286,29.6685,33.5269,35.3026,209
hourly,test,lstm_seq12_h128_l1_d0p0_lr0p001_bs64,2,0.1776,0.286,28.6363,31.3948,33.6768,209
hourly,test,lstm_seq12_h128_l1_d0p0_lr0p001_bs64,3,0.1423,0.2542,25.6815,26.376,30.5846,209
hourly,test,lstm_seq12_h128_l1_d0p0_lr0p001_bs64,4,0.1581,0.2639,28.8958,30.5812,34.1509,209
hourly,test,lstm_seq12_h128_l1_d0p0_lr0p001_bs64,5,0.1535,0.26,30.4149,29.5243,34.132,209
hourly,test,lstm_seq12_h128_l1_d0p0_lr0p001_bs64,6,0.241,0.3086,44.5559,35.0319,36.9564,209
hourly,test,lstm_seq12_h128_l1_d0p0_lr0p001_bs64,7,0.4484,0.5734,55.6353,38.6817,34.0566,209
hourly,test,lstm_seq12_h128_l1_d0p0_lr0p001_bs64,8,0.3363,0.4495,42.3291,30.5872,26.7905,209
hourly,test,lstm_seq12_h128_l1_d0p0_lr0p001_bs64,9,0.3529,0.4703,43.2486,33.436,29.4276,209
hourly,test,lstm_seq12_h128_l1_d0p0_lr0p001_bs64,10,0.3808,0.5133,49.228,37.203,33.4184,209
hourly,test,lstm_seq12_h128_l1_d0p0_lr0p001_bs64,11,0.3773,0.5291,45.5396,36.4564,33.1212,209
hourly,test,lstm_seq12_h128_l1_d0p0_lr0p001_bs64,12,0.4117,0.578,46.1389,38.9382,37.2645,211
hourly,test,lstm_seq12_h128_l1_d0p0_lr0p001_bs64,13,0.3469,0.4579,41.1767,35.6008,33.3085,211
hourly,test,lstm_seq12_h128_l1_d0p0_lr0p001_bs64,14,0.3833,0.516,50.12,40.7593,39.013,211
hourly,test,lstm_seq12_h128_l1_d0p0_lr0p001_bs64,15,0.3432,0.478,44.9732,37.6838,37.8198,212
hourly,test,lstm_seq12_h128_l1_d0p0_lr0p001_bs64,16,0.329,0.4299,51.5416,40.484,40.0765,212
hourly,test,lstm_seq12_h128_l1_d0p0_lr0p001_bs64,17,0.3617,0.5034,51.1376,41.2278,40.9264,212
hourly,test,lstm_seq12_h128_l1_d0p0_lr0p001_bs64,18,0.4386,0.6362,56.2373,42.0998,40.9383,212
hourly,test,lstm_seq12_h128_l1_d0p0_lr0p001_bs64,19,0.4601,0.6104,59.5339,39.8179,35.5363,212
hourly,test,lstm_seq12_h128_l1_d0p0_lr0p001_bs64,20,0.4623,0.6017,51.436,36.4482,31.4223,212
hourly,test,lstm_seq12_h128_l1_d0p0_lr0p001_bs64,21,0.5244,0.674,48.8714,39.047,34.5781,212
hourly,test,lstm_seq12_h128_l1_d0p0_lr0p001_bs64,22,0.4168,0.5669,41.1858,35.4434,34.4884,212
hourly,test,lstm_seq12_h128_l1_d0p0_lr0p001_bs64,23,0.3469,0.5181,44.0105,39.603,40.858,212
summary,validation,lstm_seq12_h128_l1_d0p0_lr0p0005_bs64,,0.3768,0.5437,38.782,31.9851,30.1443,5048
hourly,validation,lstm_seq12_h128_l1_d0p0_lr0p0005_bs64,0,0.2288,0.3295,40.433,33.5463,36.1792,209
hourly,validation,lstm_seq12_h128_l1_d0p0_lr0p0005_bs64,1,0.175,0.2968,29.3094,27.8345,32.9187,209
hourly,validation,lstm_seq12_h128_l1_d0p0_lr0p0005_bs64,2,0.1444,0.2441,26.1875,25.2409,30.129,209
hourly,validation,lstm_seq12_h128_l1_d0p0_lr0p0005_bs64,3,0.1319,0.218,27.6371,25.6865,30.475,209
hourly,validation,lstm_seq12_h128_l1_d0p0_lr0p0005_bs64,4,0.1229,0.2086,25.5929,26.1889,29.831,209
hourly,validation,lstm_seq12_h128_l1_d0p0_lr0p0005_bs64,5,0.1492,0.2362,29.6305,30.095,33.9975,209
hourly,validation,lstm_seq12_h128_l1_d0p0_lr0p0005_bs64,6,0.3034,0.4007,41.101,36.502,36.7705,209
hourly,validation,lstm_seq12_h128_l1_d0p0_lr0p0005_bs64,7,0.5015,0.6369,44.1762,33.9653,28.3243,210
hourly,validation,lstm_seq12_h128_l1_d0p0_lr0p0005_bs64,8,0.3945,0.511,35.2174,27.2218,23.9287,210
hourly,validation,lstm_seq12_h128_l1_d0p0_lr0p0005_bs64,9,0.3439,0.4539,31.1714,24.7728,22.1718,210
hourly,validation,lstm_seq12_h128_l1_d0p0_lr0p0005_bs64,10,0.3523,0.4808,29.1673,25.0372,23.3042,210
hourly,validation,lstm_seq12_h128_l1_d0p0_lr0p0005_bs64,11,0.4252,0.6308,39.3425,30.7897,28.1574,210
hourly,validation,lstm_seq12_h128_l1_d0p0_lr0p0005_bs64,12,0.4264,0.6226,40.8156,31.7512,29.2397,212
hourly,validation,lstm_seq12_h128_l1_d0p0_lr0p0005_bs64,13,0.4176,0.5657,43.6191,35.7688,30.7731,212
hourly,validation,lstm_seq12_h128_l1_d0p0_lr0p0005_bs64,14,0.4286,0.6057,46.096,36.832,34.1862,212
hourly,validation,lstm_seq12_h128_l1_d0p0_lr0p0005_bs64,15,0.4361,0.6397,46.4601,37.8609,36.6906,211
hourly,validation,lstm_seq12_h128_l1_d0p0_lr0p0005_bs64,16,0.3895,0.5615,41.7177,35.075,33.2791,211
hourly,validation,lstm_seq12_h128_l1_d0p0_lr0p0005_bs64,17,0.4774,0.6742,47.653,37.8235,35.9444,211
hourly,validation,lstm_seq12_h128_l1_d0p0_lr0p0005_bs64,18,0.5442,0.7016,50.6334,37.1501,33.3215,211
hourly,validation,lstm_seq12_h128_l1_d0p0_lr0p0005_bs64,19,0.6392,0.7802,40.1173,33.1031,30.73,211
hourly,validation,lstm_seq12_h128_l1_d0p0_lr0p0005_bs64,20,0.6308,0.7938,39.4873,31.0469,27.5368,211
hourly,validation,lstm_seq12_h128_l1_d0p0_lr0p0005_bs64,21,0.5273,0.6678,36.8802,28.6667,25.5904,211
hourly,validation,lstm_seq12_h128_l1_d0p0_lr0p0005_bs64,22,0.477,0.5981,43.2729,34.6371,31.6243,211
hourly,validation,lstm_seq12_h128_l1_d0p0_lr0p0005_bs64,23,0.3639,0.4748,54.4233,40.7418,40.9368,211
summary,test,lstm_seq12_h128_l1_d0p0_lr0p0005_bs64,,0.3353,0.4814,44.0373,35.9494,34.9697,5049
hourly,test,lstm_seq12_h128_l1_d0p0_lr0p0005_bs64,0,0.2438,0.3977,36.5248,33.5686,36.9644,209
hourly,test,lstm_seq12_h128_l1_d0p0_lr0p0005_bs64,1,0.1935,0.3184,28.4886,30.6122,34.0562,209
hourly,test,lstm_seq12_h128_l1_d0p0_lr0p0005_bs64,2,0.1756,0.2857,28.2427,30.3611,33.2952,209
hourly,test,lstm_seq12_h128_l1_d0p0_lr0p0005_bs64,3,0.141,0.2543,25.141,25.9407,30.2953,209
hourly,test,lstm_seq12_h128_l1_d0p0_lr0p0005_bs64,4,0.1602,0.2649,29.1189,31.1289,34.6102,209
hourly,test,lstm_seq12_h128_l1_d0p0_lr0p0005_bs64,5,0.1542,0.2654,30.1454,29.5764,34.289,209
hourly,test,lstm_seq12_h128_l1_d0p0_lr0p0005_bs64,6,0.2302,0.3026,41.6481,34.3832,35.3023,209
hourly,test,lstm_seq12_h128_l1_d0p0_lr0p0005_bs64,7,0.4563,0.5753,55.7991,39.7731,34.6559,209
hourly,test,lstm_seq12_h128_l1_d0p0_lr0p0005_bs64,8,0.3374,0.4438,42.6822,30.6403,26.8825,209
hourly,test,lstm_seq12_h128_l1_d0p0_lr0p0005_bs64,9,0.3611,0.4757,45.4767,34.5902,30.1142,209
hourly,test,lstm_seq12_h128_l1_d0p0_lr0p0005_bs64,10,0.3863,0.5205,51.0089,38.2201,33.8989,209
hourly,test,lstm_seq12_h128_l1_d0p0_lr0p0005_bs64,11,0.3806,0.5306,45.9781,36.3788,33.4099,209
hourly,test,lstm_seq12_h128_l1_d0p0_lr0p0005_bs64,12,0.4056,0.5739,45.4259,38.2975,36.7094,211
hourly,test,lstm_seq12_h128_l1_d0p0_lr0p0005_bs64,13,0.3477,0.4612,41.7162,35.9179,33.385,211
hourly,test,lstm_seq12_h128_l1_d0p0_lr0p0005_bs64,14,0.3786,0.5159,49.503,40.2213,38.5398,211
hourly,test,lstm_seq12_h128_l1_d0p0_lr0p0005_bs64,15,0.3437,0.485,45.1861,37.8673,37.8761,212
hourly,test,lstm_seq12_h128_l1_d0p0_lr0p0005_bs64,16,0.3285,0.4272,52.5275,40.9213,40.019,212
hourly,test,lstm_seq12_h128_l1_d0p0_lr0p0005_bs64,17,0.362,0.5004,52.4734,41.338,40.9605,212
hourly,test,lstm_seq12_h128_l1_d0p0_lr0p0005_bs64,18,0.4489,0.636,59.0825,43.502,41.9064,212
hourly,test,lstm_seq12_h128_l1_d0p0_lr0p0005_bs64,19,0.4678,0.6148,62.9746,40.5683,36.1246,212
hourly,test,lstm_seq12_h128_l1_d0p0_lr0p0005_bs64,20,0.4646,0.598,52.126,36.4964,31.5809,212
hourly,test,lstm_seq12_h128_l1_d0p0_lr0p0005_bs64,21,0.507,0.6503,47.901,37.7349,33.432,212
hourly,test,lstm_seq12_h128_l1_d0p0_lr0p0005_bs64,22,0.4136,0.5536,41.5266,35.1153,34.2228,212
hourly,test,lstm_seq12_h128_l1_d0p0_lr0p0005_bs64,23,0.3474,0.511,45.2539,39.1494,40.9108,212
summary,validation,lstm_seq12_h128_l2_d0p0_lr0p001_bs64,,0.3758,0.5478,37.6584,31.8223,30.0576,5048
hourly,validation,lstm_seq12_h128_l2_d0p0_lr0p001_bs64,0,0.2358,0.3317,43.7926,34.9312,37.2872,209
hourly,validation,lstm_seq12_h128_l2_d0p0_lr0p001_bs64,1,0.1726,0.2959,28.6045,28.071,32.4698,209
hourly,validation,lstm_seq12_h128_l2_d0p0_lr0p001_bs64,2,0.1464,0.2468,26.1701,25.5966,30.5463,209
hourly,validation,lstm_seq12_h128_l2_d0p0_lr0p001_bs64,3,0.1215,0.2088,25.0414,22.7719,28.0703,209
hourly,validation,lstm_seq12_h128_l2_d0p0_lr0p001_bs64,4,0.1242,0.2004,27.757,25.9527,30.1553,209
hourly,validation,lstm_seq12_h128_l2_d0p0_lr0p001_bs64,5,0.1514,0.2277,31.4934,30.5604,34.4871,209
hourly,validation,lstm_seq12_h128_l2_d0p0_lr0p001_bs64,6,0.2906,0.3851,38.6924,34.7018,35.2134,209
hourly,validation,lstm_seq12_h128_l2_d0p0_lr0p001_bs64,7,0.495,0.6421,45.4979,33.8811,27.9574,210
hourly,validation,lstm_seq12_h128_l2_d0p0_lr0p001_bs64,8,0.3942,0.5088,34.811,27.1573,23.9079,210
hourly,validation,lstm_seq12_h128_l2_d0p0_lr0p001_bs64,9,0.3384,0.4463,30.0731,24.4189,21.8157,210
hourly,validation,lstm_seq12_h128_l2_d0p0_lr0p001_bs64,10,0.3556,0.4907,28.0732,25.1218,23.5218,210
hourly,validation,lstm_seq12_h128_l2_d0p0_lr0p001_bs64,11,0.4451,0.6479,37.3755,31.9905,29.4793,210
hourly,validation,lstm_seq12_h128_l2_d0p0_lr0p001_bs64,12,0.435,0.6401,39.0388,32.6438,29.8297,212
hourly,validation,lstm_seq12_h128_l2_d0p0_lr0p001_bs64,13,0.4234,0.5676,42.0891,36.4038,31.2017,212
hourly,validation,lstm_seq12_h128_l2_d0p0_lr0p001_bs64,14,0.4266,0.6031,44.2427,36.1101,34.0256,212
hourly,validation,lstm_seq12_h128_l2_d0p0_lr0p001_bs64,15,0.4445,0.6495,45.0125,37.9358,37.3921,211
hourly,validation,lstm_seq12_h128_l2_d0p0_lr0p001_bs64,16,0.3916,0.5675,39.1079,35.3579,33.4625,211
hourly,validation,lstm_seq12_h128_l2_d0p0_lr0p001_bs64,17,0.4596,0.6822,40.1679,35.3824,34.6048,211
hourly,validation,lstm_seq12_h128_l2_d0p0_lr0p001_bs64,18,0.5305,0.7178,43.6191,36.0078,32.4851,211
hourly,validation,lstm_seq12_h128_l2_d0p0_lr0p001_bs64,19,0.6247,0.7906,36.3815,32.7588,30.0323,211
hourly,validation,lstm_seq12_h128_l2_d0p0_lr0p001_bs64,20,0.6191,0.7868,35.8797,30.2144,27.0247,211
hourly,validation,lstm_seq12_h128_l2_d0p0_lr0p001_bs64,21,0.5104,0.6626,33.0375,27.6089,24.7689,211
hourly,validation,lstm_seq12_h128_l2_d0p0_lr0p001_bs64,22,0.4787,0.6042,45.6167,34.6242,31.7321,211
hourly,validation,lstm_seq12_h128_l2_d0p0_lr0p001_bs64,23,0.3902,0.4949,61.7107,43.2167,43.8988,211
summary,test,lstm_seq12_h128_l2_d0p0_lr0p001_bs64,,0.3345,0.4846,43.3896,35.7046,34.8909,5049
hourly,test,lstm_seq12_h128_l2_d0p0_lr0p001_bs64,0,0.2605,0.4115,41.0326,35.5061,39.4918,209
hourly,test,lstm_seq12_h128_l2_d0p0_lr0p001_bs64,1,0.2013,0.3253,30.0543,32.7738,35.4305,209
hourly,test,lstm_seq12_h128_l2_d0p0_lr0p001_bs64,2,0.174,0.2844,27.6999,29.9547,32.9856,209
hourly,test,lstm_seq12_h128_l2_d0p0_lr0p001_bs64,3,0.1345,0.2432,24.3773,24.5593,28.9012,209
hourly,test,lstm_seq12_h128_l2_d0p0_lr0p001_bs64,4,0.1478,0.2455,28.0745,27.9243,31.9248,209
hourly,test,lstm_seq12_h128_l2_d0p0_lr0p001_bs64,5,0.1454,0.2582,27.737,27.1903,32.334,209
hourly,test,lstm_seq12_h128_l2_d0p0_lr0p001_bs64,6,0.2141,0.2934,33.9947,32.5711,32.8361,209
hourly,test,lstm_seq12_h128_l2_d0p0_lr0p001_bs64,7,0.4475,0.5817,50.2523,38.0505,33.9892,209
hourly,test,lstm_seq12_h128_l2_d0p0_lr0p001_bs64,8,0.3199,0.4241,38.9415,28.5459,25.4862,209
hourly,test,lstm_seq12_h128_l2_d0p0_lr0p001_bs64,9,0.3352,0.4656,40.8391,31.6109,27.955,209
hourly,test,lstm_seq12_h128_l2_d0p0_lr0p001_bs64,10,0.3798,0.524,47.1447,36.5753,33.3309,209
hourly,test,lstm_seq12_h128_l2_d0p0_lr0p001_bs64,11,0.3863,0.5415,43.1342,36.5782,33.9116,209
hourly,test,lstm_seq12_h128_l2_d0p0_lr0p001_bs64,12,0.4061,0.5768,43.5571,38.5245,36.7569,211
hourly,test,lstm_seq12_h128_l2_d0p0_lr0p001_bs64,13,0.343,0.4625,39.5288,35.0057,32.9379,211
hourly,test,lstm_seq12_h128_l2_d0p0_lr0p001_bs64,14,0.37,0.5157,46.4233,38.7279,37.6565,211
hourly,test,lstm_seq12_h128_l2_d0p0_lr0p001_bs64,15,0.3251,0.4625,41.1315,35.7538,35.8208,212
hourly,test,lstm_seq12_h128_l2_d0p0_lr0p001_bs64,16,0.3253,0.4295,48.5184,39.7305,39.6266,212
hourly,test,lstm_seq12_h128_l2_d0p0_lr0p001_bs64,17,0.3613,0.5013,49.9777,41.0988,40.8827,212
hourly,test,lstm_seq12_h128_l2_d0p0_lr0p001_bs64,18,0.4559,0.6505,58.8891,44.7221,42.5602,212
hourly,test,lstm_seq12_h128_l2_d0p0_lr0p001_bs64,19,0.4615,0.6136,63.7082,41.5372,35.6383,212
hourly,test,lstm_seq12_h128_l2_d0p0_lr0p001_bs64,20,0.4598,0.5967,56.0828,37.4847,31.2512,212
hourly,test,lstm_seq12_h128_l2_d0p0_lr0p001_bs64,21,0.5439,0.6838,54.8842,40.8431,35.8685,212
hourly,test,lstm_seq12_h128_l2_d0p0_lr0p001_bs64,22,0.4438,0.5807,49.5162,38.1971,36.7212,212
hourly,test,lstm_seq12_h128_l2_d0p0_lr0p001_bs64,23,0.3746,0.5207,54.6105,42.8101,44.1098,212
summary,validation,lstm_seq12_h128_l2_d0p0_lr0p0005_bs64,,0.3812,0.5456,40.8631,32.266,30.4942,5048
hourly,validation,lstm_seq12_h128_l2_d0p0_lr0p0005_bs64,0,0.2532,0.3526,48.5508,37.121,40.0438,209
hourly,validation,lstm_seq12_h128_l2_d0p0_lr0p0005_bs64,1,0.1837,0.2974,33.9914,28.9249,34.5598,209
hourly,validation,lstm_seq12_h128_l2_d0p0_lr0p0005_bs64,2,0.151,0.2503,29.0722,25.8789,31.5048,209
hourly,validation,lstm_seq12_h128_l2_d0p0_lr0p0005_bs64,3,0.1266,0.2179,27.0581,23.5554,29.2474,209
hourly,validation,lstm_seq12_h128_l2_d0p0_lr0p0005_bs64,4,0.1287,0.2063,29.0186,26.8356,31.2436,209
hourly,validation,lstm_seq12_h128_l2_d0p0_lr0p0005_bs64,5,0.1527,0.224,32.2859,31.2272,34.7972,209
hourly,validation,lstm_seq12_h128_l2_d0p0_lr0p0005_bs64,6,0.2943,0.3871,40.9726,35.3312,35.6604,209
hourly,validation,lstm_seq12_h128_l2_d0p0_lr0p0005_bs64,7,0.507,0.6359,43.53,34.3573,28.6347,210
hourly,validation,lstm_seq12_h128_l2_d0p0_lr0p0005_bs64,8,0.4022,0.5185,34.8647,27.2073,24.396,210
hourly,validation,lstm_seq12_h128_l2_d0p0_lr0p0005_bs64,9,0.3388,0.4567,31.4078,24.0605,21.8409,210
hourly,validation,lstm_seq12_h128_l2_d0p0_lr0p0005_bs64,10,0.366,0.4947,31.472,25.5954,24.2138,210
hourly,validation,lstm_seq12_h128_l2_d0p0_lr0p0005_bs64,11,0.4135,0.6142,41.089,30.0388,27.3869,210
hourly,validation,lstm_seq12_h128_l2_d0p0_lr0p0005_bs64,12,0.4311,0.613,44.8981,32.3539,29.5595,212
hourly,validation,lstm_seq12_h128_l2_d0p0_lr0p0005_bs64,13,0.4216,0.568,48.8081,35.8325,31.0688,212
hourly,validation,lstm_seq12_h128_l2_d0p0_lr0p0005_bs64,14,0.4328,0.6006,51.4727,37.1395,34.5177,212
hourly,validation,lstm_seq12_h128_l2_d0p0_lr0p0005_bs64,15,0.4318,0.6346,50.893,37.8665,36.3272,211
hourly,validation,lstm_seq12_h128_l2_d0p0_lr0p0005_bs64,16,0.4065,0.5668,46.2257,36.9991,34.7378,211
hourly,validation,lstm_seq12_h128_l2_d0p0_lr0p0005_bs64,17,0.4599,0.6505,45.396,35.9591,34.6261,211
hourly,validation,lstm_seq12_h128_l2_d0p0_lr0p0005_bs64,18,0.518,0.6774,46.3601,35.4465,31.7211,211
hourly,validation,lstm_seq12_h128_l2_d0p0_lr0p0005_bs64,19,0.6615,0.8141,40.6017,33.8588,31.804,211
hourly,validation,lstm_seq12_h128_l2_d0p0_lr0p0005_bs64,20,0.6424,0.8002,40.0573,31.1578,28.0446,211
hourly,validation,lstm_seq12_h128_l2_d0p0_lr0p0005_bs64,21,0.5348,0.6882,36.3853,28.746,25.9529,211
hourly,validation,lstm_seq12_h128_l2_d0p0_lr0p0005_bs64,22,0.4878,0.61,45.3013,35.5018,32.3362,211
hourly,validation,lstm_seq12_h128_l2_d0p0_lr0p0005_bs64,23,0.3899,0.4947,60.3634,43.0932,43.8688,211
summary,test,lstm_seq12_h128_l2_d0p0_lr0p0005_bs64,,0.3345,0.4822,43.8011,35.308,34.8941,5049
hourly,test,lstm_seq12_h128_l2_d0p0_lr0p0005_bs64,0,0.2602,0.4103,40.3573,35.2813,39.4533,209
hourly,test,lstm_seq12_h128_l2_d0p0_lr0p0005_bs64,1,0.1918,0.3081,30.3713,30.2643,33.7582,209
hourly,test,lstm_seq12_h128_l2_d0p0_lr0p0005_bs64,2,0.1669,0.2665,28.0512,28.6832,31.6521,209
hourly,test,lstm_seq12_h128_l2_d0p0_lr0p0005_bs64,3,0.1351,0.2327,25.8272,25.3198,29.0314,209
hourly,test,lstm_seq12_h128_l2_d0p0_lr0p0005_bs64,4,0.1524,0.2463,29.5183,28.9526,32.9231,209
hourly,test,lstm_seq12_h128_l2_d0p0_lr0p0005_bs64,5,0.147,0.2506,29.4956,27.9582,32.6907,209
hourly,test,lstm_seq12_h128_l2_d0p0_lr0p0005_bs64,6,0.2178,0.2853,39.1655,32.783,33.3994,209
hourly,test,lstm_seq12_h128_l2_d0p0_lr0p0005_bs64,7,0.4352,0.5539,48.7909,37.5732,33.05,209
hourly,test,lstm_seq12_h128_l2_d0p0_lr0p0005_bs64,8,0.3346,0.4506,39.9955,29.8716,26.657,209
hourly,test,lstm_seq12_h128_l2_d0p0_lr0p0005_bs64,9,0.3456,0.4636,42.8708,32.7133,28.8191,209
hourly,test,lstm_seq12_h128_l2_d0p0_lr0p0005_bs64,10,0.3813,0.5155,50.1599,36.5791,33.4591,209
hourly,test,lstm_seq12_h128_l2_d0p0_lr0p0005_bs64,11,0.3761,0.5233,48.2872,36.4207,33.0141,209
hourly,test,lstm_seq12_h128_l2_d0p0_lr0p0005_bs64,12,0.4133,0.5777,49.0505,39.0243,37.4115,211
hourly,test,lstm_seq12_h128_l2_d0p0_lr0p0005_bs64,13,0.3554,0.4643,45.0327,36.6642,34.1235,211
hourly,test,lstm_seq12_h128_l2_d0p0_lr0p0005_bs64,14,0.3766,0.5097,50.5754,40.0874,38.3368,211
hourly,test,lstm_seq12_h128_l2_d0p0_lr0p0005_bs64,15,0.3359,0.471,45.6845,37.2673,37.0117,212
hourly,test,lstm_seq12_h128_l2_d0p0_lr0p0005_bs64,16,0.335,0.4528,51.3075,40.2068,40.8109,212
hourly,test,lstm_seq12_h128_l2_d0p0_lr0p0005_bs64,17,0.3667,0.5079,50.6534,40.2377,41.4918,212
hourly,test,lstm_seq12_h128_l2_d0p0_lr0p0005_bs64,18,0.4478,0.6514,55.0225,42.1065,41.802,212
hourly,test,lstm_seq12_h128_l2_d0p0_lr0p0005_bs64,19,0.4722,0.6157,58.2573,40.0762,36.4636,212
hourly,test,lstm_seq12_h128_l2_d0p0_lr0p0005_bs64,20,0.4679,0.6073,51.8366,35.7602,31.8052,212
hourly,test,lstm_seq12_h128_l2_d0p0_lr0p0005_bs64,21,0.5211,0.6723,48.9571,37.7311,34.3611,212
hourly,test,lstm_seq12_h128_l2_d0p0_lr0p0005_bs64,22,0.4276,0.5732,43.5418,35.9684,35.385,212
hourly,test,lstm_seq12_h128_l2_d0p0_lr0p0005_bs64,23,0.3539,0.5136,47.4495,39.3234,41.6733,212
summary,validation,lstm_seq12_h128_l2_d0p2_lr0p001_bs64,,0.3793,0.5459,39.9544,31.8196,30.3416,5048
hourly,validation,lstm_seq12_h128_l2_d0p2_lr0p001_bs64,0,0.2362,0.3375,45.115,34.7892,37.3556,209
hourly,validation,lstm_seq12_h128_l2_d0p2_lr0p001_bs64,1,0.1761,0.2988,31.7464,27.4934,33.1349,209
hourly,validation,lstm_seq12_h128_l2_d0p2_lr0p001_bs64,2,0.1469,0.2569,28.1226,24.6467,30.6461,209
hourly,validation,lstm_seq12_h128_l2_d0p2_lr0p001_bs64,3,0.1236,0.2233,26.4344,22.8988,28.5394,209
hourly,validation,lstm_seq12_h128_l2_d0p2_lr0p001_bs64,4,0.1245,0.2041,27.87,25.8986,30.2159,209
hourly,validation,lstm_seq12_h128_l2_d0p2_lr0p001_bs64,5,0.155,0.2152,34.0235,32.1214,35.3027,209
hourly,validation,lstm_seq12_h128_l2_d0p2_lr0p001_bs64,6,0.2927,0.3874,41.3872,35.0834,35.4728,209
hourly,validation,lstm_seq12_h128_l2_d0p2_lr0p001_bs64,7,0.4946,0.6364,40.7859,32.6643,27.9342,210
hourly,validation,lstm_seq12_h128_l2_d0p2_lr0p001_bs64,8,0.3888,0.5084,32.6179,26.3952,23.5813,210
hourly,validation,lstm_seq12_h128_l2_d0p2_lr0p001_bs64,9,0.3361,0.4536,31.1726,23.9535,21.6708,210
hourly,validation,lstm_seq12_h128_l2_d0p2_lr0p001_bs64,10,0.3664,0.493,31.7121,25.6929,24.24,210
hourly,validation,lstm_seq12_h128_l2_d0p2_lr0p001_bs64,11,0.4198,0.6216,40.7435,30.2149,27.8009,210
hourly,validation,lstm_seq12_h128_l2_d0p2_lr0p001_bs64,12,0.4329,0.6115,43.1065,32.4177,29.6857,212
hourly,validation,lstm_seq12_h128_l2_d0p2_lr0p001_bs64,13,0.4278,0.5696,46.7377,35.7246,31.5231,212
hourly,validation,lstm_seq12_h128_l2_d0p2_lr0p001_bs64,14,0.4344,0.6006,49.5848,36.6365,34.6463,212
hourly,validation,lstm_seq12_h128_l2_d0p2_lr0p001_bs64,15,0.445,0.6564,50.817,38.2322,37.4359,211
hourly,validation,lstm_seq12_h128_l2_d0p2_lr0p001_bs64,16,0.4049,0.563,44.9423,36.6558,34.5996,211
hourly,validation,lstm_seq12_h128_l2_d0p2_lr0p001_bs64,17,0.4486,0.6314,44.207,35.6253,33.7753,211
hourly,validation,lstm_seq12_h128_l2_d0p2_lr0p001_bs64,18,0.5183,0.6787,44.9998,34.9176,31.7355,211
hourly,validation,lstm_seq12_h128_l2_d0p2_lr0p001_bs64,19,0.6576,0.8094,40.5599,33.5097,31.6144,211
hourly,validation,lstm_seq12_h128_l2_d0p2_lr0p001_bs64,20,0.6387,0.8055,39.3537,30.8487,27.8829,211
hourly,validation,lstm_seq12_h128_l2_d0p2_lr0p001_bs64,21,0.5378,0.6926,36.0956,28.6091,26.0988,211
hourly,validation,lstm_seq12_h128_l2_d0p2_lr0p001_bs64,22,0.5001,0.6226,46.6934,36.0798,33.1525,211
hourly,validation,lstm_seq12_h128_l2_d0p2_lr0p001_bs64,23,0.3832,0.4931,59.4498,42.2322,43.1089,211
summary,test,lstm_seq12_h128_l2_d0p2_lr0p001_bs64,,0.3323,0.4826,42.6054,34.8466,34.6582,5049
hourly,test,lstm_seq12_h128_l2_d0p2_lr0p001_bs64,0,0.2552,0.409,38.4965,34.1694,38.6907,209
hourly,test,lstm_seq12_h128_l2_d0p2_lr0p001_bs64,1,0.1874,0.309,28.3922,29.5904,32.9859,209
hourly,test,lstm_seq12_h128_l2_d0p2_lr0p001_bs64,2,0.1618,0.2673,26.3436,28.1101,30.6844,209
hourly,test,lstm_seq12_h128_l2_d0p2_lr0p001_bs64,3,0.1239,0.2259,22.7224,23.5739,26.631,209
hourly,test,lstm_seq12_h128_l2_d0p2_lr0p001_bs64,4,0.1551,0.2519,29.2888,29.6316,33.5034,209
hourly,test,lstm_seq12_h128_l2_d0p2_lr0p001_bs64,5,0.152,0.2522,31.0712,29.4617,33.7883,209
hourly,test,lstm_seq12_h128_l2_d0p2_lr0p001_bs64,6,0.2187,0.2822,39.6272,32.6984,33.5349,209
hourly,test,lstm_seq12_h128_l2_d0p2_lr0p001_bs64,7,0.4223,0.545,48.2748,36.6875,32.0749,209
hourly,test,lstm_seq12_h128_l2_d0p2_lr0p001_bs64,8,0.326,0.4389,39.8882,29.9334,25.9711,209
hourly,test,lstm_seq12_h128_l2_d0p2_lr0p001_bs64,9,0.3422,0.4647,42.2142,32.4218,28.5396,209
hourly,test,lstm_seq12_h128_l2_d0p2_lr0p001_bs64,10,0.3803,0.5192,48.146,36.0401,33.3739,209
hourly,test,lstm_seq12_h128_l2_d0p2_lr0p001_bs64,11,0.3737,0.5209,45.4429,35.7302,32.8049,209
hourly,test,lstm_seq12_h128_l2_d0p2_lr0p001_bs64,12,0.4075,0.577,45.2398,37.4574,36.8871,211
hourly,test,lstm_seq12_h128_l2_d0p2_lr0p001_bs64,13,0.3542,0.4731,42.3974,35.6558,34.013,211
hourly,test,lstm_seq12_h128_l2_d0p2_lr0p001_bs64,14,0.3844,0.5221,49.9223,40.4502,39.1273,211
hourly,test,lstm_seq12_h128_l2_d0p2_lr0p001_bs64,15,0.3352,0.4715,44.2789,36.6488,36.9367,212
hourly,test,lstm_seq12_h128_l2_d0p2_lr0p001_bs64,16,0.3281,0.4489,49.8603,39.6846,39.9657,212
hourly,test,lstm_seq12_h128_l2_d0p2_lr0p001_bs64,17,0.368,0.5173,49.5398,40.6114,41.6319,212
hourly,test,lstm_seq12_h128_l2_d0p2_lr0p001_bs64,18,0.4394,0.6454,52.5838,40.8083,41.0191,212
hourly,test,lstm_seq12_h128_l2_d0p2_lr0p001_bs64,19,0.477,0.6256,58.1359,39.5274,36.8405,212
hourly,test,lstm_seq12_h128_l2_d0p2_lr0p001_bs64,20,0.4653,0.611,50.6197,35.2845,31.6238,212
hourly,test,lstm_seq12_h128_l2_d0p2_lr0p001_bs64,21,0.5269,0.6712,49.3407,37.7823,34.7469,212
hourly,test,lstm_seq12_h128_l2_d0p2_lr0p001_bs64,22,0.4361,0.5802,44.1138,36.1939,36.083,212
hourly,test,lstm_seq12_h128_l2_d0p2_lr0p001_bs64,23,0.3422,0.4991,45.6262,37.6401,40.2938,212
summary,validation,lstm_seq12_h128_l2_d0p2_lr0p0005_bs64,,0.381,0.5437,40.921,32.4561,30.4804,5048
hourly,validation,lstm_seq12_h128_l2_d0p2_lr0p0005_bs64,0,0.2497,0.3547,47.5851,36.2636,39.4897,209
hourly,validation,lstm_seq12_h128_l2_d0p2_lr0p0005_bs64,1,0.1896,0.302,35.6291,29.9772,35.6619,209
hourly,validation,lstm_seq12_h128_l2_d0p2_lr0p0005_bs64,2,0.1537,0.2523,30.4442,26.3382,32.0742,209
hourly,validation,lstm_seq12_h128_l2_d0p2_lr0p0005_bs64,3,0.1315,0.2195,28.7008,24.6353,30.3788,209
hourly,validation,lstm_seq12_h128_l2_d0p2_lr0p0005_bs64,4,0.1282,0.199,29.2053,27.0254,31.1143,209
hourly,validation,lstm_seq12_h128_l2_d0p2_lr0p0005_bs64,5,0.1543,0.2196,33.4962,31.8777,35.1602,209
hourly,validation,lstm_seq12_h128_l2_d0p2_lr0p0005_bs64,6,0.2979,0.3892,41.6962,35.8498,36.0993,209
hourly,validation,lstm_seq12_h128_l2_d0p2_lr0p0005_bs64,7,0.5048,0.6338,43.0212,34.3884,28.5094,210
hourly,validation,lstm_seq12_h128_l2_d0p2_lr0p0005_bs64,8,0.3926,0.5121,33.8496,26.6679,23.8089,210
hourly,validation,lstm_seq12_h128_l2_d0p2_lr0p0005_bs64,9,0.3377,0.4526,31.293,24.0127,21.771,210
hourly,validation,lstm_seq12_h128_l2_d0p2_lr0p0005_bs64,10,0.3606,0.4893,30.9915,25.3802,23.8556,210
hourly,validation,lstm_seq12_h128_l2_d0p2_lr0p0005_bs64,11,0.4243,0.6246,41.2688,30.6086,28.0983,210
hourly,validation,lstm_seq12_h128_l2_d0p2_lr0p0005_bs64,12,0.4378,0.619,45.2493,32.9099,30.0175,212
hourly,validation,lstm_seq12_h128_l2_d0p2_lr0p0005_bs64,13,0.4227,0.5648,47.9987,35.8535,31.1479,212
hourly,validation,lstm_seq12_h128_l2_d0p2_lr0p0005_bs64,14,0.4381,0.6042,51.6665,37.6967,34.9424,212
hourly,validation,lstm_seq12_h128_l2_d0p2_lr0p0005_bs64,15,0.4393,0.6417,51.9166,38.7093,36.9554,211
hourly,validation,lstm_seq12_h128_l2_d0p2_lr0p0005_bs64,16,0.405,0.5572,46.6515,37.3198,34.611,211
hourly,validation,lstm_seq12_h128_l2_d0p2_lr0p0005_bs64,17,0.4527,0.6377,45.2308,35.9104,34.0851,211
hourly,validation,lstm_seq12_h128_l2_d0p2_lr0p0005_bs64,18,0.5211,0.6823,46.2766,35.7555,31.9078,211
hourly,validation,lstm_seq12_h128_l2_d0p2_lr0p0005_bs64,19,0.6549,0.8023,40.0714,33.6719,31.4832,211
hourly,validation,lstm_seq12_h128_l2_d0p2_lr0p0005_bs64,20,0.6268,0.7905,38.2405,30.6044,27.3634,211
hourly,validation,lstm_seq12_h128_l2_d0p2_lr0p0005_bs64,21,0.5335,0.6833,35.9468,28.9422,25.8883,211
hourly,validation,lstm_seq12_h128_l2_d0p2_lr0p0005_bs64,22,0.4862,0.6088,44.435,35.2373,32.2333,211
hourly,validation,lstm_seq12_h128_l2_d0p2_lr0p0005_bs64,23,0.3891,0.4954,60.6435,43.0215,43.7727,211
summary,test,lstm_seq12_h128_l2_d0p2_lr0p0005_bs64,,0.3333,0.4806,43.5645,35.2091,34.7663,5049
hourly,test,lstm_seq12_h128_l2_d0p2_lr0p0005_bs64,0,0.2557,0.4069,39.5413,34.6033,38.7612,209
hourly,test,lstm_seq12_h128_l2_d0p2_lr0p0005_bs64,1,0.189,0.308,29.5935,29.3866,33.2618,209
hourly,test,lstm_seq12_h128_l2_d0p2_lr0p0005_bs64,2,0.1646,0.2639,27.9907,28.2697,31.217,209
hourly,test,lstm_seq12_h128_l2_d0p2_lr0p0005_bs64,3,0.1349,0.2301,26.2382,25.4907,28.9991,209
hourly,test,lstm_seq12_h128_l2_d0p2_lr0p0005_bs64,4,0.1554,0.2454,30.663,29.7792,33.5777,209
hourly,test,lstm_seq12_h128_l2_d0p2_lr0p0005_bs64,5,0.1501,0.2492,30.8424,28.9378,33.384,209
hourly,test,lstm_seq12_h128_l2_d0p2_lr0p0005_bs64,6,0.2099,0.2799,37.1814,31.7379,32.1977,209
hourly,test,lstm_seq12_h128_l2_d0p2_lr0p0005_bs64,7,0.4378,0.5558,48.2621,37.7957,33.2491,209
hourly,test,lstm_seq12_h128_l2_d0p2_lr0p0005_bs64,8,0.3253,0.4375,39.0001,29.2283,25.9204,209
hourly,test,lstm_seq12_h128_l2_d0p2_lr0p0005_bs64,9,0.3474,0.4685,42.4757,32.2848,28.9711,209
hourly,test,lstm_seq12_h128_l2_d0p2_lr0p0005_bs64,10,0.3817,0.5212,49.7129,36.3945,33.4978,209
hourly,test,lstm_seq12_h128_l2_d0p2_lr0p0005_bs64,11,0.3787,0.5249,47.8828,36.4519,33.2377,209
hourly,test,lstm_seq12_h128_l2_d0p2_lr0p0005_bs64,12,0.4132,0.5751,49.1047,38.7945,37.4023,211
hourly,test,lstm_seq12_h128_l2_d0p2_lr0p0005_bs64,13,0.3534,0.4622,44.4609,36.2267,33.9375,211
hourly,test,lstm_seq12_h128_l2_d0p2_lr0p0005_bs64,14,0.3824,0.5169,51.3456,40.8824,38.9211,211
hourly,test,lstm_seq12_h128_l2_d0p2_lr0p0005_bs64,15,0.3371,0.4704,46.0443,37.9182,37.1452,212
hourly,test,lstm_seq12_h128_l2_d0p2_lr0p0005_bs64,16,0.3328,0.4412,51.6228,40.3038,40.5429,212
hourly,test,lstm_seq12_h128_l2_d0p2_lr0p0005_bs64,17,0.3658,0.5108,50.8911,40.6158,41.3815,212
hourly,test,lstm_seq12_h128_l2_d0p2_lr0p0005_bs64,18,0.455,0.6608,56.3783,42.826,42.47,212
hourly,test,lstm_seq12_h128_l2_d0p2_lr0p0005_bs64,19,0.4734,0.6211,59.2732,39.4022,36.5577,212
hourly,test,lstm_seq12_h128_l2_d0p2_lr0p0005_bs64,20,0.4612,0.6025,49.7302,34.9757,31.3455,212
hourly,test,lstm_seq12_h128_l2_d0p2_lr0p0005_bs64,21,0.5128,0.6635,46.5686,37.1094,33.8156,212
hourly,test,lstm_seq12_h128_l2_d0p2_lr0p0005_bs64,22,0.4161,0.5549,42.2122,35.4645,34.43,212
hourly,test,lstm_seq12_h128_l2_d0p2_lr0p0005_bs64,23,0.3543,0.5077,47.5604,39.5909,41.7233,212
summary,validation,lstm_seq12_h128_l2_d0p3_lr0p001_bs64,,0.3812,0.5463,40.9082,32.089,30.4899,5048
hourly,validation,lstm_seq12_h128_l2_d0p3_lr0p001_bs64,0,0.2394,0.3447,45.7256,35.1394,37.8527,209
hourly,validation,lstm_seq12_h128_l2_d0p3_lr0p001_bs64,1,0.1822,0.3022,33.3906,28.6124,34.2793,209
hourly,validation,lstm_seq12_h128_l2_d0p3_lr0p001_bs64,2,0.1492,0.2535,29.0867,25.2705,31.1346,209
hourly,validation,lstm_seq12_h128_l2_d0p3_lr0p001_bs64,3,0.1269,0.2162,27.9188,24.0464,29.3132,209
hourly,validation,lstm_seq12_h128_l2_d0p3_lr0p001_bs64,4,0.1264,0.1995,28.9887,26.6654,30.6773,209
hourly,validation,lstm_seq12_h128_l2_d0p3_lr0p001_bs64,5,0.148,0.2157,31.1265,30.5094,33.712,209
hourly,validation,lstm_seq12_h128_l2_d0p3_lr0p001_bs64,6,0.3003,0.3934,42.6345,35.7731,36.3901,209
hourly,validation,lstm_seq12_h128_l2_d0p3_lr0p001_bs64,7,0.4795,0.6204,41.8129,31.9897,27.0819,210
hourly,validation,lstm_seq12_h128_l2_d0p3_lr0p001_bs64,8,0.3897,0.506,33.347,26.4452,23.6364,210
hourly,validation,lstm_seq12_h128_l2_d0p3_lr0p001_bs64,9,0.336,0.4558,31.3983,23.7722,21.6585,210
hourly,validation,lstm_seq12_h128_l2_d0p3_lr0p001_bs64,10,0.3689,0.4939,32.0151,25.9199,24.4056,210
hourly,validation,lstm_seq12_h128_l2_d0p3_lr0p001_bs64,11,0.4213,0.6229,41.1948,30.325,27.9051,210
hourly,validation,lstm_seq12_h128_l2_d0p3_lr0p001_bs64,12,0.4366,0.6119,44.5075,32.6992,29.9388,212
hourly,validation,lstm_seq12_h128_l2_d0p3_lr0p001_bs64,13,0.4301,0.5715,48.555,36.0233,31.6954,212
hourly,validation,lstm_seq12_h128_l2_d0p3_lr0p001_bs64,14,0.4375,0.6025,51.7151,37.212,34.8944,212
hourly,validation,lstm_seq12_h128_l2_d0p3_lr0p001_bs64,15,0.4397,0.6448,51.642,38.2242,36.9951,211
hourly,validation,lstm_seq12_h128_l2_d0p3_lr0p001_bs64,16,0.4113,0.5685,46.8297,37.4164,35.1471,211
hourly,validation,lstm_seq12_h128_l2_d0p3_lr0p001_bs64,17,0.4524,0.6333,45.1965,35.8194,34.0581,211
hourly,validation,lstm_seq12_h128_l2_d0p3_lr0p001_bs64,18,0.5311,0.6905,47.4185,35.8389,32.5196,211
hourly,validation,lstm_seq12_h128_l2_d0p3_lr0p001_bs64,19,0.6674,0.8147,41.9611,34.1371,32.0852,211
hourly,validation,lstm_seq12_h128_l2_d0p3_lr0p001_bs64,20,0.6504,0.8135,41.081,31.4707,28.3933,211
hourly,validation,lstm_seq12_h128_l2_d0p3_lr0p001_bs64,21,0.5266,0.6832,36.1297,28.1565,25.5522,211
hourly,validation,lstm_seq12_h128_l2_d0p3_lr0p001_bs64,22,0.4987,0.6234,46.9537,35.775,33.057,211
hourly,validation,lstm_seq12_h128_l2_d0p3_lr0p001_bs64,23,0.3848,0.4934,60.4955,42.5686,43.2944,211
summary,test,lstm_seq12_h128_l2_d0p3_lr0p001_bs64,,0.3337,0.4849,43.1438,34.8105,34.8075,5049
hourly,test,lstm_seq12_h128_l2_d0p3_lr0p001_bs64,0,0.2566,0.4145,39.3237,34.1627,38.9018,209
hourly,test,lstm_seq12_h128_l2_d0p3_lr0p001_bs64,1,0.1866,0.3044,28.8025,29.2954,32.8434,209
hourly,test,lstm_seq12_h128_l2_d0p3_lr0p001_bs64,2,0.1594,0.2622,26.5972,27.6316,30.2197,209
hourly,test,lstm_seq12_h128_l2_d0p3_lr0p001_bs64,3,0.1255,0.2238,23.7646,23.8859,26.984,209
hourly,test,lstm_seq12_h128_l2_d0p3_lr0p001_bs64,4,0.1557,0.2498,30.002,29.7882,33.639,209
hourly,test,lstm_seq12_h128_l2_d0p3_lr0p001_bs64,5,0.1461,0.2513,28.6806,28.0288,32.4775,209
hourly,test,lstm_seq12_h128_l2_d0p3_lr0p001_bs64,6,0.217,0.2848,38.091,32.4051,33.275,209
hourly,test,lstm_seq12_h128_l2_d0p3_lr0p001_bs64,7,0.4182,0.5353,47.6703,36.5421,31.7591,209
hourly,test,lstm_seq12_h128_l2_d0p3_lr0p001_bs64,8,0.3261,0.445,39.6838,29.3344,25.9779,209
hourly,test,lstm_seq12_h128_l2_d0p3_lr0p001_bs64,9,0.3378,0.4635,41.7589,31.5865,28.1674,209
hourly,test,lstm_seq12_h128_l2_d0p3_lr0p001_bs64,10,0.3788,0.5167,48.0947,35.7363,33.2424,209
hourly,test,lstm_seq12_h128_l2_d0p3_lr0p001_bs64,11,0.3707,0.5202,45.1468,35.4606,32.5395,209
hourly,test,lstm_seq12_h128_l2_d0p3_lr0p001_bs64,12,0.4096,0.5785,45.9894,37.7292,37.069,211
hourly,test,lstm_seq12_h128_l2_d0p3_lr0p001_bs64,13,0.3525,0.4699,42.9413,35.8614,33.8442,211
hourly,test,lstm_seq12_h128_l2_d0p3_lr0p001_bs64,14,0.3838,0.5226,50.0669,40.2906,39.0622,211
hourly,test,lstm_seq12_h128_l2_d0p3_lr0p001_bs64,15,0.3355,0.4727,45.2983,36.7669,36.9649,212
hourly,test,lstm_seq12_h128_l2_d0p3_lr0p001_bs64,16,0.3339,0.454,50.6163,39.8632,40.6737,212
hourly,test,lstm_seq12_h128_l2_d0p3_lr0p001_bs64,17,0.3703,0.5196,50.1976,40.567,41.8977,212
hourly,test,lstm_seq12_h128_l2_d0p3_lr0p001_bs64,18,0.4519,0.6576,55.5164,41.659,42.1874,212
hourly,test,lstm_seq12_h128_l2_d0p3_lr0p001_bs64,19,0.4953,0.6431,61.2039,40.2883,38.2512,212
hourly,test,lstm_seq12_h128_l2_d0p3_lr0p001_bs64,20,0.4721,0.6232,52.5566,35.5675,32.0877,212
hourly,test,lstm_seq12_h128_l2_d0p3_lr0p001_bs64,21,0.5323,0.6765,50.2639,37.8754,35.1028,212
hourly,test,lstm_seq12_h128_l2_d0p3_lr0p001_bs64,22,0.4335,0.5744,45.1392,36.335,35.8675,212
hourly,test,lstm_seq12_h128_l2_d0p3_lr0p001_bs64,23,0.3478,0.5028,46.9576,38.2149,40.9529,212
summary,validation,lstm_seq12_h128_l2_d0p3_lr0p0005_bs64,,0.3801,0.5423,40.679,32.3765,30.4015,5048
hourly,validation,lstm_seq12_h128_l2_d0p3_lr0p0005_bs64,0,0.2422,0.3463,45.6263,35.1868,38.2934,209
hourly,validation,lstm_seq12_h128_l2_d0p3_lr0p0005_bs64,1,0.1879,0.301,35.2494,29.9495,35.3471,209
hourly,validation,lstm_seq12_h128_l2_d0p3_lr0p0005_bs64,2,0.1535,0.2491,30.649,26.5607,32.0126,209
hourly,validation,lstm_seq12_h128_l2_d0p3_lr0p0005_bs64,3,0.1335,0.2218,29.3425,25.0669,30.838,209
hourly,validation,lstm_seq12_h128_l2_d0p3_lr0p0005_bs64,4,0.1287,0.1986,29.542,27.1792,31.2304,209
hourly,validation,lstm_seq12_h128_l2_d0p3_lr0p0005_bs64,5,0.156,0.2203,33.9105,32.1932,35.5277,209
hourly,validation,lstm_seq12_h128_l2_d0p3_lr0p0005_bs64,6,0.2915,0.3818,40.1643,35.2074,35.3237,209
hourly,validation,lstm_seq12_h128_l2_d0p3_lr0p0005_bs64,7,0.5047,0.6369,42.7354,34.1708,28.5032,210
hourly,validation,lstm_seq12_h128_l2_d0p3_lr0p0005_bs64,8,0.392,0.5092,33.9318,26.711,23.7735,210
hourly,validation,lstm_seq12_h128_l2_d0p3_lr0p0005_bs64,9,0.34,0.4535,31.3355,24.3038,21.9195,210
hourly,validation,lstm_seq12_h128_l2_d0p3_lr0p0005_bs64,10,0.3595,0.4874,30.621,25.3991,23.7835,210
hourly,validation,lstm_seq12_h128_l2_d0p3_lr0p0005_bs64,11,0.4254,0.6266,40.9273,30.6394,28.1739,210
hourly,validation,lstm_seq12_h128_l2_d0p3_lr0p0005_bs64,12,0.4366,0.6183,44.843,32.8043,29.94,212
hourly,validation,lstm_seq12_h128_l2_d0p3_lr0p0005_bs64,13,0.4246,0.5666,47.5897,35.9782,31.2889,212
hourly,validation,lstm_seq12_h128_l2_d0p3_lr0p0005_bs64,14,0.4396,0.6051,51.0285,37.7328,35.0567,212
hourly,validation,lstm_seq12_h128_l2_d0p3_lr0p0005_bs64,15,0.4404,0.6404,51.5007,38.7034,37.0539,211
hourly,validation,lstm_seq12_h128_l2_d0p3_lr0p0005_bs64,16,0.4051,0.5587,46.7092,37.3207,34.6183,211
hourly,validation,lstm_seq12_h128_l2_d0p3_lr0p0005_bs64,17,0.4534,0.6373,45.655,35.8579,34.1365,211
hourly,validation,lstm_seq12_h128_l2_d0p3_lr0p0005_bs64,18,0.5226,0.6827,47.0244,35.8662,32.0011,211
hourly,validation,lstm_seq12_h128_l2_d0p3_lr0p0005_bs64,19,0.6523,0.7976,40.4083,33.6133,31.3626,211
hourly,validation,lstm_seq12_h128_l2_d0p3_lr0p0005_bs64,20,0.6241,0.7891,38.2783,30.4447,27.2433,211
hourly,validation,lstm_seq12_h128_l2_d0p3_lr0p0005_bs64,21,0.5309,0.6758,35.7113,28.7807,25.7617,211
hourly,validation,lstm_seq12_h128_l2_d0p3_lr0p0005_bs64,22,0.4816,0.6038,43.8692,34.7624,31.9251,211
hourly,validation,lstm_seq12_h128_l2_d0p3_lr0p0005_bs64,23,0.3824,0.4917,59.0477,42.3167,43.0213,211
summary,test,lstm_seq12_h128_l2_d0p3_lr0p0005_bs64,,0.3329,0.481,43.2945,35.1365,34.7212,5049
hourly,test,lstm_seq12_h128_l2_d0p3_lr0p0005_bs64,0,0.2485,0.4031,37.3605,33.4449,37.6682,209
hourly,test,lstm_seq12_h128_l2_d0p3_lr0p0005_bs64,1,0.1876,0.3082,29.1659,29.2074,33.0258,209
hourly,test,lstm_seq12_h128_l2_d0p3_lr0p0005_bs64,2,0.166,0.2639,28.5225,28.6073,31.4853,209
hourly,test,lstm_seq12_h128_l2_d0p3_lr0p0005_bs64,3,0.1372,0.2306,26.8722,25.9908,29.4867,209
hourly,test,lstm_seq12_h128_l2_d0p3_lr0p0005_bs64,4,0.156,0.2469,30.8494,29.8532,33.7072,209
hourly,test,lstm_seq12_h128_l2_d0p3_lr0p0005_bs64,5,0.1503,0.2499,30.7904,28.9151,33.4199,209
hourly,test,lstm_seq12_h128_l2_d0p3_lr0p0005_bs64,6,0.2077,0.2759,36.1746,31.5069,31.855,209
hourly,test,lstm_seq12_h128_l2_d0p3_lr0p0005_bs64,7,0.4398,0.5593,47.7972,37.9282,33.4028,209
hourly,test,lstm_seq12_h128_l2_d0p3_lr0p0005_bs64,8,0.3211,0.4338,38.7068,28.8918,25.5837,209
hourly,test,lstm_seq12_h128_l2_d0p3_lr0p0005_bs64,9,0.3509,0.4715,42.7085,32.6681,29.2628,209
hourly,test,lstm_seq12_h128_l2_d0p3_lr0p0005_bs64,10,0.3828,0.5231,49.3341,36.5707,33.5947,209
hourly,test,lstm_seq12_h128_l2_d0p3_lr0p0005_bs64,11,0.3791,0.5255,47.2028,36.5106,33.2729,209
hourly,test,lstm_seq12_h128_l2_d0p3_lr0p0005_bs64,12,0.4148,0.5776,48.974,38.8678,37.5451,211
hourly,test,lstm_seq12_h128_l2_d0p3_lr0p0005_bs64,13,0.352,0.4623,43.6952,36.0382,33.7986,211
hourly,test,lstm_seq12_h128_l2_d0p3_lr0p0005_bs64,14,0.3817,0.5159,50.6397,40.716,38.8475,211
hourly,test,lstm_seq12_h128_l2_d0p3_lr0p0005_bs64,15,0.3333,0.4697,45.0339,37.1445,36.729,212
hourly,test,lstm_seq12_h128_l2_d0p3_lr0p0005_bs64,16,0.3298,0.437,51.2128,40.1331,40.1781,212
hourly,test,lstm_seq12_h128_l2_d0p3_lr0p0005_bs64,17,0.3627,0.5082,50.518,40.3969,41.0311,212
hourly,test,lstm_seq12_h128_l2_d0p3_lr0p0005_bs64,18,0.455,0.6617,56.6467,42.6112,42.4748,212
hourly,test,lstm_seq12_h128_l2_d0p3_lr0p0005_bs64,19,0.4754,0.6246,61.1124,39.7666,36.713,212
hourly,test,lstm_seq12_h128_l2_d0p3_lr0p0005_bs64,20,0.4665,0.6059,50.234,35.4051,31.7061,212
hourly,test,lstm_seq12_h128_l2_d0p3_lr0p0005_bs64,21,0.5138,0.6669,46.3329,37.0672,33.8793,212
hourly,test,lstm_seq12_h128_l2_d0p3_lr0p0005_bs64,22,0.4153,0.554,41.7226,35.2907,34.3682,212
hourly,test,lstm_seq12_h128_l2_d0p3_lr0p0005_bs64,23,0.3504,0.5061,46.4768,39.2041,41.2611,212
summary,validation,lstm_seq24_h32_l1_d0p0_lr0p001_bs64,,0.3765,0.5373,40.3828,32.5011,30.1643,5024
hourly,validation,lstm_seq24_h32_l1_d0p0_lr0p001_bs64,0,0.2251,0.3286,39.7028,32.7953,35.6013,209
hourly,validation,lstm_seq24_h32_l1_d0p0_lr0p001_bs64,1,0.1717,0.282,31.3749,27.8947,32.3036,209
hourly,validation,lstm_seq24_h32_l1_d0p0_lr0p001_bs64,2,0.1511,0.2438,31.4026,26.5953,31.5263,209
hourly,validation,lstm_seq24_h32_l1_d0p0_lr0p001_bs64,3,0.1418,0.2143,32.7821,27.5296,32.7503,209
hourly,validation,lstm_seq24_h32_l1_d0p0_lr0p001_bs64,4,0.1413,0.213,34.0832,29.4638,34.2902,209
hourly,validation,lstm_seq24_h32_l1_d0p0_lr0p001_bs64,5,0.1857,0.2265,46.9617,38.2999,42.3034,209
hourly,validation,lstm_seq24_h32_l1_d0p0_lr0p001_bs64,6,0.3287,0.4173,48.3564,39.1424,39.8355,209
hourly,validation,lstm_seq24_h32_l1_d0p0_lr0p001_bs64,7,0.5222,0.647,47.7098,36.1409,29.4922,210
hourly,validation,lstm_seq24_h32_l1_d0p0_lr0p001_bs64,8,0.3779,0.492,31.5781,25.6687,22.9186,210
hourly,validation,lstm_seq24_h32_l1_d0p0_lr0p001_bs64,9,0.3413,0.451,30.7205,24.4926,22.0016,210
hourly,validation,lstm_seq24_h32_l1_d0p0_lr0p001_bs64,10,0.354,0.4823,29.395,24.7753,23.4171,210
hourly,validation,lstm_seq24_h32_l1_d0p0_lr0p001_bs64,11,0.4028,0.6158,38.6026,29.3027,26.6739,210
hourly,validation,lstm_seq24_h32_l1_d0p0_lr0p001_bs64,12,0.4243,0.6156,42.1906,31.7849,29.1276,210
hourly,validation,lstm_seq24_h32_l1_d0p0_lr0p001_bs64,13,0.4165,0.5676,44.5689,35.4482,30.7301,210
hourly,validation,lstm_seq24_h32_l1_d0p0_lr0p001_bs64,14,0.4348,0.6155,47.1298,36.7129,34.7475,210
hourly,validation,lstm_seq24_h32_l1_d0p0_lr0p001_bs64,15,0.4389,0.6417,46.9669,37.5239,36.865,209
hourly,validation,lstm_seq24_h32_l1_d0p0_lr0p001_bs64,16,0.401,0.5654,45.0994,36.3801,34.3199,209
hourly,validation,lstm_seq24_h32_l1_d0p0_lr0p001_bs64,17,0.4839,0.6739,50.2087,38.5484,36.3684,209
hourly,validation,lstm_seq24_h32_l1_d0p0_lr0p001_bs64,18,0.5267,0.6834,47.6755,36.2684,32.1635,209
hourly,validation,lstm_seq24_h32_l1_d0p0_lr0p001_bs64,19,0.6231,0.7689,37.435,32.59,29.9547,209
hourly,validation,lstm_seq24_h32_l1_d0p0_lr0p001_bs64,20,0.6112,0.7651,37.852,30.4109,26.843,209
hourly,validation,lstm_seq24_h32_l1_d0p0_lr0p001_bs64,21,0.5064,0.6436,33.4925,27.8798,24.7079,209
hourly,validation,lstm_seq24_h32_l1_d0p0_lr0p001_bs64,22,0.4636,0.5827,41.1157,34.3102,30.6611,209
hourly,validation,lstm_seq24_h32_l1_d0p0_lr0p001_bs64,23,0.3605,0.473,52.8357,40.1414,40.445,209
summary,test,lstm_seq24_h32_l1_d0p0_lr0p001_bs64,,0.3339,0.4793,44.4141,35.8009,34.8059,5025
hourly,test,lstm_seq24_h32_l1_d0p0_lr0p001_bs64,0,0.2409,0.4025,35.2448,32.1485,36.5134,209
hourly,test,lstm_seq24_h32_l1_d0p0_lr0p001_bs64,1,0.1895,0.3119,28.66,29.8825,33.362,209
hourly,test,lstm_seq24_h32_l1_d0p0_lr0p001_bs64,2,0.1658,0.2626,28.8566,28.4964,31.4355,209
hourly,test,lstm_seq24_h32_l1_d0p0_lr0p001_bs64,3,0.147,0.2388,29.5146,27.6605,31.5849,209
hourly,test,lstm_seq24_h32_l1_d0p0_lr0p001_bs64,4,0.1568,0.242,32.2225,30.0151,33.8839,209
hourly,test,lstm_seq24_h32_l1_d0p0_lr0p001_bs64,5,0.1817,0.263,42.5576,35.1752,40.3916,209
hourly,test,lstm_seq24_h32_l1_d0p0_lr0p001_bs64,6,0.2441,0.3044,46.1539,36.6083,37.4324,209
hourly,test,lstm_seq24_h32_l1_d0p0_lr0p001_bs64,7,0.4397,0.5431,52.9525,39.5396,33.3958,209
hourly,test,lstm_seq24_h32_l1_d0p0_lr0p001_bs64,8,0.3339,0.4408,39.559,29.9478,26.6024,209
hourly,test,lstm_seq24_h32_l1_d0p0_lr0p001_bs64,9,0.345,0.4747,41.806,31.8721,28.7734,209
hourly,test,lstm_seq24_h32_l1_d0p0_lr0p001_bs64,10,0.375,0.5143,46.7358,35.6614,32.9043,209
hourly,test,lstm_seq24_h32_l1_d0p0_lr0p001_bs64,11,0.3717,0.529,45.1926,35.6056,32.6282,209
hourly,test,lstm_seq24_h32_l1_d0p0_lr0p001_bs64,12,0.4073,0.5776,46.7075,38.2758,36.7328,209
hourly,test,lstm_seq24_h32_l1_d0p0_lr0p001_bs64,13,0.3464,0.4588,41.3555,35.6045,33.0618,209
hourly,test,lstm_seq24_h32_l1_d0p0_lr0p001_bs64,14,0.3806,0.5181,50.095,40.4575,38.6559,209
hourly,test,lstm_seq24_h32_l1_d0p0_lr0p001_bs64,15,0.3462,0.4882,47.0891,38.0741,38.1843,210
hourly,test,lstm_seq24_h32_l1_d0p0_lr0p001_bs64,16,0.3339,0.433,54.8911,41.1623,40.7085,210
hourly,test,lstm_seq24_h32_l1_d0p0_lr0p001_bs64,17,0.3776,0.5161,56.7622,42.985,42.7288,210
hourly,test,lstm_seq24_h32_l1_d0p0_lr0p001_bs64,18,0.4365,0.6262,56.4244,42.0601,40.7544,210
hourly,test,lstm_seq24_h32_l1_d0p0_lr0p001_bs64,19,0.4497,0.6066,55.1601,38.9844,34.5778,210
hourly,test,lstm_seq24_h32_l1_d0p0_lr0p001_bs64,20,0.4488,0.5971,49.5713,34.8158,30.4466,210
hourly,test,lstm_seq24_h32_l1_d0p0_lr0p001_bs64,21,0.5216,0.6715,49.2844,38.8061,34.2988,210
hourly,test,lstm_seq24_h32_l1_d0p0_lr0p001_bs64,22,0.4238,0.5605,43.5363,36.1572,34.9916,210
hourly,test,lstm_seq24_h32_l1_d0p0_lr0p001_bs64,23,0.3461,0.5082,45.3275,39.083,40.6948,210
summary,validation,lstm_seq24_h32_l1_d0p0_lr0p0005_bs64,,0.3745,0.54,39.2568,31.9259,30.0088,5024
hourly,validation,lstm_seq24_h32_l1_d0p0_lr0p0005_bs64,0,0.2268,0.3347,40.3551,32.9911,35.8665,209
hourly,validation,lstm_seq24_h32_l1_d0p0_lr0p0005_bs64,1,0.1734,0.281,32.0695,28.3302,32.6225,209
hourly,validation,lstm_seq24_h32_l1_d0p0_lr0p0005_bs64,2,0.1534,0.2468,31.6328,26.9199,31.9945,209
hourly,validation,lstm_seq24_h32_l1_d0p0_lr0p0005_bs64,3,0.1368,0.2236,30.4512,26.0106,31.5989,209
hourly,validation,lstm_seq24_h32_l1_d0p0_lr0p0005_bs64,4,0.1307,0.2145,29.0129,27.3946,31.7333,209
hourly,validation,lstm_seq24_h32_l1_d0p0_lr0p0005_bs64,5,0.1617,0.2272,36.1074,32.8808,36.8253,209
hourly,validation,lstm_seq24_h32_l1_d0p0_lr0p0005_bs64,6,0.2925,0.3872,38.5271,34.8564,35.4443,209
hourly,validation,lstm_seq24_h32_l1_d0p0_lr0p0005_bs64,7,0.5039,0.6488,39.8539,33.175,28.4562,210
hourly,validation,lstm_seq24_h32_l1_d0p0_lr0p0005_bs64,8,0.3859,0.5104,31.5545,26.4144,23.4057,210
hourly,validation,lstm_seq24_h32_l1_d0p0_lr0p0005_bs64,9,0.3354,0.4482,30.2033,24.1557,21.6221,210
hourly,validation,lstm_seq24_h32_l1_d0p0_lr0p0005_bs64,10,0.3588,0.4811,29.9238,25.4977,23.7366,210
hourly,validation,lstm_seq24_h32_l1_d0p0_lr0p0005_bs64,11,0.4054,0.6134,39.1699,29.5113,26.8475,210
hourly,validation,lstm_seq24_h32_l1_d0p0_lr0p0005_bs64,12,0.4264,0.6137,43.1214,31.9069,29.2718,210
hourly,validation,lstm_seq24_h32_l1_d0p0_lr0p0005_bs64,13,0.4184,0.5681,46.2459,35.5616,30.8699,210
hourly,validation,lstm_seq24_h32_l1_d0p0_lr0p0005_bs64,14,0.4349,0.6215,48.6566,36.862,34.7589,210
hourly,validation,lstm_seq24_h32_l1_d0p0_lr0p0005_bs64,15,0.435,0.6339,47.4132,37.411,36.5401,209
hourly,validation,lstm_seq24_h32_l1_d0p0_lr0p0005_bs64,16,0.3983,0.573,44.5547,35.908,34.0832,209
hourly,validation,lstm_seq24_h32_l1_d0p0_lr0p0005_bs64,17,0.4814,0.6797,48.5058,37.8844,36.1801,209
hourly,validation,lstm_seq24_h32_l1_d0p0_lr0p0005_bs64,18,0.5268,0.6883,46.5964,35.8674,32.1722,209
hourly,validation,lstm_seq24_h32_l1_d0p0_lr0p0005_bs64,19,0.6364,0.7889,38.3563,33.0583,30.5931,209
hourly,validation,lstm_seq24_h32_l1_d0p0_lr0p0005_bs64,20,0.619,0.7681,39.7361,30.743,27.1854,209
hourly,validation,lstm_seq24_h32_l1_d0p0_lr0p0005_bs64,21,0.505,0.6385,35.2522,27.807,24.6378,209
hourly,validation,lstm_seq24_h32_l1_d0p0_lr0p0005_bs64,22,0.4868,0.6083,43.7359,35.8071,32.1963,209
hourly,validation,lstm_seq24_h32_l1_d0p0_lr0p0005_bs64,23,0.3548,0.4639,51.1529,39.3271,39.8071,209
summary,test,lstm_seq24_h32_l1_d0p0_lr0p0005_bs64,,0.3327,0.4814,43.5003,35.4893,34.6825,5025
hourly,test,lstm_seq24_h32_l1_d0p0_lr0p0005_bs64,0,0.2409,0.4041,34.9161,32.3625,36.5151,209
hourly,test,lstm_seq24_h32_l1_d0p0_lr0p0005_bs64,1,0.1964,0.3185,29.7037,31.212,34.5644,209
hourly,test,lstm_seq24_h32_l1_d0p0_lr0p0005_bs64,2,0.1653,0.2692,27.74,28.4366,31.3427,209
hourly,test,lstm_seq24_h32_l1_d0p0_lr0p0005_bs64,3,0.1413,0.2448,26.452,26.7584,30.3662,209
hourly,test,lstm_seq24_h32_l1_d0p0_lr0p0005_bs64,4,0.151,0.2556,27.2483,28.7334,32.6145,209
hourly,test,lstm_seq24_h32_l1_d0p0_lr0p0005_bs64,5,0.1555,0.2664,30.6907,29.627,34.5686,209
hourly,test,lstm_seq24_h32_l1_d0p0_lr0p0005_bs64,6,0.2182,0.2946,35.9236,33.4424,33.465,209
hourly,test,lstm_seq24_h32_l1_d0p0_lr0p0005_bs64,7,0.4344,0.5616,45.2421,37.1972,32.9884,209
hourly,test,lstm_seq24_h32_l1_d0p0_lr0p0005_bs64,8,0.3282,0.4377,36.7077,28.5989,26.1474,209
hourly,test,lstm_seq24_h32_l1_d0p0_lr0p0005_bs64,9,0.335,0.4703,39.8539,30.6481,27.9358,209
hourly,test,lstm_seq24_h32_l1_d0p0_lr0p0005_bs64,10,0.3794,0.5211,46.9366,35.9235,33.2946,209
hourly,test,lstm_seq24_h32_l1_d0p0_lr0p0005_bs64,11,0.3759,0.5269,46.383,36.1715,32.9956,209
hourly,test,lstm_seq24_h32_l1_d0p0_lr0p0005_bs64,12,0.4163,0.5858,49.1765,39.2555,37.543,209
hourly,test,lstm_seq24_h32_l1_d0p0_lr0p0005_bs64,13,0.3518,0.4625,43.1232,35.8369,33.5694,209
hourly,test,lstm_seq24_h32_l1_d0p0_lr0p0005_bs64,14,0.3806,0.5155,52.1523,40.774,38.6484,209
hourly,test,lstm_seq24_h32_l1_d0p0_lr0p0005_bs64,15,0.3535,0.4932,48.7214,38.9652,38.982,210
hourly,test,lstm_seq24_h32_l1_d0p0_lr0p0005_bs64,16,0.3362,0.4354,55.3851,41.415,40.9918,210
hourly,test,lstm_seq24_h32_l1_d0p0_lr0p0005_bs64,17,0.3789,0.519,56.5883,43.5313,42.8698,210
hourly,test,lstm_seq24_h32_l1_d0p0_lr0p0005_bs64,18,0.4488,0.6477,57.1694,43.0238,41.9016,210
hourly,test,lstm_seq24_h32_l1_d0p0_lr0p0005_bs64,19,0.4488,0.6018,56.228,39.2607,34.508,210
hourly,test,lstm_seq24_h32_l1_d0p0_lr0p0005_bs64,20,0.4571,0.5985,52.2463,35.8141,31.0078,210
hourly,test,lstm_seq24_h32_l1_d0p0_lr0p0005_bs64,21,0.5147,0.6559,52.0678,38.5597,33.8464,210
hourly,test,lstm_seq24_h32_l1_d0p0_lr0p0005_bs64,22,0.424,0.5542,46.2019,36.5465,35.01,210
hourly,test,lstm_seq24_h32_l1_d0p0_lr0p0005_bs64,23,0.3492,0.5091,46.7671,39.4708,41.0594,210
summary,validation,lstm_seq24_h32_l2_d0p0_lr0p001_bs64,,0.3778,0.543,40.0993,32.1599,30.2666,5024
hourly,validation,lstm_seq24_h32_l2_d0p0_lr0p001_bs64,0,0.2316,0.3365,41.2748,33.5444,36.6248,209
hourly,validation,lstm_seq24_h32_l2_d0p0_lr0p001_bs64,1,0.1775,0.2899,32.7124,28.4058,33.3979,209
hourly,validation,lstm_seq24_h32_l2_d0p0_lr0p001_bs64,2,0.1446,0.2402,28.0851,25.1142,30.1725,209
hourly,validation,lstm_seq24_h32_l2_d0p0_lr0p001_bs64,3,0.1296,0.2046,29.2782,25.3514,29.9424,209
hourly,validation,lstm_seq24_h32_l2_d0p0_lr0p001_bs64,4,0.1244,0.2015,28.4026,25.8684,30.2027,209
hourly,validation,lstm_seq24_h32_l2_d0p0_lr0p001_bs64,5,0.1702,0.2287,39.0936,34.8996,38.7665,209
hourly,validation,lstm_seq24_h32_l2_d0p0_lr0p001_bs64,6,0.3145,0.4096,46.45,36.6801,38.1084,209
hourly,validation,lstm_seq24_h32_l2_d0p0_lr0p001_bs64,7,0.4963,0.6343,43.4465,33.4866,28.0305,210
hourly,validation,lstm_seq24_h32_l2_d0p0_lr0p001_bs64,8,0.3898,0.5041,32.9704,26.5041,23.6428,210
hourly,validation,lstm_seq24_h32_l2_d0p0_lr0p001_bs64,9,0.3309,0.4501,32.2731,23.5684,21.3351,210
hourly,validation,lstm_seq24_h32_l2_d0p0_lr0p001_bs64,10,0.3553,0.4807,31.2384,24.9007,23.5035,210
hourly,validation,lstm_seq24_h32_l2_d0p0_lr0p001_bs64,11,0.4138,0.6164,40.7974,30.0266,27.4054,210
hourly,validation,lstm_seq24_h32_l2_d0p0_lr0p001_bs64,12,0.4311,0.6202,43.9812,32.4324,29.5946,210
hourly,validation,lstm_seq24_h32_l2_d0p0_lr0p001_bs64,13,0.4201,0.565,45.9761,36.1352,30.9983,210
hourly,validation,lstm_seq24_h32_l2_d0p0_lr0p001_bs64,14,0.4321,0.6095,46.5995,36.9323,34.539,210
hourly,validation,lstm_seq24_h32_l2_d0p0_lr0p001_bs64,15,0.4518,0.6566,45.3787,38.8105,37.9495,209
hourly,validation,lstm_seq24_h32_l2_d0p0_lr0p001_bs64,16,0.401,0.5731,41.0861,35.8127,34.3213,209
hourly,validation,lstm_seq24_h32_l2_d0p0_lr0p001_bs64,17,0.4727,0.6763,46.1727,37.3816,35.5265,209
hourly,validation,lstm_seq24_h32_l2_d0p0_lr0p001_bs64,18,0.5225,0.6854,46.255,35.9942,31.9067,209
hourly,validation,lstm_seq24_h32_l2_d0p0_lr0p001_bs64,19,0.6479,0.806,38.633,33.7711,31.1448,209
hourly,validation,lstm_seq24_h32_l2_d0p0_lr0p001_bs64,20,0.6345,0.7877,40.9962,31.2128,27.8648,209
hourly,validation,lstm_seq24_h32_l2_d0p0_lr0p001_bs64,21,0.5122,0.6501,36.5824,28.043,24.9875,209
hourly,validation,lstm_seq24_h32_l2_d0p0_lr0p001_bs64,22,0.4868,0.6031,46.4184,35.3584,32.1952,209
hourly,validation,lstm_seq24_h32_l2_d0p0_lr0p001_bs64,23,0.3738,0.4793,58.2981,41.6667,41.9391,209
summary,test,lstm_seq24_h32_l2_d0p0_lr0p001_bs64,,0.3345,0.4797,44.9973,35.6706,34.8679,5025
hourly,test,lstm_seq24_h32_l2_d0p0_lr0p001_bs64,0,0.2459,0.4044,37.2042,33.0059,37.2842,209
hourly,test,lstm_seq24_h32_l2_d0p0_lr0p001_bs64,1,0.1903,0.3066,29.7054,30.0661,33.4982,209
hourly,test,lstm_seq24_h32_l2_d0p0_lr0p001_bs64,2,0.165,0.2674,27.413,28.1579,31.2792,209
hourly,test,lstm_seq24_h32_l2_d0p0_lr0p001_bs64,3,0.1377,0.2325,26.8204,25.9042,29.5908,209
hourly,test,lstm_seq24_h32_l2_d0p0_lr0p001_bs64,4,0.1548,0.2553,29.4744,29.2355,33.4509,209
hourly,test,lstm_seq24_h32_l2_d0p0_lr0p001_bs64,5,0.1589,0.2596,33.5422,30.1523,35.3327,209
hourly,test,lstm_seq24_h32_l2_d0p0_lr0p001_bs64,6,0.2547,0.3257,47.759,36.508,39.0588,209
hourly,test,lstm_seq24_h32_l2_d0p0_lr0p001_bs64,7,0.4476,0.5672,55.0486,38.9826,33.9917,209
hourly,test,lstm_seq24_h32_l2_d0p0_lr0p001_bs64,8,0.3333,0.4336,42.1197,30.2558,26.5516,209
hourly,test,lstm_seq24_h32_l2_d0p0_lr0p001_bs64,9,0.3407,0.4679,44.9841,32.3865,28.4155,209
hourly,test,lstm_seq24_h32_l2_d0p0_lr0p001_bs64,10,0.3871,0.5183,51.5655,37.5057,33.9667,209
hourly,test,lstm_seq24_h32_l2_d0p0_lr0p001_bs64,11,0.3676,0.5172,46.2814,35.5904,32.2671,209
hourly,test,lstm_seq24_h32_l2_d0p0_lr0p001_bs64,12,0.4117,0.5817,48.1408,38.7217,37.1322,209
hourly,test,lstm_seq24_h32_l2_d0p0_lr0p001_bs64,13,0.3558,0.4644,43.0911,36.4831,33.9498,209
hourly,test,lstm_seq24_h32_l2_d0p0_lr0p001_bs64,14,0.3788,0.5187,49.6695,40.4667,38.4643,209
hourly,test,lstm_seq24_h32_l2_d0p0_lr0p001_bs64,15,0.3388,0.4816,43.6864,37.3728,37.3641,210
hourly,test,lstm_seq24_h32_l2_d0p0_lr0p001_bs64,16,0.3233,0.4261,49.7815,39.9656,39.4167,210
hourly,test,lstm_seq24_h32_l2_d0p0_lr0p001_bs64,17,0.3712,0.5114,53.0258,42.0359,42.0049,210
hourly,test,lstm_seq24_h32_l2_d0p0_lr0p001_bs64,18,0.4553,0.6398,57.4036,43.3315,42.5131,210
hourly,test,lstm_seq24_h32_l2_d0p0_lr0p001_bs64,19,0.4428,0.604,56.9278,38.87,34.048,210
hourly,test,lstm_seq24_h32_l2_d0p0_lr0p001_bs64,20,0.4651,0.6049,54.5945,36.412,31.549,210
hourly,test,lstm_seq24_h32_l2_d0p0_lr0p001_bs64,21,0.5107,0.6518,53.0836,38.281,33.5828,210
hourly,test,lstm_seq24_h32_l2_d0p0_lr0p001_bs64,22,0.423,0.5531,46.6341,35.4108,34.9262,210
hourly,test,lstm_seq24_h32_l2_d0p0_lr0p001_bs64,23,0.3639,0.5138,51.683,40.8419,42.7855,210
summary,validation,lstm_seq24_h32_l2_d0p0_lr0p0005_bs64,,0.3814,0.5448,40.5656,32.6995,30.5595,5024
hourly,validation,lstm_seq24_h32_l2_d0p0_lr0p0005_bs64,0,0.2307,0.339,37.9671,33.1955,36.4825,209
hourly,validation,lstm_seq24_h32_l2_d0p0_lr0p0005_bs64,1,0.1792,0.298,31.503,28.2861,33.7156,209
hourly,validation,lstm_seq24_h32_l2_d0p0_lr0p0005_bs64,2,0.1497,0.2417,29.5661,26.3684,31.2325,209
hourly,validation,lstm_seq24_h32_l2_d0p0_lr0p0005_bs64,3,0.1418,0.2136,33.0331,27.6494,32.7484,209
hourly,validation,lstm_seq24_h32_l2_d0p0_lr0p0005_bs64,4,0.141,0.211,33.9204,29.5681,34.2289,209
hourly,validation,lstm_seq24_h32_l2_d0p0_lr0p0005_bs64,5,0.1862,0.2381,45.295,37.7844,42.4143,209
hourly,validation,lstm_seq24_h32_l2_d0p0_lr0p0005_bs64,6,0.3156,0.4085,46.99,37.2228,38.2509,209
hourly,validation,lstm_seq24_h32_l2_d0p0_lr0p0005_bs64,7,0.5107,0.6412,44.4461,34.693,28.8453,210
hourly,validation,lstm_seq24_h32_l2_d0p0_lr0p0005_bs64,8,0.3983,0.5101,33.3688,26.9089,24.1545,210
hourly,validation,lstm_seq24_h32_l2_d0p0_lr0p0005_bs64,9,0.341,0.4565,31.4626,24.4073,21.9857,210
hourly,validation,lstm_seq24_h32_l2_d0p0_lr0p0005_bs64,10,0.3545,0.477,30.2848,25.2436,23.4511,210
hourly,validation,lstm_seq24_h32_l2_d0p0_lr0p0005_bs64,11,0.4214,0.6216,40.6588,30.6448,27.9065,210
hourly,validation,lstm_seq24_h32_l2_d0p0_lr0p0005_bs64,12,0.4313,0.6206,43.9923,32.3797,29.6085,210
hourly,validation,lstm_seq24_h32_l2_d0p0_lr0p0005_bs64,13,0.4216,0.5711,46.5049,36.473,31.1097,210
hourly,validation,lstm_seq24_h32_l2_d0p0_lr0p0005_bs64,14,0.4321,0.6163,47.0445,36.5685,34.5388,210
hourly,validation,lstm_seq24_h32_l2_d0p0_lr0p0005_bs64,15,0.443,0.6502,46.0533,37.7774,37.2134,209
hourly,validation,lstm_seq24_h32_l2_d0p0_lr0p0005_bs64,16,0.399,0.569,42.4243,35.8416,34.1507,209
hourly,validation,lstm_seq24_h32_l2_d0p0_lr0p0005_bs64,17,0.4739,0.6826,46.0766,37.4822,35.6197,209
hourly,validation,lstm_seq24_h32_l2_d0p0_lr0p0005_bs64,18,0.5244,0.6883,46.0351,36.14,32.0223,209
hourly,validation,lstm_seq24_h32_l2_d0p0_lr0p0005_bs64,19,0.6399,0.7914,38.444,33.5628,30.7621,209
hourly,validation,lstm_seq24_h32_l2_d0p0_lr0p0005_bs64,20,0.6368,0.7868,41.6429,31.4694,27.9662,209
hourly,validation,lstm_seq24_h32_l2_d0p0_lr0p0005_bs64,21,0.5268,0.6615,37.3653,28.8066,25.701,209
hourly,validation,lstm_seq24_h32_l2_d0p0_lr0p0005_bs64,22,0.4847,0.6025,44.1288,35.0728,32.0604,209
hourly,validation,lstm_seq24_h32_l2_d0p0_lr0p0005_bs64,23,0.369,0.4785,55.3979,41.3106,41.3943,209
summary,test,lstm_seq24_h32_l2_d0p0_lr0p0005_bs64,,0.3355,0.4788,45.2269,36.1268,34.9734,5025
hourly,test,lstm_seq24_h32_l2_d0p0_lr0p0005_bs64,0,0.2442,0.4008,35.9267,33.17,37.0189,209
hourly,test,lstm_seq24_h32_l2_d0p0_lr0p0005_bs64,1,0.1925,0.3121,29.698,30.8298,33.8797,209
hourly,test,lstm_seq24_h32_l2_d0p0_lr0p0005_bs64,2,0.1658,0.2712,27.2618,28.1139,31.4425,209
hourly,test,lstm_seq24_h32_l2_d0p0_lr0p0005_bs64,3,0.1421,0.2345,28.7587,26.6681,30.5426,209
hourly,test,lstm_seq24_h32_l2_d0p0_lr0p0005_bs64,4,0.1594,0.2506,33.0044,30.4906,34.4254,209
hourly,test,lstm_seq24_h32_l2_d0p0_lr0p0005_bs64,5,0.1797,0.2663,42.1191,34.842,39.9669,209
hourly,test,lstm_seq24_h32_l2_d0p0_lr0p0005_bs64,6,0.2622,0.3274,51.0201,38.5883,40.2141,209
hourly,test,lstm_seq24_h32_l2_d0p0_lr0p0005_bs64,7,0.4598,0.5743,57.0528,40.8915,34.9218,209
hourly,test,lstm_seq24_h32_l2_d0p0_lr0p0005_bs64,8,0.331,0.4266,40.7578,30.3515,26.3739,209
hourly,test,lstm_seq24_h32_l2_d0p0_lr0p0005_bs64,9,0.345,0.4718,42.756,32.6709,28.7689,209
hourly,test,lstm_seq24_h32_l2_d0p0_lr0p0005_bs64,10,0.3886,0.5237,49.5606,37.7008,34.1035,209
hourly,test,lstm_seq24_h32_l2_d0p0_lr0p0005_bs64,11,0.3758,0.5208,45.4746,36.3576,32.9891,209
hourly,test,lstm_seq24_h32_l2_d0p0_lr0p0005_bs64,12,0.4102,0.5778,47.4481,38.6242,37.0013,209
hourly,test,lstm_seq24_h32_l2_d0p0_lr0p0005_bs64,13,0.3545,0.4674,42.7791,36.2888,33.8268,209
hourly,test,lstm_seq24_h32_l2_d0p0_lr0p0005_bs64,14,0.3723,0.515,49.4739,39.8319,37.8107,209
hourly,test,lstm_seq24_h32_l2_d0p0_lr0p0005_bs64,15,0.3351,0.4731,44.3167,37.0315,36.9554,210
hourly,test,lstm_seq24_h32_l2_d0p0_lr0p0005_bs64,16,0.3273,0.4284,52.4436,40.5958,39.9065,210
hourly,test,lstm_seq24_h32_l2_d0p0_lr0p0005_bs64,17,0.3705,0.5063,53.6067,42.311,41.924,210
hourly,test,lstm_seq24_h32_l2_d0p0_lr0p0005_bs64,18,0.4527,0.6427,56.3108,43.2173,42.2718,210
hourly,test,lstm_seq24_h32_l2_d0p0_lr0p0005_bs64,19,0.4424,0.6055,56.3879,38.7669,34.0147,210
hourly,test,lstm_seq24_h32_l2_d0p0_lr0p0005_bs64,20,0.4689,0.6022,54.0977,36.7722,31.8083,210
hourly,test,lstm_seq24_h32_l2_d0p0_lr0p0005_bs64,21,0.5,0.643,51.6603,37.6307,32.8834,210
hourly,test,lstm_seq24_h32_l2_d0p0_lr0p0005_bs64,22,0.4144,0.5449,44.3117,34.917,34.2119,210
hourly,test,lstm_seq24_h32_l2_d0p0_lr0p0005_bs64,23,0.3538,0.5067,48.9541,40.2549,41.6002,210
summary,validation,lstm_seq24_h32_l2_d0p2_lr0p001_bs64,,0.3733,0.5407,37.3402,31.4912,29.9109,5024
hourly,validation,lstm_seq24_h32_l2_d0p2_lr0p001_bs64,0,0.217,0.3265,35.1258,31.2221,34.3082,209
hourly,validation,lstm_seq24_h32_l2_d0p2_lr0p001_bs64,1,0.1705,0.291,28.1201,27.0523,32.076,209
hourly,validation,lstm_seq24_h32_l2_d0p2_lr0p001_bs64,2,0.14,0.2417,25.0376,24.4322,29.2085,209
hourly,validation,lstm_seq24_h32_l2_d0p2_lr0p001_bs64,3,0.1182,0.2023,23.9421,22.5951,27.3111,209
hourly,validation,lstm_seq24_h32_l2_d0p2_lr0p001_bs64,4,0.1142,0.2019,23.1112,23.5523,27.7329,209
hourly,validation,lstm_seq24_h32_l2_d0p2_lr0p001_bs64,5,0.1519,0.2255,32.4973,30.8613,34.6005,209
hourly,validation,lstm_seq24_h32_l2_d0p2_lr0p001_bs64,6,0.2895,0.3784,40.1027,34.4772,35.0873,209
hourly,validation,lstm_seq24_h32_l2_d0p2_lr0p001_bs64,7,0.5354,0.6555,45.6925,36.6209,30.236,210
hourly,validation,lstm_seq24_h32_l2_d0p2_lr0p001_bs64,8,0.3755,0.4929,31.9208,25.9154,22.7751,210
hourly,validation,lstm_seq24_h32_l2_d0p2_lr0p001_bs64,9,0.3561,0.4671,30.2967,25.605,22.9581,210
hourly,validation,lstm_seq24_h32_l2_d0p2_lr0p001_bs64,10,0.3682,0.4968,29.152,26.4403,24.358,210
hourly,validation,lstm_seq24_h32_l2_d0p2_lr0p001_bs64,11,0.4298,0.6334,37.6795,30.8733,28.4633,210
hourly,validation,lstm_seq24_h32_l2_d0p2_lr0p001_bs64,12,0.4251,0.6169,40.1379,31.5996,29.1858,210
hourly,validation,lstm_seq24_h32_l2_d0p2_lr0p001_bs64,13,0.421,0.5727,44.7322,35.7001,31.061,210
hourly,validation,lstm_seq24_h32_l2_d0p2_lr0p001_bs64,14,0.4338,0.6139,47.1166,36.6089,34.6749,210
hourly,validation,lstm_seq24_h32_l2_d0p2_lr0p001_bs64,15,0.4403,0.6453,46.8859,37.5995,36.9813,209
hourly,validation,lstm_seq24_h32_l2_d0p2_lr0p001_bs64,16,0.3999,0.5691,45.1009,36.4156,34.2202,209
hourly,validation,lstm_seq24_h32_l2_d0p2_lr0p001_bs64,17,0.4752,0.6686,47.8307,37.6634,35.7159,209
hourly,validation,lstm_seq24_h32_l2_d0p2_lr0p001_bs64,18,0.5188,0.6834,45.0303,35.2752,31.6795,209
hourly,validation,lstm_seq24_h32_l2_d0p2_lr0p001_bs64,19,0.6278,0.7832,37.4188,33.0312,30.1793,209
hourly,validation,lstm_seq24_h32_l2_d0p2_lr0p001_bs64,20,0.6119,0.7654,37.5217,30.4331,26.8749,209
hourly,validation,lstm_seq24_h32_l2_d0p2_lr0p001_bs64,21,0.5129,0.6525,32.8935,28.2426,25.0229,209
hourly,validation,lstm_seq24_h32_l2_d0p2_lr0p001_bs64,22,0.4711,0.6003,39.7505,34.5984,31.1591,209
hourly,validation,lstm_seq24_h32_l2_d0p2_lr0p001_bs64,23,0.3539,0.474,49.0295,38.9862,39.7018,209
summary,test,lstm_seq24_h32_l2_d0p2_lr0p001_bs64,,0.3253,0.4808,39.2025,34.4975,33.9137,5025
hourly,test,lstm_seq24_h32_l2_d0p2_lr0p001_bs64,0,0.2338,0.3995,31.5563,30.9004,35.4372,209
hourly,test,lstm_seq24_h32_l2_d0p2_lr0p001_bs64,1,0.1933,0.3286,26.7926,30.1104,34.0329,209
hourly,test,lstm_seq24_h32_l2_d0p2_lr0p001_bs64,2,0.1678,0.2847,25.1409,28.5927,31.8198,209
hourly,test,lstm_seq24_h32_l2_d0p2_lr0p001_bs64,3,0.126,0.2392,21.5506,22.999,27.0827,209
hourly,test,lstm_seq24_h32_l2_d0p2_lr0p001_bs64,4,0.155,0.2633,27.1188,29.703,33.4748,209
hourly,test,lstm_seq24_h32_l2_d0p2_lr0p001_bs64,5,0.1516,0.2606,29.2616,29.1085,33.6987,209
hourly,test,lstm_seq24_h32_l2_d0p2_lr0p001_bs64,6,0.2152,0.2838,37.0182,33.2519,33.0032,209
hourly,test,lstm_seq24_h32_l2_d0p2_lr0p001_bs64,7,0.4466,0.5591,48.4487,38.7791,33.9187,209
hourly,test,lstm_seq24_h32_l2_d0p2_lr0p001_bs64,8,0.3068,0.4155,35.814,28.2594,24.4433,209
hourly,test,lstm_seq24_h32_l2_d0p2_lr0p001_bs64,9,0.3564,0.4773,39.9225,33.7997,29.7255,209
hourly,test,lstm_seq24_h32_l2_d0p2_lr0p001_bs64,10,0.3876,0.538,43.5003,37.2689,34.0168,209
hourly,test,lstm_seq24_h32_l2_d0p2_lr0p001_bs64,11,0.3923,0.544,42.8037,39.6477,34.4365,209
hourly,test,lstm_seq24_h32_l2_d0p2_lr0p001_bs64,12,0.413,0.5896,41.8989,38.8695,37.246,209
hourly,test,lstm_seq24_h32_l2_d0p2_lr0p001_bs64,13,0.3628,0.4849,40.4511,38.2594,34.6224,209
hourly,test,lstm_seq24_h32_l2_d0p2_lr0p001_bs64,14,0.3687,0.5221,44.3608,38.5501,37.4417,209
hourly,test,lstm_seq24_h32_l2_d0p2_lr0p001_bs64,15,0.3178,0.466,39.1667,34.8627,35.0429,210
hourly,test,lstm_seq24_h32_l2_d0p2_lr0p001_bs64,16,0.3089,0.4268,46.0484,37.3309,37.6663,210
hourly,test,lstm_seq24_h32_l2_d0p2_lr0p001_bs64,17,0.355,0.5005,48.0259,39.5296,40.1689,210
hourly,test,lstm_seq24_h32_l2_d0p2_lr0p001_bs64,18,0.4299,0.6419,48.7628,40.1601,40.1435,210
hourly,test,lstm_seq24_h32_l2_d0p2_lr0p001_bs64,19,0.4313,0.6121,49.2039,36.5577,33.159,210
hourly,test,lstm_seq24_h32_l2_d0p2_lr0p001_bs64,20,0.4336,0.5789,45.3392,33.0051,29.415,210
hourly,test,lstm_seq24_h32_l2_d0p2_lr0p001_bs64,21,0.5068,0.663,46.6831,36.8196,33.328,210
hourly,test,lstm_seq24_h32_l2_d0p2_lr0p001_bs64,22,0.4072,0.5426,40.1036,33.8946,33.616,210
hourly,test,lstm_seq24_h32_l2_d0p2_lr0p001_bs64,23,0.3373,0.5116,41.6385,37.5888,39.6573,210
summary,validation,lstm_seq24_h32_l2_d0p2_lr0p0005_bs64,,0.3817,0.5427,40.3974,32.6804,30.5841,5024
hourly,validation,lstm_seq24_h32_l2_d0p2_lr0p0005_bs64,0,0.2235,0.3331,37.8078,32.1321,35.3394,209
hourly,validation,lstm_seq24_h32_l2_d0p2_lr0p0005_bs64,1,0.1812,0.3029,32.8253,28.9257,34.0868,209
hourly,validation,lstm_seq24_h32_l2_d0p2_lr0p0005_bs64,2,0.1462,0.2401,27.8056,25.5179,30.4947,209
hourly,validation,lstm_seq24_h32_l2_d0p2_lr0p0005_bs64,3,0.1359,0.2088,30.9272,26.7015,31.397,209
hourly,validation,lstm_seq24_h32_l2_d0p2_lr0p0005_bs64,4,0.1324,0.1933,31.4895,28.3573,32.1407,209
hourly,validation,lstm_seq24_h32_l2_d0p2_lr0p0005_bs64,5,0.1674,0.2261,38.7518,34.5076,38.1259,209
hourly,validation,lstm_seq24_h32_l2_d0p2_lr0p0005_bs64,6,0.316,0.412,46.8141,36.7793,38.2944,209
hourly,validation,lstm_seq24_h32_l2_d0p2_lr0p0005_bs64,7,0.5016,0.6145,49.2048,35.6854,28.3311,210
hourly,validation,lstm_seq24_h32_l2_d0p2_lr0p0005_bs64,8,0.3966,0.5096,34.9296,27.371,24.0541,210
hourly,validation,lstm_seq24_h32_l2_d0p2_lr0p0005_bs64,9,0.3585,0.4667,31.9493,25.7586,23.1105,210
hourly,validation,lstm_seq24_h32_l2_d0p2_lr0p0005_bs64,10,0.365,0.4848,30.1142,26.2046,24.1478,210
hourly,validation,lstm_seq24_h32_l2_d0p2_lr0p0005_bs64,11,0.432,0.6274,39.9913,31.3367,28.6115,210
hourly,validation,lstm_seq24_h32_l2_d0p2_lr0p0005_bs64,12,0.4354,0.6183,43.1466,32.6106,29.8885,210
hourly,validation,lstm_seq24_h32_l2_d0p2_lr0p0005_bs64,13,0.4267,0.5676,47.0946,36.4191,31.4868,210
hourly,validation,lstm_seq24_h32_l2_d0p2_lr0p0005_bs64,14,0.4335,0.6055,49.348,37.2826,34.6453,210
hourly,validation,lstm_seq24_h32_l2_d0p2_lr0p0005_bs64,15,0.4441,0.6456,49.4255,38.632,37.304,209
hourly,validation,lstm_seq24_h32_l2_d0p2_lr0p0005_bs64,16,0.4121,0.5738,47.3468,37.6039,35.2715,209
hourly,validation,lstm_seq24_h32_l2_d0p2_lr0p0005_bs64,17,0.4918,0.6673,51.6072,39.1788,36.9626,209
hourly,validation,lstm_seq24_h32_l2_d0p2_lr0p0005_bs64,18,0.538,0.6972,49.8423,36.5071,32.8519,209
hourly,validation,lstm_seq24_h32_l2_d0p2_lr0p0005_bs64,19,0.6331,0.7866,39.5073,32.7004,30.4338,209
hourly,validation,lstm_seq24_h32_l2_d0p2_lr0p0005_bs64,20,0.6137,0.7669,39.3629,30.3489,26.9521,209
hourly,validation,lstm_seq24_h32_l2_d0p2_lr0p0005_bs64,21,0.5267,0.6693,33.1543,28.529,25.6956,209
hourly,validation,lstm_seq24_h32_l2_d0p2_lr0p0005_bs64,22,0.49,0.6204,38.1573,35.8751,32.4081,209
hourly,validation,lstm_seq24_h32_l2_d0p2_lr0p0005_bs64,23,0.3586,0.4844,48.9213,39.4066,40.2345,209
summary,test,lstm_seq24_h32_l2_d0p2_lr0p0005_bs64,,0.3325,0.4837,42.1984,35.1059,34.6668,5025
hourly,test,lstm_seq24_h32_l2_d0p2_lr0p0005_bs64,0,0.2471,0.4149,34.0632,32.7181,37.4544,209
hourly,test,lstm_seq24_h32_l2_d0p2_lr0p0005_bs64,1,0.1914,0.3215,28.2025,29.5335,33.6833,209
hourly,test,lstm_seq24_h32_l2_d0p2_lr0p0005_bs64,2,0.1686,0.2838,26.1728,28.2911,31.9737,209
hourly,test,lstm_seq24_h32_l2_d0p2_lr0p0005_bs64,3,0.1404,0.248,26.098,25.6198,30.1662,209
hourly,test,lstm_seq24_h32_l2_d0p2_lr0p0005_bs64,4,0.1566,0.2561,29.9869,29.8785,33.8309,209
hourly,test,lstm_seq24_h32_l2_d0p2_lr0p0005_bs64,5,0.1576,0.2627,31.9602,29.6319,35.044,209
hourly,test,lstm_seq24_h32_l2_d0p2_lr0p0005_bs64,6,0.2496,0.3197,43.7069,35.7302,38.2812,209
hourly,test,lstm_seq24_h32_l2_d0p2_lr0p0005_bs64,7,0.419,0.5321,50.309,36.5136,31.8204,209
hourly,test,lstm_seq24_h32_l2_d0p2_lr0p0005_bs64,8,0.3153,0.4209,38.2171,28.6171,25.1198,209
hourly,test,lstm_seq24_h32_l2_d0p2_lr0p0005_bs64,9,0.3576,0.4821,40.9783,32.9681,29.8249,209
hourly,test,lstm_seq24_h32_l2_d0p2_lr0p0005_bs64,10,0.3881,0.5344,45.5864,36.4133,34.055,209
hourly,test,lstm_seq24_h32_l2_d0p2_lr0p0005_bs64,11,0.3794,0.5271,43.1914,36.1188,33.3046,209
hourly,test,lstm_seq24_h32_l2_d0p2_lr0p0005_bs64,12,0.4136,0.5843,45.6776,38.7256,37.3051,209
hourly,test,lstm_seq24_h32_l2_d0p2_lr0p0005_bs64,13,0.3595,0.4779,41.6987,36.4701,34.3067,209
hourly,test,lstm_seq24_h32_l2_d0p2_lr0p0005_bs64,14,0.3753,0.5162,48.4167,40.0602,38.1097,209
hourly,test,lstm_seq24_h32_l2_d0p2_lr0p0005_bs64,15,0.3302,0.4659,43.0655,36.324,36.4103,210
hourly,test,lstm_seq24_h32_l2_d0p2_lr0p0005_bs64,16,0.322,0.4324,51.0326,39.3795,39.255,210
hourly,test,lstm_seq24_h32_l2_d0p2_lr0p0005_bs64,17,0.3749,0.5164,53.3711,41.8359,42.4249,210
hourly,test,lstm_seq24_h32_l2_d0p2_lr0p0005_bs64,18,0.4466,0.6428,55.3658,42.1483,41.6963,210
hourly,test,lstm_seq24_h32_l2_d0p2_lr0p0005_bs64,19,0.4604,0.6275,56.3363,39.3291,35.3964,210
hourly,test,lstm_seq24_h32_l2_d0p2_lr0p0005_bs64,20,0.4465,0.5905,50.6802,34.9474,30.2925,210
hourly,test,lstm_seq24_h32_l2_d0p2_lr0p0005_bs64,21,0.5251,0.678,49.4362,38.4584,34.5318,210
hourly,test,lstm_seq24_h32_l2_d0p2_lr0p0005_bs64,22,0.4122,0.5545,37.9192,34.3807,34.0333,210
hourly,test,lstm_seq24_h32_l2_d0p2_lr0p0005_bs64,23,0.3409,0.5211,41.009,38.3081,40.0757,210
summary,validation,lstm_seq24_h32_l2_d0p3_lr0p001_bs64,,0.3761,0.5395,39.6413,32.1243,30.1307,5024
hourly,validation,lstm_seq24_h32_l2_d0p3_lr0p001_bs64,0,0.227,0.3314,40.1922,33.057,35.8936,209
hourly,validation,lstm_seq24_h32_l2_d0p3_lr0p001_bs64,1,0.1773,0.2895,32.1878,28.5048,33.3526,209
hourly,validation,lstm_seq24_h32_l2_d0p3_lr0p001_bs64,2,0.1521,0.2423,29.9294,26.9024,31.7383,209
hourly,validation,lstm_seq24_h32_l2_d0p3_lr0p001_bs64,3,0.1334,0.2062,29.7124,26.0843,30.8047,209
hourly,validation,lstm_seq24_h32_l2_d0p3_lr0p001_bs64,4,0.1206,0.1961,26.8364,25.1384,29.277,209
hourly,validation,lstm_seq24_h32_l2_d0p3_lr0p001_bs64,5,0.1675,0.2229,39.2866,34.5536,38.1552,209
hourly,validation,lstm_seq24_h32_l2_d0p3_lr0p001_bs64,6,0.3035,0.3892,44.1527,36.066,36.7751,209
hourly,validation,lstm_seq24_h32_l2_d0p3_lr0p001_bs64,7,0.5103,0.6395,44.7861,35.0306,28.8206,210
hourly,validation,lstm_seq24_h32_l2_d0p3_lr0p001_bs64,8,0.3965,0.5076,35.3268,26.9793,24.0499,210
hourly,validation,lstm_seq24_h32_l2_d0p3_lr0p001_bs64,9,0.3227,0.4371,31.2428,23.1183,20.8007,210
hourly,validation,lstm_seq24_h32_l2_d0p3_lr0p001_bs64,10,0.3502,0.4755,30.6805,24.7089,23.1639,210
hourly,validation,lstm_seq24_h32_l2_d0p3_lr0p001_bs64,11,0.42,0.623,41.2106,30.3596,27.8149,210
hourly,validation,lstm_seq24_h32_l2_d0p3_lr0p001_bs64,12,0.4317,0.6135,43.4853,32.6135,29.634,210
hourly,validation,lstm_seq24_h32_l2_d0p3_lr0p001_bs64,13,0.4194,0.5655,45.3878,35.7494,30.9437,210
hourly,validation,lstm_seq24_h32_l2_d0p3_lr0p001_bs64,14,0.4369,0.6149,46.7331,37.3514,34.9153,210
hourly,validation,lstm_seq24_h32_l2_d0p3_lr0p001_bs64,15,0.4462,0.6502,45.4301,38.4748,37.4773,209
hourly,validation,lstm_seq24_h32_l2_d0p3_lr0p001_bs64,16,0.4045,0.575,43.0278,36.7276,34.6193,209
hourly,validation,lstm_seq24_h32_l2_d0p3_lr0p001_bs64,17,0.4719,0.672,44.9633,37.1983,35.4704,209
hourly,validation,lstm_seq24_h32_l2_d0p3_lr0p001_bs64,18,0.5159,0.6855,43.6261,35.0929,31.502,209
hourly,validation,lstm_seq24_h32_l2_d0p3_lr0p001_bs64,19,0.6364,0.7903,37.9288,33.3392,30.5964,209
hourly,validation,lstm_seq24_h32_l2_d0p3_lr0p001_bs64,20,0.6318,0.7826,40.457,31.1745,27.7465,209
hourly,validation,lstm_seq24_h32_l2_d0p3_lr0p001_bs64,21,0.5097,0.6402,36.5666,28.0388,24.8685,209
hourly,validation,lstm_seq24_h32_l2_d0p3_lr0p001_bs64,22,0.4751,0.5933,43.9127,34.6085,31.4246,209
hourly,validation,lstm_seq24_h32_l2_d0p3_lr0p001_bs64,23,0.3638,0.4791,54.3202,40.1637,40.8132,209
summary,test,lstm_seq24_h32_l2_d0p3_lr0p001_bs64,,0.3294,0.4749,43.8676,35.2695,34.3438,5025
hourly,test,lstm_seq24_h32_l2_d0p3_lr0p001_bs64,0,0.2429,0.3917,36.952,32.9242,36.8261,209
hourly,test,lstm_seq24_h32_l2_d0p3_lr0p001_bs64,1,0.1889,0.3043,29.4796,29.5586,33.2417,209
hourly,test,lstm_seq24_h32_l2_d0p3_lr0p001_bs64,2,0.1635,0.2618,27.8328,28.0466,30.9995,209
hourly,test,lstm_seq24_h32_l2_d0p3_lr0p001_bs64,3,0.135,0.2264,26.9322,25.7044,29.005,209
hourly,test,lstm_seq24_h32_l2_d0p3_lr0p001_bs64,4,0.1526,0.2474,29.4303,28.9302,32.9744,209
hourly,test,lstm_seq24_h32_l2_d0p3_lr0p001_bs64,5,0.1636,0.256,36.0549,31.5546,36.3858,209
hourly,test,lstm_seq24_h32_l2_d0p3_lr0p001_bs64,6,0.2322,0.2946,43.356,34.3895,35.6152,209
hourly,test,lstm_seq24_h32_l2_d0p3_lr0p001_bs64,7,0.4385,0.5584,51.8567,38.0013,33.3032,209
hourly,test,lstm_seq24_h32_l2_d0p3_lr0p001_bs64,8,0.3349,0.4355,42.8059,30.428,26.6802,209
hourly,test,lstm_seq24_h32_l2_d0p3_lr0p001_bs64,9,0.3413,0.4675,45.0422,32.2796,28.4631,209
hourly,test,lstm_seq24_h32_l2_d0p3_lr0p001_bs64,10,0.3856,0.5243,51.5414,37.1915,33.8357,209
hourly,test,lstm_seq24_h32_l2_d0p3_lr0p001_bs64,11,0.3738,0.5217,47.251,36.3822,32.8086,209
hourly,test,lstm_seq24_h32_l2_d0p3_lr0p001_bs64,12,0.4089,0.5746,47.174,38.1225,36.8785,209
hourly,test,lstm_seq24_h32_l2_d0p3_lr0p001_bs64,13,0.3515,0.4643,41.6525,35.8399,33.5453,209
hourly,test,lstm_seq24_h32_l2_d0p3_lr0p001_bs64,14,0.3756,0.5158,48.6403,40.2501,38.1444,209
hourly,test,lstm_seq24_h32_l2_d0p3_lr0p001_bs64,15,0.3281,0.4733,41.8762,36.1195,36.1785,210
hourly,test,lstm_seq24_h32_l2_d0p3_lr0p001_bs64,16,0.3148,0.4219,47.6995,38.7472,38.3769,210
hourly,test,lstm_seq24_h32_l2_d0p3_lr0p001_bs64,17,0.3603,0.5013,49.6858,41.0928,40.7733,210
hourly,test,lstm_seq24_h32_l2_d0p3_lr0p001_bs64,18,0.4424,0.6417,52.2403,42.3893,41.3073,210
hourly,test,lstm_seq24_h32_l2_d0p3_lr0p001_bs64,19,0.4338,0.6058,53.4656,38.1948,33.3542,210
hourly,test,lstm_seq24_h32_l2_d0p3_lr0p001_bs64,20,0.4649,0.5993,53.9694,36.8821,31.5397,210
hourly,test,lstm_seq24_h32_l2_d0p3_lr0p001_bs64,21,0.507,0.6453,53.948,38.5354,33.3449,210
hourly,test,lstm_seq24_h32_l2_d0p3_lr0p001_bs64,22,0.4139,0.5407,45.9017,35.2732,34.1704,210
hourly,test,lstm_seq24_h32_l2_d0p3_lr0p001_bs64,23,0.3495,0.5016,47.786,39.4899,41.0861,210
summary,validation,lstm_seq24_h32_l2_d0p3_lr0p0005_bs64,,0.3801,0.5422,39.9188,32.4643,30.4511,5024
hourly,validation,lstm_seq24_h32_l2_d0p3_lr0p0005_bs64,0,0.2162,0.3289,35.3403,30.9951,34.1924,209
hourly,validation,lstm_seq24_h32_l2_d0p3_lr0p0005_bs64,1,0.1741,0.2983,29.6598,27.614,32.7501,209
hourly,validation,lstm_seq24_h32_l2_d0p3_lr0p0005_bs64,2,0.1431,0.2424,26.198,24.868,29.8615,209
hourly,validation,lstm_seq24_h32_l2_d0p3_lr0p0005_bs64,3,0.1328,0.2072,29.6093,26.0144,30.6787,209
hourly,validation,lstm_seq24_h32_l2_d0p3_lr0p0005_bs64,4,0.1341,0.1939,32.1936,28.8066,32.54,209
hourly,validation,lstm_seq24_h32_l2_d0p3_lr0p0005_bs64,5,0.1679,0.2278,38.7663,34.6056,38.2542,209
hourly,validation,lstm_seq24_h32_l2_d0p3_lr0p0005_bs64,6,0.3059,0.3949,43.3264,36.2164,37.0732,209
hourly,validation,lstm_seq24_h32_l2_d0p3_lr0p0005_bs64,7,0.4995,0.6306,44.1097,34.4031,28.2114,210
hourly,validation,lstm_seq24_h32_l2_d0p3_lr0p0005_bs64,8,0.3975,0.5154,33.6919,26.7902,24.1059,210
hourly,validation,lstm_seq24_h32_l2_d0p3_lr0p0005_bs64,9,0.3571,0.4714,31.4382,25.4721,23.0235,210
hourly,validation,lstm_seq24_h32_l2_d0p3_lr0p0005_bs64,10,0.3614,0.4919,29.1881,26.0334,23.9095,210
hourly,validation,lstm_seq24_h32_l2_d0p3_lr0p0005_bs64,11,0.4326,0.6365,39.2402,31.3538,28.6538,210
hourly,validation,lstm_seq24_h32_l2_d0p3_lr0p0005_bs64,12,0.4352,0.6177,42.6278,32.6383,29.8788,210
hourly,validation,lstm_seq24_h32_l2_d0p3_lr0p0005_bs64,13,0.4254,0.5674,46.6296,36.2303,31.3912,210
hourly,validation,lstm_seq24_h32_l2_d0p3_lr0p0005_bs64,14,0.4374,0.6102,49.2786,37.8327,34.9559,210
hourly,validation,lstm_seq24_h32_l2_d0p3_lr0p0005_bs64,15,0.446,0.6444,49.4183,39.3553,37.4642,209
hourly,validation,lstm_seq24_h32_l2_d0p3_lr0p0005_bs64,16,0.4027,0.5619,46.0485,37.3628,34.4629,209
hourly,validation,lstm_seq24_h32_l2_d0p3_lr0p0005_bs64,17,0.4815,0.6698,49.8152,38.7937,36.188,209
hourly,validation,lstm_seq24_h32_l2_d0p3_lr0p0005_bs64,18,0.5351,0.6934,49.5184,36.5414,32.6783,209
hourly,validation,lstm_seq24_h32_l2_d0p3_lr0p0005_bs64,19,0.6333,0.7757,40.4341,32.7997,30.4464,209
hourly,validation,lstm_seq24_h32_l2_d0p3_lr0p0005_bs64,20,0.6441,0.7955,42.7901,31.4482,28.2869,209
hourly,validation,lstm_seq24_h32_l2_d0p3_lr0p0005_bs64,21,0.52,0.6464,37.4752,28.5167,25.3712,209
hourly,validation,lstm_seq24_h32_l2_d0p3_lr0p0005_bs64,22,0.4758,0.5946,41.3064,34.9087,31.4684,209
hourly,validation,lstm_seq24_h32_l2_d0p3_lr0p0005_bs64,23,0.3611,0.4848,49.9618,39.5867,40.5151,209
summary,test,lstm_seq24_h32_l2_d0p3_lr0p0005_bs64,,0.3302,0.4811,41.6564,34.9086,34.4182,5025
hourly,test,lstm_seq24_h32_l2_d0p3_lr0p0005_bs64,0,0.2431,0.41,32.9054,32.316,36.8567,209
hourly,test,lstm_seq24_h32_l2_d0p3_lr0p0005_bs64,1,0.1923,0.3245,27.4886,29.841,33.8515,209
hourly,test,lstm_seq24_h32_l2_d0p3_lr0p0005_bs64,2,0.1708,0.2867,26.3229,29.1103,32.3921,209
hourly,test,lstm_seq24_h32_l2_d0p3_lr0p0005_bs64,3,0.1397,0.2485,26.0343,25.8421,30.0271,209
hourly,test,lstm_seq24_h32_l2_d0p3_lr0p0005_bs64,4,0.1581,0.2578,30.3624,30.3713,34.155,209
hourly,test,lstm_seq24_h32_l2_d0p3_lr0p0005_bs64,5,0.1584,0.264,32.3638,29.9153,35.2257,209
hourly,test,lstm_seq24_h32_l2_d0p3_lr0p0005_bs64,6,0.2358,0.3052,40.8658,34.5487,36.1684,209
hourly,test,lstm_seq24_h32_l2_d0p3_lr0p0005_bs64,7,0.4225,0.5466,47.2015,36.3601,32.0897,209
hourly,test,lstm_seq24_h32_l2_d0p3_lr0p0005_bs64,8,0.305,0.414,34.8035,27.3008,24.3003,209
hourly,test,lstm_seq24_h32_l2_d0p3_lr0p0005_bs64,9,0.3538,0.4814,39.3023,32.6902,29.5086,209
hourly,test,lstm_seq24_h32_l2_d0p3_lr0p0005_bs64,10,0.3837,0.5349,43.3692,35.6904,33.6743,209
hourly,test,lstm_seq24_h32_l2_d0p3_lr0p0005_bs64,11,0.3827,0.5328,42.1528,36.7727,33.5952,209
hourly,test,lstm_seq24_h32_l2_d0p3_lr0p0005_bs64,12,0.4084,0.5785,43.6138,38.0966,36.8326,209
hourly,test,lstm_seq24_h32_l2_d0p3_lr0p0005_bs64,13,0.3599,0.4782,41.4787,36.7807,34.3464,209
hourly,test,lstm_seq24_h32_l2_d0p3_lr0p0005_bs64,14,0.369,0.5122,46.6355,39.2248,37.471,209
hourly,test,lstm_seq24_h32_l2_d0p3_lr0p0005_bs64,15,0.3273,0.4635,42.1659,36.3157,36.0936,210
hourly,test,lstm_seq24_h32_l2_d0p3_lr0p0005_bs64,16,0.3199,0.4307,49.932,39.2342,39.0065,210
hourly,test,lstm_seq24_h32_l2_d0p3_lr0p0005_bs64,17,0.3666,0.5063,52.2525,41.4143,41.4829,210
hourly,test,lstm_seq24_h32_l2_d0p3_lr0p0005_bs64,18,0.4465,0.637,55.5847,42.2475,41.6956,210
hourly,test,lstm_seq24_h32_l2_d0p3_lr0p0005_bs64,19,0.4614,0.6316,57.7526,39.084,35.476,210
hourly,test,lstm_seq24_h32_l2_d0p3_lr0p0005_bs64,20,0.4612,0.6053,53.1051,35.6778,31.2894,210
hourly,test,lstm_seq24_h32_l2_d0p3_lr0p0005_bs64,21,0.5142,0.662,51.6177,37.6956,33.8135,210
hourly,test,lstm_seq24_h32_l2_d0p3_lr0p0005_bs64,22,0.3999,0.5244,40.6208,33.4496,33.0181,210
hourly,test,lstm_seq24_h32_l2_d0p3_lr0p0005_bs64,23,0.3399,0.5165,41.4895,37.6894,39.963,210
summary,validation,lstm_seq24_h64_l1_d0p0_lr0p001_bs64,,0.3756,0.5379,39.6317,31.9804,30.0895,5024
hourly,validation,lstm_seq24_h64_l1_d0p0_lr0p001_bs64,0,0.2181,0.3149,38.3458,32.8891,34.4854,209
hourly,validation,lstm_seq24_h64_l1_d0p0_lr0p001_bs64,1,0.1739,0.2921,30.5112,28.1869,32.7103,209
hourly,validation,lstm_seq24_h64_l1_d0p0_lr0p001_bs64,2,0.1408,0.2354,26.7753,24.6073,29.3773,209
hourly,validation,lstm_seq24_h64_l1_d0p0_lr0p001_bs64,3,0.1268,0.2083,27.6174,24.1819,29.2879,209
hourly,validation,lstm_seq24_h64_l1_d0p0_lr0p001_bs64,4,0.1166,0.2037,24.7367,24.1769,28.3093,209
hourly,validation,lstm_seq24_h64_l1_d0p0_lr0p001_bs64,5,0.1692,0.2288,39.2569,34.5919,38.5456,209
hourly,validation,lstm_seq24_h64_l1_d0p0_lr0p001_bs64,6,0.3266,0.4197,49.0376,38.1487,39.5751,209
hourly,validation,lstm_seq24_h64_l1_d0p0_lr0p001_bs64,7,0.5137,0.6312,45.0143,34.8244,29.0098,210
hourly,validation,lstm_seq24_h64_l1_d0p0_lr0p001_bs64,8,0.3771,0.4949,31.0222,25.7747,22.868,210
hourly,validation,lstm_seq24_h64_l1_d0p0_lr0p001_bs64,9,0.3339,0.4455,29.8211,23.9882,21.5272,210
hourly,validation,lstm_seq24_h64_l1_d0p0_lr0p001_bs64,10,0.3635,0.4875,30.2607,25.4565,24.0454,210
hourly,validation,lstm_seq24_h64_l1_d0p0_lr0p001_bs64,11,0.4109,0.6237,39.5392,29.8842,27.2156,210
hourly,validation,lstm_seq24_h64_l1_d0p0_lr0p001_bs64,12,0.4302,0.6151,43.1261,32.0873,29.5296,210
hourly,validation,lstm_seq24_h64_l1_d0p0_lr0p001_bs64,13,0.4209,0.5661,47.4247,36.2528,31.0544,210
hourly,validation,lstm_seq24_h64_l1_d0p0_lr0p001_bs64,14,0.4331,0.605,50.244,37.826,34.6185,210
hourly,validation,lstm_seq24_h64_l1_d0p0_lr0p001_bs64,15,0.4375,0.6337,48.1265,38.1708,36.7453,209
hourly,validation,lstm_seq24_h64_l1_d0p0_lr0p001_bs64,16,0.3915,0.5603,43.9354,35.8484,33.5039,209
hourly,validation,lstm_seq24_h64_l1_d0p0_lr0p001_bs64,17,0.4836,0.6761,49.2948,38.4175,36.3447,209
hourly,validation,lstm_seq24_h64_l1_d0p0_lr0p001_bs64,18,0.5299,0.6884,49.1527,36.2939,32.3581,209
hourly,validation,lstm_seq24_h64_l1_d0p0_lr0p001_bs64,19,0.661,0.8039,40.8507,34.2028,31.7782,209
hourly,validation,lstm_seq24_h64_l1_d0p0_lr0p001_bs64,20,0.6436,0.7926,41.6326,31.5338,28.2683,209
hourly,validation,lstm_seq24_h64_l1_d0p0_lr0p001_bs64,21,0.5028,0.6283,34.8343,27.627,24.5287,209
hourly,validation,lstm_seq24_h64_l1_d0p0_lr0p001_bs64,22,0.4522,0.5674,39.4429,33.4025,29.9059,209
hourly,validation,lstm_seq24_h64_l1_d0p0_lr0p001_bs64,23,0.3547,0.4689,51.1606,39.2033,39.7937,209
summary,test,lstm_seq24_h64_l1_d0p0_lr0p001_bs64,,0.3299,0.4784,42.4094,35.2164,34.392,5025
hourly,test,lstm_seq24_h64_l1_d0p0_lr0p001_bs64,0,0.2458,0.4074,35.8324,33.151,37.2605,209
hourly,test,lstm_seq24_h64_l1_d0p0_lr0p001_bs64,1,0.1918,0.3213,27.965,30.654,33.7648,209
hourly,test,lstm_seq24_h64_l1_d0p0_lr0p001_bs64,2,0.1766,0.2869,28.6906,30.6872,33.4941,209
hourly,test,lstm_seq24_h64_l1_d0p0_lr0p001_bs64,3,0.1405,0.2457,25.811,25.953,30.1963,209
hourly,test,lstm_seq24_h64_l1_d0p0_lr0p001_bs64,4,0.1487,0.2532,27.1407,28.102,32.1195,209
hourly,test,lstm_seq24_h64_l1_d0p0_lr0p001_bs64,5,0.1662,0.2653,35.6973,31.5842,36.964,209
hourly,test,lstm_seq24_h64_l1_d0p0_lr0p001_bs64,6,0.2374,0.3027,44.0024,34.6014,36.4083,209
hourly,test,lstm_seq24_h64_l1_d0p0_lr0p001_bs64,7,0.4414,0.5556,50.8051,38.0145,33.5232,209
hourly,test,lstm_seq24_h64_l1_d0p0_lr0p001_bs64,8,0.3123,0.4229,35.9437,28.2131,24.8776,209
hourly,test,lstm_seq24_h64_l1_d0p0_lr0p001_bs64,9,0.3383,0.4678,39.982,31.5607,28.2139,209
hourly,test,lstm_seq24_h64_l1_d0p0_lr0p001_bs64,10,0.3806,0.5213,47.2671,36.78,33.3981,209
hourly,test,lstm_seq24_h64_l1_d0p0_lr0p001_bs64,11,0.3695,0.5222,43.1402,35.4926,32.4336,209
hourly,test,lstm_seq24_h64_l1_d0p0_lr0p001_bs64,12,0.414,0.5844,45.9847,39.0704,37.3389,209
hourly,test,lstm_seq24_h64_l1_d0p0_lr0p001_bs64,13,0.3527,0.4695,41.3688,35.8618,33.6538,209
hourly,test,lstm_seq24_h64_l1_d0p0_lr0p001_bs64,14,0.3769,0.515,50.4039,40.4853,38.2776,209
hourly,test,lstm_seq24_h64_l1_d0p0_lr0p001_bs64,15,0.3363,0.468,44.5301,37.2459,37.0817,210
hourly,test,lstm_seq24_h64_l1_d0p0_lr0p001_bs64,16,0.3179,0.4193,50.3026,39.6848,38.763,210
hourly,test,lstm_seq24_h64_l1_d0p0_lr0p001_bs64,17,0.3678,0.5066,51.3951,41.5894,41.6149,210
hourly,test,lstm_seq24_h64_l1_d0p0_lr0p001_bs64,18,0.4189,0.6152,51.2356,40.1131,39.1161,210
hourly,test,lstm_seq24_h64_l1_d0p0_lr0p001_bs64,19,0.4589,0.6179,55.0069,39.2729,35.2869,210
hourly,test,lstm_seq24_h64_l1_d0p0_lr0p001_bs64,20,0.459,0.6008,50.5127,35.258,31.1384,210
hourly,test,lstm_seq24_h64_l1_d0p0_lr0p001_bs64,21,0.51,0.6599,49.6396,38.0402,33.5364,210
hourly,test,lstm_seq24_h64_l1_d0p0_lr0p001_bs64,22,0.4047,0.546,40.3866,34.334,33.4157,210
hourly,test,lstm_seq24_h64_l1_d0p0_lr0p001_bs64,23,0.3483,0.5158,44.5148,39.3109,40.9464,210
summary,validation,lstm_seq24_h64_l1_d0p0_lr0p0005_bs64,,0.3736,0.5368,38.6431,31.822,29.9317,5024
hourly,validation,lstm_seq24_h64_l1_d0p0_lr0p0005_bs64,0,0.2281,0.3272,38.033,33.1835,36.0754,209
hourly,validation,lstm_seq24_h64_l1_d0p0_lr0p0005_bs64,1,0.1782,0.2896,32.4055,28.9905,33.532,209
hourly,validation,lstm_seq24_h64_l1_d0p0_lr0p0005_bs64,2,0.1432,0.239,26.8822,25.1798,29.8685,209
hourly,validation,lstm_seq24_h64_l1_d0p0_lr0p0005_bs64,3,0.128,0.2099,27.2038,24.5778,29.5605,209
hourly,validation,lstm_seq24_h64_l1_d0p0_lr0p0005_bs64,4,0.1157,0.1991,24.9554,23.8003,28.0822,209
hourly,validation,lstm_seq24_h64_l1_d0p0_lr0p0005_bs64,5,0.1599,0.225,35.7925,32.8831,36.4373,209
hourly,validation,lstm_seq24_h64_l1_d0p0_lr0p0005_bs64,6,0.3119,0.4169,44.5537,36.6685,37.7944,209
hourly,validation,lstm_seq24_h64_l1_d0p0_lr0p0005_bs64,7,0.4951,0.6214,44.7885,33.7529,27.9648,210
hourly,validation,lstm_seq24_h64_l1_d0p0_lr0p0005_bs64,8,0.39,0.5055,33.193,26.3899,23.6556,210
hourly,validation,lstm_seq24_h64_l1_d0p0_lr0p0005_bs64,9,0.3372,0.4459,31.1026,24.271,21.7375,210
hourly,validation,lstm_seq24_h64_l1_d0p0_lr0p0005_bs64,10,0.3584,0.4772,30.1226,25.6378,23.7051,210
hourly,validation,lstm_seq24_h64_l1_d0p0_lr0p0005_bs64,11,0.4263,0.6314,38.9792,30.9554,28.2332,210
hourly,validation,lstm_seq24_h64_l1_d0p0_lr0p0005_bs64,12,0.4333,0.6186,41.5594,32.0502,29.7442,210
hourly,validation,lstm_seq24_h64_l1_d0p0_lr0p0005_bs64,13,0.4224,0.5669,46.6229,36.3446,31.1709,210
hourly,validation,lstm_seq24_h64_l1_d0p0_lr0p0005_bs64,14,0.4261,0.6007,48.1335,37.0203,34.0561,210
hourly,validation,lstm_seq24_h64_l1_d0p0_lr0p0005_bs64,15,0.4333,0.6263,46.9813,37.8714,36.3946,209
hourly,validation,lstm_seq24_h64_l1_d0p0_lr0p0005_bs64,16,0.3928,0.5692,42.7734,35.7603,33.6122,209
hourly,validation,lstm_seq24_h64_l1_d0p0_lr0p0005_bs64,17,0.4714,0.6767,45.5834,37.1382,35.43,209
hourly,validation,lstm_seq24_h64_l1_d0p0_lr0p0005_bs64,18,0.5211,0.6807,46.1885,35.7517,31.8203,209
hourly,validation,lstm_seq24_h64_l1_d0p0_lr0p0005_bs64,19,0.6429,0.7902,39.7124,33.3673,30.9074,209
hourly,validation,lstm_seq24_h64_l1_d0p0_lr0p0005_bs64,20,0.6241,0.7739,40.6303,30.8016,27.4097,209
hourly,validation,lstm_seq24_h64_l1_d0p0_lr0p0005_bs64,21,0.5066,0.6334,34.6997,27.6661,24.7179,209
hourly,validation,lstm_seq24_h64_l1_d0p0_lr0p0005_bs64,22,0.465,0.5825,39.1199,34.7466,30.7535,209
hourly,validation,lstm_seq24_h64_l1_d0p0_lr0p0005_bs64,23,0.3535,0.4754,47.3914,38.9587,39.6551,209
summary,test,lstm_seq24_h64_l1_d0p0_lr0p0005_bs64,,0.3322,0.4812,42.6918,35.3497,34.6301,5025
hourly,test,lstm_seq24_h64_l1_d0p0_lr0p0005_bs64,0,0.2466,0.4128,34.7393,32.9599,37.3852,209
hourly,test,lstm_seq24_h64_l1_d0p0_lr0p0005_bs64,1,0.1898,0.3112,28.7338,29.657,33.4005,209
hourly,test,lstm_seq24_h64_l1_d0p0_lr0p0005_bs64,2,0.1728,0.2814,28.4742,29.7637,32.767,209
hourly,test,lstm_seq24_h64_l1_d0p0_lr0p0005_bs64,3,0.1408,0.2468,26.2386,25.7585,30.2633,209
hourly,test,lstm_seq24_h64_l1_d0p0_lr0p0005_bs64,4,0.1471,0.2478,27.9312,27.5766,31.7812,209
hourly,test,lstm_seq24_h64_l1_d0p0_lr0p0005_bs64,5,0.1627,0.2619,34.8928,30.9181,36.1881,209
hourly,test,lstm_seq24_h64_l1_d0p0_lr0p0005_bs64,6,0.2288,0.2966,40.5317,33.5188,35.0946,209
hourly,test,lstm_seq24_h64_l1_d0p0_lr0p0005_bs64,7,0.4279,0.5434,49.2497,36.863,32.5004,209
hourly,test,lstm_seq24_h64_l1_d0p0_lr0p0005_bs64,8,0.3254,0.4332,38.2113,28.8791,25.9253,209
hourly,test,lstm_seq24_h64_l1_d0p0_lr0p0005_bs64,9,0.3404,0.4659,41.6269,32.0854,28.3877,209
hourly,test,lstm_seq24_h64_l1_d0p0_lr0p0005_bs64,10,0.383,0.5182,48.3054,36.9492,33.6101,209
hourly,test,lstm_seq24_h64_l1_d0p0_lr0p0005_bs64,11,0.3775,0.5268,43.7675,36.3162,33.1319,209
hourly,test,lstm_seq24_h64_l1_d0p0_lr0p0005_bs64,12,0.4149,0.5833,46.4129,39.6529,37.4187,209
hourly,test,lstm_seq24_h64_l1_d0p0_lr0p0005_bs64,13,0.3492,0.4687,41.0029,35.5963,33.3244,209
hourly,test,lstm_seq24_h64_l1_d0p0_lr0p0005_bs64,14,0.3812,0.5183,50.7361,41.0237,38.7168,209
hourly,test,lstm_seq24_h64_l1_d0p0_lr0p0005_bs64,15,0.3381,0.4671,45.0307,37.7848,37.2893,210
hourly,test,lstm_seq24_h64_l1_d0p0_lr0p0005_bs64,16,0.3237,0.4254,51.6311,40.619,39.4696,210
hourly,test,lstm_seq24_h64_l1_d0p0_lr0p0005_bs64,17,0.374,0.5115,51.3131,42.36,42.3203,210
hourly,test,lstm_seq24_h64_l1_d0p0_lr0p0005_bs64,18,0.4261,0.6256,50.9324,40.7749,39.7851,210
hourly,test,lstm_seq24_h64_l1_d0p0_lr0p0005_bs64,19,0.4615,0.6227,55.9607,39.6026,35.4802,210
hourly,test,lstm_seq24_h64_l1_d0p0_lr0p0005_bs64,20,0.4655,0.6014,52.7247,36.0806,31.5815,210
hourly,test,lstm_seq24_h64_l1_d0p0_lr0p0005_bs64,21,0.5295,0.6776,52.2174,38.9726,34.8187,210
hourly,test,lstm_seq24_h64_l1_d0p0_lr0p0005_bs64,22,0.4133,0.5545,40.8195,35.0267,34.1255,210
hourly,test,lstm_seq24_h64_l1_d0p0_lr0p0005_bs64,23,0.3492,0.5335,42.8364,39.4962,41.0544,210
summary,validation,lstm_seq24_h64_l2_d0p0_lr0p001_bs64,,0.3783,0.5423,40.2767,32.4461,30.3074,5024
hourly,validation,lstm_seq24_h64_l2_d0p0_lr0p001_bs64,0,0.2483,0.3323,48.8464,37.4791,39.2706,209
hourly,validation,lstm_seq24_h64_l2_d0p0_lr0p001_bs64,1,0.2029,0.2937,42.974,34.3166,38.1686,209
hourly,validation,lstm_seq24_h64_l2_d0p0_lr0p001_bs64,2,0.1563,0.244,32.058,27.623,32.5989,209
hourly,validation,lstm_seq24_h64_l2_d0p0_lr0p001_bs64,3,0.1204,0.2081,25.5622,22.8718,27.8061,209
hourly,validation,lstm_seq24_h64_l2_d0p0_lr0p001_bs64,4,0.1128,0.2056,23.084,23.0304,27.3837,209
hourly,validation,lstm_seq24_h64_l2_d0p0_lr0p001_bs64,5,0.1644,0.228,37.6571,33.2951,37.4452,209
hourly,validation,lstm_seq24_h64_l2_d0p0_lr0p001_bs64,6,0.321,0.4234,43.8153,37.2492,38.8949,209
hourly,validation,lstm_seq24_h64_l2_d0p0_lr0p001_bs64,7,0.5205,0.6696,41.7185,34.2284,29.3987,210
hourly,validation,lstm_seq24_h64_l2_d0p0_lr0p001_bs64,8,0.3807,0.502,31.6812,25.9504,23.092,210
hourly,validation,lstm_seq24_h64_l2_d0p0_lr0p001_bs64,9,0.3272,0.4387,30.8911,23.6704,21.0919,210
hourly,validation,lstm_seq24_h64_l2_d0p0_lr0p001_bs64,10,0.3494,0.4781,29.2972,24.5168,23.1145,210
hourly,validation,lstm_seq24_h64_l2_d0p0_lr0p001_bs64,11,0.4211,0.6333,39.132,30.4694,27.8876,210
hourly,validation,lstm_seq24_h64_l2_d0p0_lr0p001_bs64,12,0.429,0.6246,42.7357,32.53,29.4484,210
hourly,validation,lstm_seq24_h64_l2_d0p0_lr0p001_bs64,13,0.4227,0.5697,45.9273,36.2256,31.1906,210
hourly,validation,lstm_seq24_h64_l2_d0p0_lr0p001_bs64,14,0.4422,0.6194,49.0108,37.5734,35.3433,210
hourly,validation,lstm_seq24_h64_l2_d0p0_lr0p001_bs64,15,0.434,0.6334,48.366,37.6378,36.4551,209
hourly,validation,lstm_seq24_h64_l2_d0p0_lr0p001_bs64,16,0.3876,0.5428,44.6592,35.8803,33.1678,209
hourly,validation,lstm_seq24_h64_l2_d0p0_lr0p001_bs64,17,0.4826,0.6842,47.6555,38.0192,36.2693,209
hourly,validation,lstm_seq24_h64_l2_d0p0_lr0p001_bs64,18,0.5252,0.7037,45.6136,35.9304,32.0709,209
hourly,validation,lstm_seq24_h64_l2_d0p0_lr0p001_bs64,19,0.6239,0.774,37.7321,32.926,29.9912,209
hourly,validation,lstm_seq24_h64_l2_d0p0_lr0p001_bs64,20,0.6203,0.7678,39.1529,30.5837,27.2409,209
hourly,validation,lstm_seq24_h64_l2_d0p0_lr0p001_bs64,21,0.5305,0.6639,35.9053,29.0609,25.8819,209
hourly,validation,lstm_seq24_h64_l2_d0p0_lr0p001_bs64,22,0.4688,0.5783,42.3461,34.4942,31.0071,209
hourly,validation,lstm_seq24_h64_l2_d0p0_lr0p001_bs64,23,0.3856,0.4898,60.876,43.2139,43.2614,209
summary,test,lstm_seq24_h64_l2_d0p0_lr0p001_bs64,,0.3335,0.4782,44.6585,35.7594,34.7686,5025
hourly,test,lstm_seq24_h64_l2_d0p0_lr0p001_bs64,0,0.2632,0.3953,43.9712,36.5159,39.9051,209
hourly,test,lstm_seq24_h64_l2_d0p0_lr0p001_bs64,1,0.2002,0.3059,35.3056,31.9874,35.2352,209
hourly,test,lstm_seq24_h64_l2_d0p0_lr0p001_bs64,2,0.1693,0.2626,30.2328,29.1861,32.1032,209
hourly,test,lstm_seq24_h64_l2_d0p0_lr0p001_bs64,3,0.133,0.2326,25.4079,24.6342,28.5764,209
hourly,test,lstm_seq24_h64_l2_d0p0_lr0p001_bs64,4,0.1526,0.2583,28.0275,28.787,32.9746,209
hourly,test,lstm_seq24_h64_l2_d0p0_lr0p001_bs64,5,0.1605,0.2652,34.4194,30.2951,35.6909,209
hourly,test,lstm_seq24_h64_l2_d0p0_lr0p001_bs64,6,0.2271,0.2931,40.5844,33.751,34.8229,209
hourly,test,lstm_seq24_h64_l2_d0p0_lr0p001_bs64,7,0.4534,0.5811,51.1752,39.5197,34.4355,209
hourly,test,lstm_seq24_h64_l2_d0p0_lr0p001_bs64,8,0.314,0.419,37.431,28.6823,25.0154,209
hourly,test,lstm_seq24_h64_l2_d0p0_lr0p001_bs64,9,0.3397,0.4717,41.5435,31.9082,28.3296,209
hourly,test,lstm_seq24_h64_l2_d0p0_lr0p001_bs64,10,0.379,0.519,48.7227,36.9709,33.2613,209
hourly,test,lstm_seq24_h64_l2_d0p0_lr0p001_bs64,11,0.3786,0.5291,45.1894,36.6281,33.2316,209
hourly,test,lstm_seq24_h64_l2_d0p0_lr0p001_bs64,12,0.4036,0.5673,45.8597,38.0725,36.4052,209
hourly,test,lstm_seq24_h64_l2_d0p0_lr0p001_bs64,13,0.3497,0.4621,41.9551,35.6806,33.3686,209
hourly,test,lstm_seq24_h64_l2_d0p0_lr0p001_bs64,14,0.3772,0.5146,51.316,40.3303,38.3034,209
hourly,test,lstm_seq24_h64_l2_d0p0_lr0p001_bs64,15,0.3455,0.4816,47.3873,37.8626,38.106,210
hourly,test,lstm_seq24_h64_l2_d0p0_lr0p001_bs64,16,0.3365,0.4367,56.284,41.752,41.0197,210
hourly,test,lstm_seq24_h64_l2_d0p0_lr0p001_bs64,17,0.3694,0.5015,55.8617,42.5365,41.7941,210
hourly,test,lstm_seq24_h64_l2_d0p0_lr0p001_bs64,18,0.4416,0.639,56.8611,42.6935,41.2374,210
hourly,test,lstm_seq24_h64_l2_d0p0_lr0p001_bs64,19,0.465,0.6107,56.9068,40.0442,35.7493,210
hourly,test,lstm_seq24_h64_l2_d0p0_lr0p001_bs64,20,0.4552,0.5908,51.5193,35.8007,30.8791,210
hourly,test,lstm_seq24_h64_l2_d0p0_lr0p001_bs64,21,0.5097,0.6579,49.2237,37.9553,33.5166,210
hourly,test,lstm_seq24_h64_l2_d0p0_lr0p001_bs64,22,0.4132,0.5588,43.842,35.1461,34.1133,210
hourly,test,lstm_seq24_h64_l2_d0p0_lr0p001_bs64,23,0.3639,0.503,52.4499,41.3252,42.7874,210
summary,validation,lstm_seq24_h64_l2_d0p0_lr0p0005_bs64,,0.3745,0.5387,39.3645,31.8546,30.0083,5024
hourly,validation,lstm_seq24_h64_l2_d0p0_lr0p0005_bs64,0,0.2306,0.3406,42.2414,33.8885,36.4684,209
hourly,validation,lstm_seq24_h64_l2_d0p0_lr0p0005_bs64,1,0.1708,0.2895,29.9053,26.7925,32.1238,209
hourly,validation,lstm_seq24_h64_l2_d0p0_lr0p0005_bs64,2,0.1429,0.241,26.7645,24.7249,29.8152,209
hourly,validation,lstm_seq24_h64_l2_d0p0_lr0p0005_bs64,3,0.1288,0.2112,27.9736,24.9268,29.7577,209
hourly,validation,lstm_seq24_h64_l2_d0p0_lr0p0005_bs64,4,0.119,0.2014,25.9056,24.7483,28.8965,209
hourly,validation,lstm_seq24_h64_l2_d0p0_lr0p0005_bs64,5,0.172,0.2245,40.7735,35.2432,39.185,209
hourly,validation,lstm_seq24_h64_l2_d0p0_lr0p0005_bs64,6,0.331,0.4217,50.0901,38.4529,40.1161,209
hourly,validation,lstm_seq24_h64_l2_d0p0_lr0p0005_bs64,7,0.4966,0.6198,46.8994,34.6338,28.0469,210
hourly,validation,lstm_seq24_h64_l2_d0p0_lr0p0005_bs64,8,0.3941,0.5166,34.255,27.0985,23.9027,210
hourly,validation,lstm_seq24_h64_l2_d0p0_lr0p0005_bs64,9,0.3324,0.4437,31.433,24.0509,21.4275,210
hourly,validation,lstm_seq24_h64_l2_d0p0_lr0p0005_bs64,10,0.3645,0.4865,29.5514,25.473,24.1116,210
hourly,validation,lstm_seq24_h64_l2_d0p0_lr0p0005_bs64,11,0.4148,0.6259,37.7212,29.8692,27.4697,210
hourly,validation,lstm_seq24_h64_l2_d0p0_lr0p0005_bs64,12,0.427,0.6218,42.0468,31.8289,29.3149,210
hourly,validation,lstm_seq24_h64_l2_d0p0_lr0p0005_bs64,13,0.4191,0.5665,46.3535,36.0146,30.9216,210
hourly,validation,lstm_seq24_h64_l2_d0p0_lr0p0005_bs64,14,0.4295,0.6091,48.853,36.6365,34.3268,210
hourly,validation,lstm_seq24_h64_l2_d0p0_lr0p0005_bs64,15,0.435,0.6362,46.7174,37.9203,36.5372,209
hourly,validation,lstm_seq24_h64_l2_d0p0_lr0p0005_bs64,16,0.3947,0.5628,41.1676,35.165,33.7818,209
hourly,validation,lstm_seq24_h64_l2_d0p0_lr0p0005_bs64,17,0.4696,0.6713,44.1569,36.0271,35.2929,209
hourly,validation,lstm_seq24_h64_l2_d0p0_lr0p0005_bs64,18,0.5116,0.6767,45.0647,35.0902,31.2408,209
hourly,validation,lstm_seq24_h64_l2_d0p0_lr0p0005_bs64,19,0.6493,0.8018,38.412,33.7376,31.2125,209
hourly,validation,lstm_seq24_h64_l2_d0p0_lr0p0005_bs64,20,0.6204,0.7703,38.6315,30.725,27.2469,209
hourly,validation,lstm_seq24_h64_l2_d0p0_lr0p0005_bs64,21,0.5111,0.6478,35.3015,27.6865,24.9361,209
hourly,validation,lstm_seq24_h64_l2_d0p0_lr0p0005_bs64,22,0.4652,0.5781,41.9081,34.0442,30.7653,209
hourly,validation,lstm_seq24_h64_l2_d0p0_lr0p0005_bs64,23,0.3576,0.4658,52.6114,39.7763,40.118,209
summary,test,lstm_seq24_h64_l2_d0p0_lr0p0005_bs64,,0.3281,0.4781,41.4523,34.9213,34.204,5025
hourly,test,lstm_seq24_h64_l2_d0p0_lr0p0005_bs64,0,0.2561,0.4102,38.073,35.4986,38.8232,209
hourly,test,lstm_seq24_h64_l2_d0p0_lr0p0005_bs64,1,0.1957,0.323,28.878,31.268,34.4503,209
hourly,test,lstm_seq24_h64_l2_d0p0_lr0p0005_bs64,2,0.1697,0.2778,26.9978,29.4477,32.1862,209
hourly,test,lstm_seq24_h64_l2_d0p0_lr0p0005_bs64,3,0.1358,0.2427,24.475,25.4212,29.1801,209
hourly,test,lstm_seq24_h64_l2_d0p0_lr0p0005_bs64,4,0.1561,0.2616,28.4826,29.9036,33.7286,209
hourly,test,lstm_seq24_h64_l2_d0p0_lr0p0005_bs64,5,0.163,0.2615,35.2948,31.0852,36.2549,209
hourly,test,lstm_seq24_h64_l2_d0p0_lr0p0005_bs64,6,0.2467,0.3122,46.9512,35.6282,37.8337,209
hourly,test,lstm_seq24_h64_l2_d0p0_lr0p0005_bs64,7,0.4366,0.5556,52.8751,37.8391,33.1575,209
hourly,test,lstm_seq24_h64_l2_d0p0_lr0p0005_bs64,8,0.3156,0.4236,37.7618,28.5547,25.1415,209
hourly,test,lstm_seq24_h64_l2_d0p0_lr0p0005_bs64,9,0.3388,0.4611,40.2686,31.4801,28.2579,209
hourly,test,lstm_seq24_h64_l2_d0p0_lr0p0005_bs64,10,0.3767,0.5142,46.4743,36.4996,33.06,209
hourly,test,lstm_seq24_h64_l2_d0p0_lr0p0005_bs64,11,0.382,0.538,43.2047,36.6438,33.5325,209
hourly,test,lstm_seq24_h64_l2_d0p0_lr0p0005_bs64,12,0.4095,0.5823,43.4755,38.3282,36.9306,209
hourly,test,lstm_seq24_h64_l2_d0p0_lr0p0005_bs64,13,0.3499,0.4661,40.4987,35.9914,33.3948,209
hourly,test,lstm_seq24_h64_l2_d0p0_lr0p0005_bs64,14,0.3709,0.5199,46.778,38.919,37.6667,209
hourly,test,lstm_seq24_h64_l2_d0p0_lr0p0005_bs64,15,0.3277,0.4784,40.8149,35.974,36.1337,210
hourly,test,lstm_seq24_h64_l2_d0p0_lr0p0005_bs64,16,0.3228,0.4342,46.73,39.4938,39.3568,210
hourly,test,lstm_seq24_h64_l2_d0p0_lr0p0005_bs64,17,0.3592,0.5037,46.9722,39.7748,40.6456,210
hourly,test,lstm_seq24_h64_l2_d0p0_lr0p0005_bs64,18,0.4249,0.6315,49.1122,39.9879,39.6747,210
hourly,test,lstm_seq24_h64_l2_d0p0_lr0p0005_bs64,19,0.447,0.6095,50.5001,37.8492,34.371,210
hourly,test,lstm_seq24_h64_l2_d0p0_lr0p0005_bs64,20,0.4445,0.5859,47.0359,33.9403,30.1558,210
hourly,test,lstm_seq24_h64_l2_d0p0_lr0p0005_bs64,21,0.5027,0.6498,48.7577,37.0503,33.0615,210
hourly,test,lstm_seq24_h64_l2_d0p0_lr0p0005_bs64,22,0.404,0.5472,42.1054,33.9827,33.3594,210
hourly,test,lstm_seq24_h64_l2_d0p0_lr0p0005_bs64,23,0.3352,0.5032,42.1419,37.4476,39.4141,210
summary,validation,lstm_seq24_h64_l2_d0p2_lr0p001_bs64,,0.3727,0.5392,38.1653,31.2435,29.8593,5024
hourly,validation,lstm_seq24_h64_l2_d0p2_lr0p001_bs64,0,0.2106,0.315,37.0101,30.9582,33.3024,209
hourly,validation,lstm_seq24_h64_l2_d0p2_lr0p001_bs64,1,0.1678,0.2873,28.231,26.3511,31.5709,209
hourly,validation,lstm_seq24_h64_l2_d0p2_lr0p001_bs64,2,0.1424,0.2484,25.5951,24.7648,29.7096,209
hourly,validation,lstm_seq24_h64_l2_d0p2_lr0p001_bs64,3,0.1177,0.2094,23.7182,22.4816,27.1831,209
hourly,validation,lstm_seq24_h64_l2_d0p2_lr0p001_bs64,4,0.1113,0.205,22.3145,22.8122,27.0154,209
hourly,validation,lstm_seq24_h64_l2_d0p2_lr0p001_bs64,5,0.1676,0.2322,38.0947,33.8827,38.1822,209
hourly,validation,lstm_seq24_h64_l2_d0p2_lr0p001_bs64,6,0.3378,0.4361,51.2458,37.9926,40.9301,209
hourly,validation,lstm_seq24_h64_l2_d0p2_lr0p001_bs64,7,0.4794,0.6035,44.8766,32.8072,27.0728,210
hourly,validation,lstm_seq24_h64_l2_d0p2_lr0p001_bs64,8,0.3773,0.5034,32.6868,26.1603,22.886,210
hourly,validation,lstm_seq24_h64_l2_d0p2_lr0p001_bs64,9,0.3352,0.4488,30.3024,23.9933,21.6074,210
hourly,validation,lstm_seq24_h64_l2_d0p2_lr0p001_bs64,10,0.3661,0.4896,29.5584,25.7351,24.2151,210
hourly,validation,lstm_seq24_h64_l2_d0p2_lr0p001_bs64,11,0.4148,0.6259,36.7564,29.9819,27.4744,210
hourly,validation,lstm_seq24_h64_l2_d0p2_lr0p001_bs64,12,0.4238,0.6085,39.3781,31.1904,29.0928,210
hourly,validation,lstm_seq24_h64_l2_d0p2_lr0p001_bs64,13,0.4279,0.5724,43.9235,35.709,31.5762,210
hourly,validation,lstm_seq24_h64_l2_d0p2_lr0p001_bs64,14,0.4193,0.6021,45.3058,35.1218,33.5133,210
hourly,validation,lstm_seq24_h64_l2_d0p2_lr0p001_bs64,15,0.4354,0.6415,46.5919,37.0311,36.5738,209
hourly,validation,lstm_seq24_h64_l2_d0p2_lr0p001_bs64,16,0.3979,0.5666,42.5746,35.1891,34.0509,209
hourly,validation,lstm_seq24_h64_l2_d0p2_lr0p001_bs64,17,0.4566,0.6591,43.2002,35.1393,34.3165,209
hourly,validation,lstm_seq24_h64_l2_d0p2_lr0p001_bs64,18,0.5106,0.6674,43.3144,34.9548,31.1797,209
hourly,validation,lstm_seq24_h64_l2_d0p2_lr0p001_bs64,19,0.6605,0.8103,39.0259,34.4328,31.7511,209
hourly,validation,lstm_seq24_h64_l2_d0p2_lr0p001_bs64,20,0.6502,0.8014,40.7443,31.8153,28.5583,209
hourly,validation,lstm_seq24_h64_l2_d0p2_lr0p001_bs64,21,0.5012,0.6393,34.2566,27.2999,24.4513,209
hourly,validation,lstm_seq24_h64_l2_d0p2_lr0p001_bs64,22,0.4637,0.5837,42.7114,33.8227,30.6671,209
hourly,validation,lstm_seq24_h64_l2_d0p2_lr0p001_bs64,23,0.368,0.4812,54.5623,40.2609,41.2859,209
summary,test,lstm_seq24_h64_l2_d0p2_lr0p001_bs64,,0.331,0.4869,40.3098,35.5809,34.5075,5025
hourly,test,lstm_seq24_h64_l2_d0p2_lr0p001_bs64,0,0.2434,0.3995,34.804,33.0446,36.8945,209
hourly,test,lstm_seq24_h64_l2_d0p2_lr0p001_bs64,1,0.1948,0.3306,27.5969,30.8722,34.2853,209
hourly,test,lstm_seq24_h64_l2_d0p2_lr0p001_bs64,2,0.1744,0.2871,26.3999,31.0224,33.0702,209
hourly,test,lstm_seq24_h64_l2_d0p2_lr0p001_bs64,3,0.1308,0.2472,21.7174,24.8177,28.1145,209
hourly,test,lstm_seq24_h64_l2_d0p2_lr0p001_bs64,4,0.1613,0.2735,27.3462,31.9226,34.8468,209
hourly,test,lstm_seq24_h64_l2_d0p2_lr0p001_bs64,5,0.1566,0.2637,31.0419,30.6264,34.8116,209
hourly,test,lstm_seq24_h64_l2_d0p2_lr0p001_bs64,6,0.2453,0.3206,43.9817,35.0282,37.6265,209
hourly,test,lstm_seq24_h64_l2_d0p2_lr0p001_bs64,7,0.4162,0.5384,50.8351,36.6944,31.6052,209
hourly,test,lstm_seq24_h64_l2_d0p2_lr0p001_bs64,8,0.3206,0.4304,39.3786,29.8523,25.5449,209
hourly,test,lstm_seq24_h64_l2_d0p2_lr0p001_bs64,9,0.3474,0.4742,41.6487,33.8454,28.9697,209
hourly,test,lstm_seq24_h64_l2_d0p2_lr0p001_bs64,10,0.3814,0.5245,45.4505,37.3513,33.4733,209
hourly,test,lstm_seq24_h64_l2_d0p2_lr0p001_bs64,11,0.3951,0.5429,43.729,39.4166,34.6784,209
hourly,test,lstm_seq24_h64_l2_d0p2_lr0p001_bs64,12,0.421,0.5931,42.9597,40.2691,37.9699,209
hourly,test,lstm_seq24_h64_l2_d0p2_lr0p001_bs64,13,0.3643,0.4826,39.6322,38.1436,34.7702,209
hourly,test,lstm_seq24_h64_l2_d0p2_lr0p001_bs64,14,0.3785,0.5328,44.7102,40.1659,38.4374,209
hourly,test,lstm_seq24_h64_l2_d0p2_lr0p001_bs64,15,0.3182,0.4702,37.9293,34.4515,35.0955,210
hourly,test,lstm_seq24_h64_l2_d0p2_lr0p001_bs64,16,0.3118,0.4348,43.9955,38.0932,38.01,210
hourly,test,lstm_seq24_h64_l2_d0p2_lr0p001_bs64,17,0.3589,0.5129,44.7859,40.1162,40.6095,210
hourly,test,lstm_seq24_h64_l2_d0p2_lr0p001_bs64,18,0.4253,0.6453,45.6253,40.7818,39.7116,210
hourly,test,lstm_seq24_h64_l2_d0p2_lr0p001_bs64,19,0.4535,0.6244,49.0699,40.0647,34.8673,210
hourly,test,lstm_seq24_h64_l2_d0p2_lr0p001_bs64,20,0.4544,0.6095,46.07,34.3172,30.8273,210
hourly,test,lstm_seq24_h64_l2_d0p2_lr0p001_bs64,21,0.5243,0.6776,48.8633,38.4424,34.4804,210
hourly,test,lstm_seq24_h64_l2_d0p2_lr0p001_bs64,22,0.421,0.5663,44.4977,35.8157,34.7552,210
hourly,test,lstm_seq24_h64_l2_d0p2_lr0p001_bs64,23,0.3427,0.5074,45.1598,38.687,40.2952,210
summary,validation,lstm_seq24_h64_l2_d0p2_lr0p0005_bs64,,0.375,0.537,39.3281,31.9181,30.0475,5024
hourly,validation,lstm_seq24_h64_l2_d0p2_lr0p0005_bs64,0,0.2241,0.3287,38.1829,32.5788,35.4322,209
hourly,validation,lstm_seq24_h64_l2_d0p2_lr0p0005_bs64,1,0.1691,0.2847,29.1806,26.8413,31.805,209
hourly,validation,lstm_seq24_h64_l2_d0p2_lr0p0005_bs64,2,0.1422,0.2384,26.3157,24.9648,29.6741,209
hourly,validation,lstm_seq24_h64_l2_d0p2_lr0p0005_bs64,3,0.1261,0.2108,26.9614,24.3238,29.1322,209
hourly,validation,lstm_seq24_h64_l2_d0p2_lr0p0005_bs64,4,0.1209,0.1967,27.1443,25.2684,29.3467,209
hourly,validation,lstm_seq24_h64_l2_d0p2_lr0p0005_bs64,5,0.1793,0.2252,43.7631,37.0234,40.8348,209
hourly,validation,lstm_seq24_h64_l2_d0p2_lr0p0005_bs64,6,0.3435,0.442,54.0638,39.6174,41.6295,209
hourly,validation,lstm_seq24_h64_l2_d0p2_lr0p0005_bs64,7,0.4866,0.601,46.4211,34.1756,27.4831,210
hourly,validation,lstm_seq24_h64_l2_d0p2_lr0p0005_bs64,8,0.3932,0.514,34.0794,27.1447,23.849,210
hourly,validation,lstm_seq24_h64_l2_d0p2_lr0p0005_bs64,9,0.3368,0.4513,30.2189,23.907,21.7114,210
hourly,validation,lstm_seq24_h64_l2_d0p2_lr0p0005_bs64,10,0.3606,0.4833,29.061,25.5804,23.8556,210
hourly,validation,lstm_seq24_h64_l2_d0p2_lr0p0005_bs64,11,0.4248,0.6313,37.5637,30.4361,28.1345,210
hourly,validation,lstm_seq24_h64_l2_d0p2_lr0p0005_bs64,12,0.4314,0.616,41.4564,32.1439,29.612,210
hourly,validation,lstm_seq24_h64_l2_d0p2_lr0p0005_bs64,13,0.4228,0.5686,45.0742,35.9721,31.1988,210
hourly,validation,lstm_seq24_h64_l2_d0p2_lr0p0005_bs64,14,0.4264,0.6074,46.5552,36.0297,34.08,210
hourly,validation,lstm_seq24_h64_l2_d0p2_lr0p0005_bs64,15,0.4286,0.6326,45.8736,36.6082,35.9985,209
hourly,validation,lstm_seq24_h64_l2_d0p2_lr0p0005_bs64,16,0.3909,0.5616,42.4165,35.0032,33.4516,209
hourly,validation,lstm_seq24_h64_l2_d0p2_lr0p0005_bs64,17,0.4653,0.6671,44.1643,35.9283,34.9703,209
hourly,validation,lstm_seq24_h64_l2_d0p2_lr0p0005_bs64,18,0.5198,0.67,46.4476,35.3519,31.7401,209
hourly,validation,lstm_seq24_h64_l2_d0p2_lr0p0005_bs64,19,0.6516,0.7964,40.8554,33.9796,31.3229,209
hourly,validation,lstm_seq24_h64_l2_d0p2_lr0p0005_bs64,20,0.6305,0.7745,41.0609,31.317,27.6916,209
hourly,validation,lstm_seq24_h64_l2_d0p2_lr0p0005_bs64,21,0.511,0.6469,36.1343,28.2355,24.9288,209
hourly,validation,lstm_seq24_h64_l2_d0p2_lr0p0005_bs64,22,0.4641,0.5841,40.8579,34.3653,30.6944,209
hourly,validation,lstm_seq24_h64_l2_d0p2_lr0p0005_bs64,23,0.3499,0.4556,50.0424,39.2866,39.2505,209
summary,test,lstm_seq24_h64_l2_d0p2_lr0p0005_bs64,,0.3275,0.4807,40.5963,34.7225,34.1408,5025
hourly,test,lstm_seq24_h64_l2_d0p2_lr0p0005_bs64,0,0.2408,0.4086,33.3674,32.4376,36.5102,209
hourly,test,lstm_seq24_h64_l2_d0p2_lr0p0005_bs64,1,0.1926,0.3236,27.5873,30.2853,33.9095,209
hourly,test,lstm_seq24_h64_l2_d0p2_lr0p0005_bs64,2,0.1703,0.2854,25.9836,29.4222,32.2999,209
hourly,test,lstm_seq24_h64_l2_d0p2_lr0p0005_bs64,3,0.1327,0.2444,22.8986,24.6089,28.5301,209
hourly,test,lstm_seq24_h64_l2_d0p2_lr0p0005_bs64,4,0.1547,0.2575,28.1435,29.8096,33.4277,209
hourly,test,lstm_seq24_h64_l2_d0p2_lr0p0005_bs64,5,0.1655,0.262,35.9192,31.7389,36.8019,209
hourly,test,lstm_seq24_h64_l2_d0p2_lr0p0005_bs64,6,0.2545,0.326,47.4952,36.1563,39.024,209
hourly,test,lstm_seq24_h64_l2_d0p2_lr0p0005_bs64,7,0.415,0.5327,50.1573,35.7578,31.5198,209
hourly,test,lstm_seq24_h64_l2_d0p2_lr0p0005_bs64,8,0.307,0.4151,37.8914,28.5366,24.46,209
hourly,test,lstm_seq24_h64_l2_d0p2_lr0p0005_bs64,9,0.3457,0.4688,40.612,32.7837,28.8307,209
hourly,test,lstm_seq24_h64_l2_d0p2_lr0p0005_bs64,10,0.3786,0.5249,44.2487,35.9467,33.2236,209
hourly,test,lstm_seq24_h64_l2_d0p2_lr0p0005_bs64,11,0.3924,0.5397,43.327,38.5216,34.4422,209
hourly,test,lstm_seq24_h64_l2_d0p2_lr0p0005_bs64,12,0.4225,0.5929,43.0103,39.7358,38.1023,209
hourly,test,lstm_seq24_h64_l2_d0p2_lr0p0005_bs64,13,0.3561,0.4724,39.792,37.2055,33.9863,209
hourly,test,lstm_seq24_h64_l2_d0p2_lr0p0005_bs64,14,0.3732,0.5238,44.4971,39.1984,37.8999,209
hourly,test,lstm_seq24_h64_l2_d0p2_lr0p0005_bs64,15,0.3251,0.4784,39.2704,35.4396,35.8489,210
hourly,test,lstm_seq24_h64_l2_d0p2_lr0p0005_bs64,16,0.3116,0.4281,44.725,37.615,37.9843,210
hourly,test,lstm_seq24_h64_l2_d0p2_lr0p0005_bs64,17,0.3551,0.5057,45.1,39.3003,40.1778,210
hourly,test,lstm_seq24_h64_l2_d0p2_lr0p0005_bs64,18,0.4225,0.6395,46.6621,38.8796,39.4495,210
hourly,test,lstm_seq24_h64_l2_d0p2_lr0p0005_bs64,19,0.4453,0.6147,51.3157,37.7317,34.236,210
hourly,test,lstm_seq24_h64_l2_d0p2_lr0p0005_bs64,20,0.4414,0.5906,47.6044,33.0885,29.9448,210
hourly,test,lstm_seq24_h64_l2_d0p2_lr0p0005_bs64,21,0.5144,0.666,50.7174,37.6315,33.8261,210
hourly,test,lstm_seq24_h64_l2_d0p2_lr0p0005_bs64,22,0.4038,0.5401,41.9992,33.8073,33.3389,210
hourly,test,lstm_seq24_h64_l2_d0p2_lr0p0005_bs64,23,0.3361,0.5078,41.7765,37.6137,39.5087,210
summary,validation,lstm_seq24_h64_l2_d0p3_lr0p001_bs64,,0.3717,0.5372,37.8117,31.3245,29.7837,5024
hourly,validation,lstm_seq24_h64_l2_d0p3_lr0p001_bs64,0,0.2155,0.3309,33.9422,30.4829,34.0705,209
hourly,validation,lstm_seq24_h64_l2_d0p3_lr0p001_bs64,1,0.1719,0.2976,28.3905,26.8846,32.3322,209
hourly,validation,lstm_seq24_h64_l2_d0p3_lr0p001_bs64,2,0.1463,0.2506,26.9195,24.9805,30.5251,209
hourly,validation,lstm_seq24_h64_l2_d0p3_lr0p001_bs64,3,0.1235,0.214,25.9417,23.2476,28.5262,209
hourly,validation,lstm_seq24_h64_l2_d0p3_lr0p001_bs64,4,0.1162,0.2006,24.3684,23.9662,28.2028,209
hourly,validation,lstm_seq24_h64_l2_d0p3_lr0p001_bs64,5,0.1539,0.2216,32.6351,31.3962,35.061,209
hourly,validation,lstm_seq24_h64_l2_d0p3_lr0p001_bs64,6,0.2981,0.3925,40.3203,35.7112,36.1304,209
hourly,validation,lstm_seq24_h64_l2_d0p3_lr0p001_bs64,7,0.5144,0.652,42.0091,34.4506,29.0537,210
hourly,validation,lstm_seq24_h64_l2_d0p3_lr0p001_bs64,8,0.3816,0.5022,31.9014,26.0969,23.1421,210
hourly,validation,lstm_seq24_h64_l2_d0p3_lr0p001_bs64,9,0.3357,0.4473,30.1024,24.0229,21.6424,210
hourly,validation,lstm_seq24_h64_l2_d0p3_lr0p001_bs64,10,0.3571,0.4812,29.5561,25.2956,23.6192,210
hourly,validation,lstm_seq24_h64_l2_d0p3_lr0p001_bs64,11,0.4219,0.6264,38.6041,30.4058,27.9444,210
hourly,validation,lstm_seq24_h64_l2_d0p3_lr0p001_bs64,12,0.4263,0.6132,41.1822,31.679,29.2657,210
hourly,validation,lstm_seq24_h64_l2_d0p3_lr0p001_bs64,13,0.4222,0.5686,45.5254,35.5408,31.154,210
hourly,validation,lstm_seq24_h64_l2_d0p3_lr0p001_bs64,14,0.4337,0.6115,48.946,36.83,34.6613,210
hourly,validation,lstm_seq24_h64_l2_d0p3_lr0p001_bs64,15,0.4324,0.6328,48.694,37.583,36.3233,209
hourly,validation,lstm_seq24_h64_l2_d0p3_lr0p001_bs64,16,0.3966,0.5541,45.1819,36.6663,33.9406,209
hourly,validation,lstm_seq24_h64_l2_d0p3_lr0p001_bs64,17,0.4666,0.6561,45.9503,36.7866,35.0693,209
hourly,validation,lstm_seq24_h64_l2_d0p3_lr0p001_bs64,18,0.5222,0.6786,45.8707,35.4004,31.8888,209
hourly,validation,lstm_seq24_h64_l2_d0p3_lr0p001_bs64,19,0.6391,0.786,39.0381,33.0503,30.7232,209
hourly,validation,lstm_seq24_h64_l2_d0p3_lr0p001_bs64,20,0.6238,0.7754,40.0281,30.7731,27.395,209
hourly,validation,lstm_seq24_h64_l2_d0p3_lr0p001_bs64,21,0.4996,0.645,33.7001,27.3622,24.3757,209
hourly,validation,lstm_seq24_h64_l2_d0p3_lr0p001_bs64,22,0.4777,0.5959,41.3135,35.0819,31.5929,209
hourly,validation,lstm_seq24_h64_l2_d0p3_lr0p001_bs64,23,0.3439,0.4608,47.3335,38.1224,38.5766,209
summary,test,lstm_seq24_h64_l2_d0p3_lr0p001_bs64,,0.3291,0.4843,40.153,34.5324,34.3133,5025
hourly,test,lstm_seq24_h64_l2_d0p3_lr0p001_bs64,0,0.2403,0.4162,31.5347,31.7251,36.43,209
hourly,test,lstm_seq24_h64_l2_d0p3_lr0p001_bs64,1,0.1968,0.3323,27.1841,30.9884,34.6327,209
hourly,test,lstm_seq24_h64_l2_d0p3_lr0p001_bs64,2,0.1669,0.2774,25.5643,28.8335,31.6453,209
hourly,test,lstm_seq24_h64_l2_d0p3_lr0p001_bs64,3,0.1207,0.2283,20.963,22.6333,25.9335,209
hourly,test,lstm_seq24_h64_l2_d0p3_lr0p001_bs64,4,0.1526,0.2599,26.7115,28.9816,32.9612,209
hourly,test,lstm_seq24_h64_l2_d0p3_lr0p001_bs64,5,0.1425,0.2536,27.1124,26.8816,31.6846,209
hourly,test,lstm_seq24_h64_l2_d0p3_lr0p001_bs64,6,0.215,0.2926,35.0579,32.6234,32.9779,209
hourly,test,lstm_seq24_h64_l2_d0p3_lr0p001_bs64,7,0.4522,0.586,46.2953,38.4417,34.3464,209
hourly,test,lstm_seq24_h64_l2_d0p3_lr0p001_bs64,8,0.3189,0.4226,35.0659,28.3053,25.4059,209
hourly,test,lstm_seq24_h64_l2_d0p3_lr0p001_bs64,9,0.3411,0.4728,39.486,31.8644,28.4446,209
hourly,test,lstm_seq24_h64_l2_d0p3_lr0p001_bs64,10,0.383,0.532,45.173,36.0953,33.6088,209
hourly,test,lstm_seq24_h64_l2_d0p3_lr0p001_bs64,11,0.3815,0.5317,43.0271,36.9047,33.4904,209
hourly,test,lstm_seq24_h64_l2_d0p3_lr0p001_bs64,12,0.4105,0.5846,43.6062,38.1091,37.0252,209
hourly,test,lstm_seq24_h64_l2_d0p3_lr0p001_bs64,13,0.3536,0.4683,41.0095,36.5639,33.7405,209
hourly,test,lstm_seq24_h64_l2_d0p3_lr0p001_bs64,14,0.3742,0.5228,47.1377,39.3979,38.0055,209
hourly,test,lstm_seq24_h64_l2_d0p3_lr0p001_bs64,15,0.3307,0.4727,43.3886,36.4947,36.4701,210
hourly,test,lstm_seq24_h64_l2_d0p3_lr0p001_bs64,16,0.3289,0.4441,50.1452,39.4846,40.1015,210
hourly,test,lstm_seq24_h64_l2_d0p3_lr0p001_bs64,17,0.3677,0.5124,50.7073,40.8718,41.6052,210
hourly,test,lstm_seq24_h64_l2_d0p3_lr0p001_bs64,18,0.4364,0.6374,52.2326,40.9931,40.749,210
hourly,test,lstm_seq24_h64_l2_d0p3_lr0p001_bs64,19,0.4524,0.6147,53.8217,37.9225,34.7834,210
hourly,test,lstm_seq24_h64_l2_d0p3_lr0p001_bs64,20,0.4558,0.6068,49.37,34.114,30.9215,210
hourly,test,lstm_seq24_h64_l2_d0p3_lr0p001_bs64,21,0.5126,0.6623,47.1556,37.3152,33.7117,210
hourly,test,lstm_seq24_h64_l2_d0p3_lr0p001_bs64,22,0.4199,0.558,40.7023,35.2375,34.6674,210
hourly,test,lstm_seq24_h64_l2_d0p3_lr0p001_bs64,23,0.342,0.5143,40.8994,37.8546,40.2109,210
summary,validation,lstm_seq24_h64_l2_d0p3_lr0p0005_bs64,,0.3742,0.5368,38.8994,31.6816,29.9812,5024
hourly,validation,lstm_seq24_h64_l2_d0p3_lr0p0005_bs64,0,0.2207,0.3233,38.1475,32.1895,34.898,209
hourly,validation,lstm_seq24_h64_l2_d0p3_lr0p0005_bs64,1,0.1689,0.2817,29.0769,26.8798,31.7655,209
hourly,validation,lstm_seq24_h64_l2_d0p3_lr0p0005_bs64,2,0.1422,0.2391,26.3454,24.8618,29.6554,209
hourly,validation,lstm_seq24_h64_l2_d0p3_lr0p0005_bs64,3,0.1258,0.2134,27.0086,24.0019,29.0682,209
hourly,validation,lstm_seq24_h64_l2_d0p3_lr0p0005_bs64,4,0.1179,0.196,25.831,24.5398,28.6102,209
hourly,validation,lstm_seq24_h64_l2_d0p3_lr0p0005_bs64,5,0.1665,0.2217,38.4554,34.2927,37.9396,209
hourly,validation,lstm_seq24_h64_l2_d0p3_lr0p0005_bs64,6,0.3241,0.4279,50.092,37.0645,39.2793,209
hourly,validation,lstm_seq24_h64_l2_d0p3_lr0p0005_bs64,7,0.4866,0.6001,46.7219,34.3921,27.4796,210
hourly,validation,lstm_seq24_h64_l2_d0p3_lr0p0005_bs64,8,0.3903,0.5083,34.4472,26.968,23.6734,210
hourly,validation,lstm_seq24_h64_l2_d0p3_lr0p0005_bs64,9,0.3425,0.4575,30.4826,24.2244,22.0787,210
hourly,validation,lstm_seq24_h64_l2_d0p3_lr0p0005_bs64,10,0.358,0.4832,28.8521,25.3258,23.6787,210
hourly,validation,lstm_seq24_h64_l2_d0p3_lr0p0005_bs64,11,0.4262,0.6314,37.5914,30.5243,28.2244,210
hourly,validation,lstm_seq24_h64_l2_d0p3_lr0p0005_bs64,12,0.4302,0.6141,41.1167,31.9718,29.5304,210
hourly,validation,lstm_seq24_h64_l2_d0p3_lr0p0005_bs64,13,0.4279,0.5733,45.519,36.3827,31.572,210
hourly,validation,lstm_seq24_h64_l2_d0p3_lr0p0005_bs64,14,0.4289,0.6103,47.0982,36.3826,34.2808,210
hourly,validation,lstm_seq24_h64_l2_d0p3_lr0p0005_bs64,15,0.4295,0.6325,46.056,36.7635,36.0773,209
hourly,validation,lstm_seq24_h64_l2_d0p3_lr0p0005_bs64,16,0.3933,0.5671,42.049,35.0647,33.6597,209
hourly,validation,lstm_seq24_h64_l2_d0p3_lr0p0005_bs64,17,0.4646,0.6667,43.1214,35.6609,34.9197,209
hourly,validation,lstm_seq24_h64_l2_d0p3_lr0p0005_bs64,18,0.5227,0.6699,45.6642,35.5019,31.9201,209
hourly,validation,lstm_seq24_h64_l2_d0p3_lr0p0005_bs64,19,0.6489,0.7953,40.1902,33.9801,31.1958,209
hourly,validation,lstm_seq24_h64_l2_d0p3_lr0p0005_bs64,20,0.6309,0.7763,40.7791,31.2761,27.7083,209
hourly,validation,lstm_seq24_h64_l2_d0p3_lr0p0005_bs64,21,0.5144,0.6481,36.2934,28.2372,25.0983,209
hourly,validation,lstm_seq24_h64_l2_d0p3_lr0p0005_bs64,22,0.4639,0.5797,41.465,34.2788,30.6852,209
hourly,validation,lstm_seq24_h64_l2_d0p3_lr0p0005_bs64,23,0.3545,0.4606,51.1779,39.6291,39.7739,209
summary,test,lstm_seq24_h64_l2_d0p3_lr0p0005_bs64,,0.3255,0.4792,40.1394,34.4819,33.9382,5025
hourly,test,lstm_seq24_h64_l2_d0p3_lr0p0005_bs64,0,0.2364,0.4047,32.7841,31.722,35.8408,209
hourly,test,lstm_seq24_h64_l2_d0p3_lr0p0005_bs64,1,0.1938,0.3229,27.9725,30.6204,34.1059,209
hourly,test,lstm_seq24_h64_l2_d0p3_lr0p0005_bs64,2,0.1679,0.2818,25.5867,28.7993,31.8429,209
hourly,test,lstm_seq24_h64_l2_d0p3_lr0p0005_bs64,3,0.1295,0.2398,22.3005,23.8448,27.8392,209
hourly,test,lstm_seq24_h64_l2_d0p3_lr0p0005_bs64,4,0.1513,0.2557,26.9489,28.6793,32.6879,209
hourly,test,lstm_seq24_h64_l2_d0p3_lr0p0005_bs64,5,0.155,0.2577,31.8674,29.5338,34.4684,209
hourly,test,lstm_seq24_h64_l2_d0p3_lr0p0005_bs64,6,0.2413,0.3134,43.4021,34.361,37.0102,209
hourly,test,lstm_seq24_h64_l2_d0p3_lr0p0005_bs64,7,0.4166,0.5376,49.4823,35.9031,31.6413,209
hourly,test,lstm_seq24_h64_l2_d0p3_lr0p0005_bs64,8,0.3062,0.4119,38.3609,28.7095,24.3933,209
hourly,test,lstm_seq24_h64_l2_d0p3_lr0p0005_bs64,9,0.3463,0.4696,41.3766,33.3432,28.8787,209
hourly,test,lstm_seq24_h64_l2_d0p3_lr0p0005_bs64,10,0.3824,0.5268,45.2936,36.7802,33.5597,209
hourly,test,lstm_seq24_h64_l2_d0p3_lr0p0005_bs64,11,0.3939,0.5425,43.6936,38.983,34.5763,209
hourly,test,lstm_seq24_h64_l2_d0p3_lr0p0005_bs64,12,0.4205,0.5899,43.0124,39.7531,37.9247,209
hourly,test,lstm_seq24_h64_l2_d0p3_lr0p0005_bs64,13,0.3558,0.4746,39.6784,37.1313,33.9561,209
hourly,test,lstm_seq24_h64_l2_d0p3_lr0p0005_bs64,14,0.3732,0.5228,44.6542,39.2345,37.8954,209
hourly,test,lstm_seq24_h64_l2_d0p3_lr0p0005_bs64,15,0.3222,0.4748,39.2022,34.9887,35.5282,210
hourly,test,lstm_seq24_h64_l2_d0p3_lr0p0005_bs64,16,0.3112,0.4258,45.0399,37.7101,37.9385,210
hourly,test,lstm_seq24_h64_l2_d0p3_lr0p0005_bs64,17,0.3524,0.5069,44.1547,38.8132,39.8806,210
hourly,test,lstm_seq24_h64_l2_d0p3_lr0p0005_bs64,18,0.4168,0.6315,45.1156,38.3138,38.9159,210
hourly,test,lstm_seq24_h64_l2_d0p3_lr0p0005_bs64,19,0.4426,0.612,50.2619,37.612,34.027,210
hourly,test,lstm_seq24_h64_l2_d0p3_lr0p0005_bs64,20,0.4438,0.5895,47.391,33.4819,30.1049,210
hourly,test,lstm_seq24_h64_l2_d0p3_lr0p0005_bs64,21,0.5122,0.6686,50.3815,37.6021,33.6817,210
hourly,test,lstm_seq24_h64_l2_d0p3_lr0p0005_bs64,22,0.4006,0.536,42.1549,33.6746,33.0747,210
hourly,test,lstm_seq24_h64_l2_d0p3_lr0p0005_bs64,23,0.3384,0.5059,43.013,37.8764,39.7843,210
summary,validation,lstm_seq24_h128_l1_d0p0_lr0p001_bs64,,0.3731,0.5418,36.7176,31.8956,29.8912,5024
hourly,validation,lstm_seq24_h128_l1_d0p0_lr0p001_bs64,0,0.2142,0.3151,36.381,31.8724,33.8659,209
hourly,validation,lstm_seq24_h128_l1_d0p0_lr0p001_bs64,1,0.1771,0.2966,29.9539,29.7863,33.314,209
hourly,validation,lstm_seq24_h128_l1_d0p0_lr0p001_bs64,2,0.1517,0.2483,27.9405,27.9379,31.6518,209
hourly,validation,lstm_seq24_h128_l1_d0p0_lr0p001_bs64,3,0.1286,0.2124,26.7104,25.5434,29.6996,209
hourly,validation,lstm_seq24_h128_l1_d0p0_lr0p001_bs64,4,0.1258,0.2103,26.4831,27.1572,30.5373,209
hourly,validation,lstm_seq24_h128_l1_d0p0_lr0p001_bs64,5,0.1517,0.2349,31.0379,30.9383,34.5642,209
hourly,validation,lstm_seq24_h128_l1_d0p0_lr0p001_bs64,6,0.2808,0.3707,39.2299,33.269,34.0308,209
hourly,validation,lstm_seq24_h128_l1_d0p0_lr0p001_bs64,7,0.4803,0.6156,39.5029,31.4585,27.1286,210
hourly,validation,lstm_seq24_h128_l1_d0p0_lr0p001_bs64,8,0.3779,0.5077,30.8972,26.2092,22.9168,210
hourly,validation,lstm_seq24_h128_l1_d0p0_lr0p001_bs64,9,0.3465,0.4663,30.6736,24.9769,22.3365,210
hourly,validation,lstm_seq24_h128_l1_d0p0_lr0p001_bs64,10,0.3748,0.5046,29.5542,26.9734,24.7939,210
hourly,validation,lstm_seq24_h128_l1_d0p0_lr0p001_bs64,11,0.4593,0.651,38.843,33.3969,30.4192,210
hourly,validation,lstm_seq24_h128_l1_d0p0_lr0p001_bs64,12,0.4386,0.6305,40.0251,32.8348,30.1075,210
hourly,validation,lstm_seq24_h128_l1_d0p0_lr0p001_bs64,13,0.4323,0.5754,43.3142,37.0715,31.8959,210
hourly,validation,lstm_seq24_h128_l1_d0p0_lr0p001_bs64,14,0.4325,0.6142,45.1186,36.891,34.5673,210
hourly,validation,lstm_seq24_h128_l1_d0p0_lr0p001_bs64,15,0.443,0.6507,44.6103,38.033,37.2085,209
hourly,validation,lstm_seq24_h128_l1_d0p0_lr0p001_bs64,16,0.3896,0.5644,38.9416,35.0253,33.3392,209
hourly,validation,lstm_seq24_h128_l1_d0p0_lr0p001_bs64,17,0.471,0.6913,41.8646,36.474,35.4025,209
hourly,validation,lstm_seq24_h128_l1_d0p0_lr0p001_bs64,18,0.5323,0.7066,44.2571,36.2189,32.5044,209
hourly,validation,lstm_seq24_h128_l1_d0p0_lr0p001_bs64,19,0.6259,0.7809,36.2952,33.0117,30.0891,209
hourly,validation,lstm_seq24_h128_l1_d0p0_lr0p001_bs64,20,0.6103,0.7709,37.1149,30.4652,26.8046,209
hourly,validation,lstm_seq24_h128_l1_d0p0_lr0p001_bs64,21,0.4956,0.6281,32.5542,27.1695,24.1772,209
hourly,validation,lstm_seq24_h128_l1_d0p0_lr0p001_bs64,22,0.4599,0.5822,40.02,33.8297,30.4192,209
hourly,validation,lstm_seq24_h128_l1_d0p0_lr0p001_bs64,23,0.3526,0.4664,49.8793,38.977,39.5522,209
summary,test,lstm_seq24_h128_l1_d0p0_lr0p001_bs64,,0.3289,0.48,40.8633,35.0443,34.2858,5025
hourly,test,lstm_seq24_h128_l1_d0p0_lr0p001_bs64,0,0.2429,0.4073,35.1291,32.8686,36.8305,209
hourly,test,lstm_seq24_h128_l1_d0p0_lr0p001_bs64,1,0.1968,0.3212,28.5755,32.0392,34.6385,209
hourly,test,lstm_seq24_h128_l1_d0p0_lr0p001_bs64,2,0.176,0.287,27.8163,31.0581,33.3822,209
hourly,test,lstm_seq24_h128_l1_d0p0_lr0p001_bs64,3,0.1406,0.2528,25.2318,26.0641,30.2089,209
hourly,test,lstm_seq24_h128_l1_d0p0_lr0p001_bs64,4,0.1562,0.2591,28.6177,30.1183,33.7336,209
hourly,test,lstm_seq24_h128_l1_d0p0_lr0p001_bs64,5,0.1515,0.2634,29.6638,28.7453,33.6907,209
hourly,test,lstm_seq24_h128_l1_d0p0_lr0p001_bs64,6,0.2211,0.2941,37.8832,32.9168,33.9026,209
hourly,test,lstm_seq24_h128_l1_d0p0_lr0p001_bs64,7,0.4463,0.5742,49.7627,38.3859,33.8948,209
hourly,test,lstm_seq24_h128_l1_d0p0_lr0p001_bs64,8,0.307,0.4205,35.3611,27.3051,24.4619,209
hourly,test,lstm_seq24_h128_l1_d0p0_lr0p001_bs64,9,0.3554,0.4831,41.5253,32.4283,29.6355,209
hourly,test,lstm_seq24_h128_l1_d0p0_lr0p001_bs64,10,0.3901,0.525,46.892,37.5396,34.2352,209
hourly,test,lstm_seq24_h128_l1_d0p0_lr0p001_bs64,11,0.3954,0.5442,43.698,37.5441,34.7038,209
hourly,test,lstm_seq24_h128_l1_d0p0_lr0p001_bs64,12,0.4174,0.5797,45.1337,39.6388,37.6479,209
hourly,test,lstm_seq24_h128_l1_d0p0_lr0p001_bs64,13,0.3501,0.4657,39.6882,35.717,33.4079,209
hourly,test,lstm_seq24_h128_l1_d0p0_lr0p001_bs64,14,0.3801,0.5198,48.373,40.5292,38.5963,209
hourly,test,lstm_seq24_h128_l1_d0p0_lr0p001_bs64,15,0.3361,0.4794,42.4619,36.6862,37.0667,210
hourly,test,lstm_seq24_h128_l1_d0p0_lr0p001_bs64,16,0.3143,0.4195,47.5266,38.7196,38.3168,210
hourly,test,lstm_seq24_h128_l1_d0p0_lr0p001_bs64,17,0.3521,0.5035,46.3585,39.5541,39.8452,210
hourly,test,lstm_seq24_h128_l1_d0p0_lr0p001_bs64,18,0.4298,0.6364,50.2145,40.6834,40.133,210
hourly,test,lstm_seq24_h128_l1_d0p0_lr0p001_bs64,19,0.43,0.6006,51.1513,37.53,33.0637,210
hourly,test,lstm_seq24_h128_l1_d0p0_lr0p001_bs64,20,0.4543,0.5865,48.3547,35.336,30.8197,210
hourly,test,lstm_seq24_h128_l1_d0p0_lr0p001_bs64,21,0.5006,0.6515,46.6211,37.1198,32.9195,210
hourly,test,lstm_seq24_h128_l1_d0p0_lr0p001_bs64,22,0.4071,0.5481,40.9701,34.3706,33.6075,210
hourly,test,lstm_seq24_h128_l1_d0p0_lr0p001_bs64,23,0.3392,0.508,43.4731,38.0562,39.8746,210
summary,validation,lstm_seq24_h128_l1_d0p0_lr0p0005_bs64,,0.3748,0.5402,39.229,31.9037,30.0272,5024
hourly,validation,lstm_seq24_h128_l1_d0p0_lr0p0005_bs64,0,0.2227,0.3247,38.7339,32.634,35.2113,209
hourly,validation,lstm_seq24_h128_l1_d0p0_lr0p0005_bs64,1,0.1773,0.2881,32.8242,28.6747,33.3574,209
hourly,validation,lstm_seq24_h128_l1_d0p0_lr0p0005_bs64,2,0.1473,0.2398,29.3615,25.6701,30.7198,209
hourly,validation,lstm_seq24_h128_l1_d0p0_lr0p0005_bs64,3,0.1355,0.2133,30.6967,25.8962,31.2874,209
hourly,validation,lstm_seq24_h128_l1_d0p0_lr0p0005_bs64,4,0.1212,0.1993,27.3254,25.0836,29.415,209
hourly,validation,lstm_seq24_h128_l1_d0p0_lr0p0005_bs64,5,0.1664,0.2285,37.751,33.8565,37.913,209
hourly,validation,lstm_seq24_h128_l1_d0p0_lr0p0005_bs64,6,0.2971,0.3845,44.8641,35.7038,36.0004,209
hourly,validation,lstm_seq24_h128_l1_d0p0_lr0p0005_bs64,7,0.4973,0.6214,44.9187,34.1704,28.0853,210
hourly,validation,lstm_seq24_h128_l1_d0p0_lr0p0005_bs64,8,0.3801,0.4986,32.0987,26.4078,23.0532,210
hourly,validation,lstm_seq24_h128_l1_d0p0_lr0p0005_bs64,9,0.3259,0.441,29.6667,23.3692,21.0117,210
hourly,validation,lstm_seq24_h128_l1_d0p0_lr0p0005_bs64,10,0.3572,0.4864,29.3877,25.1933,23.629,210
hourly,validation,lstm_seq24_h128_l1_d0p0_lr0p0005_bs64,11,0.408,0.6288,39.0883,29.6224,27.0183,210
hourly,validation,lstm_seq24_h128_l1_d0p0_lr0p0005_bs64,12,0.4333,0.6206,43.8479,32.416,29.7455,210
hourly,validation,lstm_seq24_h128_l1_d0p0_lr0p0005_bs64,13,0.4219,0.5619,48.0979,36.0801,31.1314,210
hourly,validation,lstm_seq24_h128_l1_d0p0_lr0p0005_bs64,14,0.4316,0.603,51.1121,37.6635,34.4922,210
hourly,validation,lstm_seq24_h128_l1_d0p0_lr0p0005_bs64,15,0.4368,0.6367,47.9222,38.1231,36.6906,209
hourly,validation,lstm_seq24_h128_l1_d0p0_lr0p0005_bs64,16,0.3932,0.5672,41.0973,35.3508,33.6476,209
hourly,validation,lstm_seq24_h128_l1_d0p0_lr0p0005_bs64,17,0.4663,0.6825,41.7917,35.9832,35.0506,209
hourly,validation,lstm_seq24_h128_l1_d0p0_lr0p0005_bs64,18,0.5363,0.695,44.3253,36.6826,32.7495,209
hourly,validation,lstm_seq24_h128_l1_d0p0_lr0p0005_bs64,19,0.6618,0.8148,39.521,34.7373,31.8173,209
hourly,validation,lstm_seq24_h128_l1_d0p0_lr0p0005_bs64,20,0.6386,0.7873,40.8343,31.3818,28.0457,209
hourly,validation,lstm_seq24_h128_l1_d0p0_lr0p0005_bs64,21,0.5172,0.6505,35.9943,27.8396,25.2328,209
hourly,validation,lstm_seq24_h128_l1_d0p0_lr0p0005_bs64,22,0.4672,0.5892,41.0188,34.3338,30.9032,209
hourly,validation,lstm_seq24_h128_l1_d0p0_lr0p0005_bs64,23,0.3533,0.464,49.1943,38.8656,39.631,209
summary,test,lstm_seq24_h128_l1_d0p0_lr0p0005_bs64,,0.3311,0.4782,43.352,35.3701,34.512,5025
hourly,test,lstm_seq24_h128_l1_d0p0_lr0p0005_bs64,0,0.2441,0.4073,35.1192,33.135,37.0024,209
hourly,test,lstm_seq24_h128_l1_d0p0_lr0p0005_bs64,1,0.1893,0.3025,30.0847,29.8344,33.322,209
hourly,test,lstm_seq24_h128_l1_d0p0_lr0p0005_bs64,2,0.1694,0.2684,29.5586,28.8996,32.1137,209
hourly,test,lstm_seq24_h128_l1_d0p0_lr0p0005_bs64,3,0.1498,0.2471,30.3189,27.6949,32.2044,209
hourly,test,lstm_seq24_h128_l1_d0p0_lr0p0005_bs64,4,0.1563,0.2494,31.4821,29.7157,33.769,209
hourly,test,lstm_seq24_h128_l1_d0p0_lr0p0005_bs64,5,0.162,0.26,35.4475,30.7686,36.0277,209
hourly,test,lstm_seq24_h128_l1_d0p0_lr0p0005_bs64,6,0.2476,0.3097,46.125,36.2466,37.9668,209
hourly,test,lstm_seq24_h128_l1_d0p0_lr0p0005_bs64,7,0.4462,0.5643,54.8189,39.3136,33.8894,209
hourly,test,lstm_seq24_h128_l1_d0p0_lr0p0005_bs64,8,0.3182,0.4277,38.3884,28.8897,25.3478,209
hourly,test,lstm_seq24_h128_l1_d0p0_lr0p0005_bs64,9,0.3406,0.4613,41.802,31.9849,28.405,209
hourly,test,lstm_seq24_h128_l1_d0p0_lr0p0005_bs64,10,0.3768,0.5117,48.9083,36.8049,33.066,209
hourly,test,lstm_seq24_h128_l1_d0p0_lr0p0005_bs64,11,0.3667,0.5193,44.7104,35.1216,32.1845,209
hourly,test,lstm_seq24_h128_l1_d0p0_lr0p0005_bs64,12,0.4073,0.573,47.1243,38.1978,36.7318,209
hourly,test,lstm_seq24_h128_l1_d0p0_lr0p0005_bs64,13,0.3515,0.4643,43.3383,35.8878,33.5436,209
hourly,test,lstm_seq24_h128_l1_d0p0_lr0p0005_bs64,14,0.3823,0.5153,53.3237,41.4128,38.8233,209
hourly,test,lstm_seq24_h128_l1_d0p0_lr0p0005_bs64,15,0.3373,0.4667,45.5544,37.4979,37.2021,210
hourly,test,lstm_seq24_h128_l1_d0p0_lr0p0005_bs64,16,0.3236,0.4222,51.129,40.3358,39.4472,210
hourly,test,lstm_seq24_h128_l1_d0p0_lr0p0005_bs64,17,0.3625,0.5061,48.991,41.0903,41.0134,210
hourly,test,lstm_seq24_h128_l1_d0p0_lr0p0005_bs64,18,0.44,0.6499,51.0533,41.8831,41.0822,210
hourly,test,lstm_seq24_h128_l1_d0p0_lr0p0005_bs64,19,0.4426,0.6079,51.5333,38.2417,34.0284,210
hourly,test,lstm_seq24_h128_l1_d0p0_lr0p0005_bs64,20,0.4609,0.5984,49.7807,35.4466,31.2648,210
hourly,test,lstm_seq24_h128_l1_d0p0_lr0p0005_bs64,21,0.5077,0.662,48.7828,37.4395,33.3892,210
hourly,test,lstm_seq24_h128_l1_d0p0_lr0p0005_bs64,22,0.4215,0.5571,41.4328,35.1516,34.7983,210
hourly,test,lstm_seq24_h128_l1_d0p0_lr0p0005_bs64,23,0.3381,0.5126,41.4504,37.7612,39.7554,210
summary,validation,lstm_seq24_h128_l2_d0p0_lr0p001_bs64,,0.3729,0.5405,38.4327,31.4975,29.8746,5024
hourly,validation,lstm_seq24_h128_l2_d0p0_lr0p001_bs64,0,0.229,0.3286,42.1715,33.8391,36.2147,209
hourly,validation,lstm_seq24_h128_l2_d0p0_lr0p001_bs64,1,0.1703,0.2953,29.7818,26.7183,32.0456,209
hourly,validation,lstm_seq24_h128_l2_d0p0_lr0p001_bs64,2,0.1406,0.2413,26.9498,24.5915,29.3241,209
hourly,validation,lstm_seq24_h128_l2_d0p0_lr0p001_bs64,3,0.1241,0.2195,27.2037,23.9718,28.6744,209
hourly,validation,lstm_seq24_h128_l2_d0p0_lr0p001_bs64,4,0.1195,0.2038,26.55,24.8736,29.0138,209
hourly,validation,lstm_seq24_h128_l2_d0p0_lr0p001_bs64,5,0.1445,0.2207,29.3185,29.3627,32.9269,209
hourly,validation,lstm_seq24_h128_l2_d0p0_lr0p001_bs64,6,0.2955,0.3902,40.038,35.302,35.8063,209
hourly,validation,lstm_seq24_h128_l2_d0p0_lr0p001_bs64,7,0.5241,0.6467,46.3757,35.8117,29.6026,210
hourly,validation,lstm_seq24_h128_l2_d0p0_lr0p001_bs64,8,0.3859,0.4917,33.8672,26.5619,23.4034,210
hourly,validation,lstm_seq24_h128_l2_d0p0_lr0p001_bs64,9,0.3375,0.4531,31.9743,24.2322,21.7601,210
hourly,validation,lstm_seq24_h128_l2_d0p0_lr0p001_bs64,10,0.3604,0.4862,30.8737,25.4118,23.8385,210
hourly,validation,lstm_seq24_h128_l2_d0p0_lr0p001_bs64,11,0.4142,0.6173,38.685,29.9628,27.4306,210
hourly,validation,lstm_seq24_h128_l2_d0p0_lr0p001_bs64,12,0.4274,0.625,41.8193,31.8585,29.3412,210
hourly,validation,lstm_seq24_h128_l2_d0p0_lr0p001_bs64,13,0.4213,0.5682,44.3475,35.5158,31.0854,210
hourly,validation,lstm_seq24_h128_l2_d0p0_lr0p001_bs64,14,0.4231,0.6097,46.8218,36.0274,33.817,210
hourly,validation,lstm_seq24_h128_l2_d0p0_lr0p001_bs64,15,0.4368,0.6473,46.6217,37.4677,36.6916,209
hourly,validation,lstm_seq24_h128_l2_d0p0_lr0p001_bs64,16,0.3869,0.5582,40.3348,34.7643,33.1086,209
hourly,validation,lstm_seq24_h128_l2_d0p0_lr0p001_bs64,17,0.4621,0.6754,41.8102,35.3276,34.73,209
hourly,validation,lstm_seq24_h128_l2_d0p0_lr0p001_bs64,18,0.4998,0.671,42.9102,34.3419,30.5213,209
hourly,validation,lstm_seq24_h128_l2_d0p0_lr0p001_bs64,19,0.6529,0.8053,38.0217,33.9393,31.3874,209
hourly,validation,lstm_seq24_h128_l2_d0p0_lr0p001_bs64,20,0.6274,0.7791,39.0555,30.9496,27.555,209
hourly,validation,lstm_seq24_h128_l2_d0p0_lr0p001_bs64,21,0.5066,0.6523,34.7971,27.6285,24.7165,209
hourly,validation,lstm_seq24_h128_l2_d0p0_lr0p001_bs64,22,0.4823,0.5973,45.4217,35.508,31.8964,209
hourly,validation,lstm_seq24_h128_l2_d0p0_lr0p001_bs64,23,0.3751,0.4728,56.5994,42.003,42.0808,209
summary,test,lstm_seq24_h128_l2_d0p0_lr0p001_bs64,,0.3272,0.4773,41.5628,34.6756,34.1084,5025
hourly,test,lstm_seq24_h128_l2_d0p0_lr0p001_bs64,0,0.241,0.3918,36.7016,32.8868,36.5399,209
hourly,test,lstm_seq24_h128_l2_d0p0_lr0p001_bs64,1,0.1883,0.3108,28.401,29.5554,33.1373,209
hourly,test,lstm_seq24_h128_l2_d0p0_lr0p001_bs64,2,0.1736,0.2858,27.5065,29.5704,32.9226,209
hourly,test,lstm_seq24_h128_l2_d0p0_lr0p001_bs64,3,0.1351,0.2466,23.512,24.4692,29.0377,209
hourly,test,lstm_seq24_h128_l2_d0p0_lr0p001_bs64,4,0.1478,0.2507,27.2135,28.0944,31.9204,209
hourly,test,lstm_seq24_h128_l2_d0p0_lr0p001_bs64,5,0.1496,0.2627,28.3131,28.436,33.2592,209
hourly,test,lstm_seq24_h128_l2_d0p0_lr0p001_bs64,6,0.2057,0.2724,35.215,31.2066,31.5463,209
hourly,test,lstm_seq24_h128_l2_d0p0_lr0p001_bs64,7,0.4227,0.5348,47.4879,36.5381,32.105,209
hourly,test,lstm_seq24_h128_l2_d0p0_lr0p001_bs64,8,0.321,0.437,40.6117,29.6065,25.5704,209
hourly,test,lstm_seq24_h128_l2_d0p0_lr0p001_bs64,9,0.3458,0.4681,43.3442,32.5855,28.8401,209
hourly,test,lstm_seq24_h128_l2_d0p0_lr0p001_bs64,10,0.3858,0.5192,50.4693,37.1812,33.8562,209
hourly,test,lstm_seq24_h128_l2_d0p0_lr0p001_bs64,11,0.3848,0.5295,46.7986,37.2712,33.7779,209
hourly,test,lstm_seq24_h128_l2_d0p0_lr0p001_bs64,12,0.4088,0.5735,44.4867,38.2656,36.8692,209
hourly,test,lstm_seq24_h128_l2_d0p0_lr0p001_bs64,13,0.351,0.4638,40.7203,36.2205,33.4928,209
hourly,test,lstm_seq24_h128_l2_d0p0_lr0p001_bs64,14,0.3836,0.5214,49.4048,40.9985,38.9523,209
hourly,test,lstm_seq24_h128_l2_d0p0_lr0p001_bs64,15,0.322,0.4621,41.7776,35.6763,35.5151,210
hourly,test,lstm_seq24_h128_l2_d0p0_lr0p001_bs64,16,0.3151,0.4241,47.9003,38.6407,38.4182,210
hourly,test,lstm_seq24_h128_l2_d0p0_lr0p001_bs64,17,0.3638,0.505,49.1176,40.9214,41.1686,210
hourly,test,lstm_seq24_h128_l2_d0p0_lr0p001_bs64,18,0.4258,0.6343,50.3751,40.0712,39.759,210
hourly,test,lstm_seq24_h128_l2_d0p0_lr0p001_bs64,19,0.4429,0.6166,51.9716,37.6274,34.0512,210
hourly,test,lstm_seq24_h128_l2_d0p0_lr0p001_bs64,20,0.4533,0.5942,48.9384,34.464,30.754,210
hourly,test,lstm_seq24_h128_l2_d0p0_lr0p001_bs64,21,0.5152,0.6665,48.9635,37.5303,33.881,210
hourly,test,lstm_seq24_h128_l2_d0p0_lr0p001_bs64,22,0.4222,0.559,43.2738,35.587,34.8555,210
hourly,test,lstm_seq24_h128_l2_d0p0_lr0p001_bs64,23,0.3443,0.5122,44.7506,38.6792,40.4814,210
summary,validation,lstm_seq24_h128_l2_d0p0_lr0p0005_bs64,,0.3724,0.5403,38.4668,31.5881,29.8393,5024
hourly,validation,lstm_seq24_h128_l2_d0p0_lr0p0005_bs64,0,0.2228,0.3235,40.6573,32.6424,35.2307,209
hourly,validation,lstm_seq24_h128_l2_d0p0_lr0p0005_bs64,1,0.1774,0.2983,32.4599,28.2309,33.3811,209
hourly,validation,lstm_seq24_h128_l2_d0p0_lr0p0005_bs64,2,0.1453,0.2417,28.2618,25.3489,30.3016,209
hourly,validation,lstm_seq24_h128_l2_d0p0_lr0p0005_bs64,3,0.129,0.213,28.6196,24.4148,29.7883,209
hourly,validation,lstm_seq24_h128_l2_d0p0_lr0p0005_bs64,4,0.1236,0.2013,27.5947,25.7501,30.007,209
hourly,validation,lstm_seq24_h128_l2_d0p0_lr0p0005_bs64,5,0.1498,0.2229,31.4167,30.3559,34.1323,209
hourly,validation,lstm_seq24_h128_l2_d0p0_lr0p0005_bs64,6,0.3004,0.4016,39.8759,35.8176,36.3984,209
hourly,validation,lstm_seq24_h128_l2_d0p0_lr0p0005_bs64,7,0.5308,0.6655,43.8295,35.7617,29.9778,210
hourly,validation,lstm_seq24_h128_l2_d0p0_lr0p0005_bs64,8,0.3821,0.4962,32.7981,26.2665,23.1739,210
hourly,validation,lstm_seq24_h128_l2_d0p0_lr0p0005_bs64,9,0.3388,0.4529,31.2406,24.3441,21.8416,210
hourly,validation,lstm_seq24_h128_l2_d0p0_lr0p0005_bs64,10,0.3547,0.4805,29.8456,25.2377,23.465,210
hourly,validation,lstm_seq24_h128_l2_d0p0_lr0p0005_bs64,11,0.4134,0.6157,39.4486,29.9495,27.3775,210
hourly,validation,lstm_seq24_h128_l2_d0p0_lr0p0005_bs64,12,0.4293,0.6204,43.4566,32.1539,29.4737,210
hourly,validation,lstm_seq24_h128_l2_d0p0_lr0p0005_bs64,13,0.4206,0.5648,46.8055,35.9853,31.0314,210
hourly,validation,lstm_seq24_h128_l2_d0p0_lr0p0005_bs64,14,0.4254,0.611,49.4553,36.6059,34.0015,210
hourly,validation,lstm_seq24_h128_l2_d0p0_lr0p0005_bs64,15,0.43,0.6404,47.7819,37.2994,36.12,209
hourly,validation,lstm_seq24_h128_l2_d0p0_lr0p0005_bs64,16,0.3875,0.5582,41.4285,34.8048,33.1618,209
hourly,validation,lstm_seq24_h128_l2_d0p0_lr0p0005_bs64,17,0.4557,0.6709,40.9105,34.7739,34.2468,209
hourly,validation,lstm_seq24_h128_l2_d0p0_lr0p0005_bs64,18,0.4863,0.6663,41.457,33.7708,29.6947,209
hourly,validation,lstm_seq24_h128_l2_d0p0_lr0p0005_bs64,19,0.6565,0.8122,38.1829,34.27,31.5623,209
hourly,validation,lstm_seq24_h128_l2_d0p0_lr0p0005_bs64,20,0.621,0.7732,38.429,30.7977,27.274,209
hourly,validation,lstm_seq24_h128_l2_d0p0_lr0p0005_bs64,21,0.5162,0.6611,34.4855,28.2624,25.1829,209
hourly,validation,lstm_seq24_h128_l2_d0p0_lr0p0005_bs64,22,0.4716,0.5849,41.0435,34.6948,31.1894,209
hourly,validation,lstm_seq24_h128_l2_d0p0_lr0p0005_bs64,23,0.3687,0.4722,53.6754,40.607,41.3618,209
summary,test,lstm_seq24_h128_l2_d0p0_lr0p0005_bs64,,0.3263,0.4771,41.4627,34.6083,34.0218,5025
hourly,test,lstm_seq24_h128_l2_d0p0_lr0p0005_bs64,0,0.2437,0.4003,36.1879,32.9588,36.9465,209
hourly,test,lstm_seq24_h128_l2_d0p0_lr0p0005_bs64,1,0.1874,0.3111,28.3217,29.1425,32.9813,209
hourly,test,lstm_seq24_h128_l2_d0p0_lr0p0005_bs64,2,0.168,0.2741,27.6253,28.5639,31.8624,209
hourly,test,lstm_seq24_h128_l2_d0p0_lr0p0005_bs64,3,0.1408,0.2449,26.5652,25.7963,30.2513,209
hourly,test,lstm_seq24_h128_l2_d0p0_lr0p0005_bs64,4,0.1523,0.2524,28.6516,28.8366,32.9002,209
hourly,test,lstm_seq24_h128_l2_d0p0_lr0p0005_bs64,5,0.1462,0.258,28.4248,27.2312,32.5068,209
hourly,test,lstm_seq24_h128_l2_d0p0_lr0p0005_bs64,6,0.2139,0.2867,36.3639,32.4214,32.8028,209
hourly,test,lstm_seq24_h128_l2_d0p0_lr0p0005_bs64,7,0.4465,0.572,46.9033,37.6584,33.9103,209
hourly,test,lstm_seq24_h128_l2_d0p0_lr0p0005_bs64,8,0.31,0.4197,36.6848,28.1675,24.7011,209
hourly,test,lstm_seq24_h128_l2_d0p0_lr0p0005_bs64,9,0.3438,0.4679,41.8965,32.2784,28.6712,209
hourly,test,lstm_seq24_h128_l2_d0p0_lr0p0005_bs64,10,0.3819,0.5186,49.7003,36.7311,33.5158,209
hourly,test,lstm_seq24_h128_l2_d0p0_lr0p0005_bs64,11,0.378,0.5282,47.6133,36.7687,33.1755,209
hourly,test,lstm_seq24_h128_l2_d0p0_lr0p0005_bs64,12,0.4094,0.5704,47.9136,39.0102,36.9258,209
hourly,test,lstm_seq24_h128_l2_d0p0_lr0p0005_bs64,13,0.3481,0.4587,42.4566,35.9197,33.2166,209
hourly,test,lstm_seq24_h128_l2_d0p0_lr0p0005_bs64,14,0.3792,0.5131,51.2499,40.7549,38.5057,209
hourly,test,lstm_seq24_h128_l2_d0p0_lr0p0005_bs64,15,0.3333,0.4689,44.6603,37.0399,36.7581,210
hourly,test,lstm_seq24_h128_l2_d0p0_lr0p0005_bs64,16,0.3229,0.4289,50.1143,39.5361,39.3643,210
hourly,test,lstm_seq24_h128_l2_d0p0_lr0p0005_bs64,17,0.3591,0.5029,48.5049,40.4593,40.6334,210
hourly,test,lstm_seq24_h128_l2_d0p0_lr0p0005_bs64,18,0.422,0.6365,48.6555,40.2609,39.4065,210
hourly,test,lstm_seq24_h128_l2_d0p0_lr0p0005_bs64,19,0.4388,0.6133,49.1836,37.1323,33.739,210
hourly,test,lstm_seq24_h128_l2_d0p0_lr0p0005_bs64,20,0.4472,0.5885,47.3181,34.2643,30.3384,210
hourly,test,lstm_seq24_h128_l2_d0p0_lr0p0005_bs64,21,0.5053,0.6609,45.9512,36.7768,33.2315,210
hourly,test,lstm_seq24_h128_l2_d0p0_lr0p0005_bs64,22,0.4099,0.5516,40.3455,34.5541,33.8415,210
hourly,test,lstm_seq24_h128_l2_d0p0_lr0p0005_bs64,23,0.3416,0.51,43.5965,38.209,40.1668,210
summary,validation,lstm_seq24_h128_l2_d0p2_lr0p001_bs64,,0.3747,0.5412,37.5786,31.7027,30.0204,5024
hourly,validation,lstm_seq24_h128_l2_d0p2_lr0p001_bs64,0,0.2096,0.3287,32.1499,29.8081,33.1372,209
hourly,validation,lstm_seq24_h128_l2_d0p2_lr0p001_bs64,1,0.1654,0.2935,26.9809,26.0248,31.1201,209
hourly,validation,lstm_seq24_h128_l2_d0p2_lr0p001_bs64,2,0.139,0.2378,25.1121,24.1613,28.9963,209
hourly,validation,lstm_seq24_h128_l2_d0p2_lr0p001_bs64,3,0.1231,0.2087,25.5291,23.4686,28.4389,209
hourly,validation,lstm_seq24_h128_l2_d0p2_lr0p001_bs64,4,0.1187,0.1983,25.6694,24.7857,28.8087,209
hourly,validation,lstm_seq24_h128_l2_d0p2_lr0p001_bs64,5,0.1659,0.2235,37.8311,34.2722,37.7902,209
hourly,validation,lstm_seq24_h128_l2_d0p2_lr0p001_bs64,6,0.3093,0.4011,43.3955,36.7079,37.4854,209
hourly,validation,lstm_seq24_h128_l2_d0p2_lr0p001_bs64,7,0.5464,0.6801,44.493,36.6528,30.8586,210
hourly,validation,lstm_seq24_h128_l2_d0p2_lr0p001_bs64,8,0.3786,0.4976,30.4693,25.8642,22.9649,210
hourly,validation,lstm_seq24_h128_l2_d0p2_lr0p001_bs64,9,0.3437,0.4601,29.1153,24.5732,22.1596,210
hourly,validation,lstm_seq24_h128_l2_d0p2_lr0p001_bs64,10,0.366,0.4923,29.1441,26.1069,24.2091,210
hourly,validation,lstm_seq24_h128_l2_d0p2_lr0p001_bs64,11,0.4249,0.6342,37.6181,30.5805,28.1404,210
hourly,validation,lstm_seq24_h128_l2_d0p2_lr0p001_bs64,12,0.4229,0.6158,40.6314,31.3331,29.0338,210
hourly,validation,lstm_seq24_h128_l2_d0p2_lr0p001_bs64,13,0.424,0.5693,44.3048,36.1757,31.2853,210
hourly,validation,lstm_seq24_h128_l2_d0p2_lr0p001_bs64,14,0.4274,0.6148,46.6698,36.6873,34.1604,210
hourly,validation,lstm_seq24_h128_l2_d0p2_lr0p001_bs64,15,0.4413,0.6474,48.0307,38.5381,37.0669,209
hourly,validation,lstm_seq24_h128_l2_d0p2_lr0p001_bs64,16,0.401,0.5624,45.166,36.8175,34.3142,209
hourly,validation,lstm_seq24_h128_l2_d0p2_lr0p001_bs64,17,0.4826,0.675,48.1661,37.9635,36.2728,209
hourly,validation,lstm_seq24_h128_l2_d0p2_lr0p001_bs64,18,0.5508,0.6998,49.1842,37.4131,33.6338,209
hourly,validation,lstm_seq24_h128_l2_d0p2_lr0p001_bs64,19,0.6415,0.7874,39.0283,33.5634,30.8416,209
hourly,validation,lstm_seq24_h128_l2_d0p2_lr0p001_bs64,20,0.609,0.7664,38.0748,30.2307,26.7457,209
hourly,validation,lstm_seq24_h128_l2_d0p2_lr0p001_bs64,21,0.4906,0.6211,31.7681,27.1568,23.9362,209
hourly,validation,lstm_seq24_h128_l2_d0p2_lr0p001_bs64,22,0.4612,0.5814,37.9349,34.0376,30.503,209
hourly,validation,lstm_seq24_h128_l2_d0p2_lr0p001_bs64,23,0.348,0.4719,45.4098,37.969,39.0407,209
summary,test,lstm_seq24_h128_l2_d0p2_lr0p001_bs64,,0.3302,0.4824,41.058,35.3864,34.4252,5025
hourly,test,lstm_seq24_h128_l2_d0p2_lr0p001_bs64,0,0.2424,0.4084,33.3861,34.0215,36.7403,209
hourly,test,lstm_seq24_h128_l2_d0p2_lr0p001_bs64,1,0.1975,0.3257,28.3138,32.6369,34.7654,209
hourly,test,lstm_seq24_h128_l2_d0p2_lr0p001_bs64,2,0.1758,0.2906,27.6121,31.4631,33.34,209
hourly,test,lstm_seq24_h128_l2_d0p2_lr0p001_bs64,3,0.1348,0.2486,23.3977,25.3809,28.9785,209
hourly,test,lstm_seq24_h128_l2_d0p2_lr0p001_bs64,4,0.1558,0.2598,28.5503,30.2912,33.6574,209
hourly,test,lstm_seq24_h128_l2_d0p2_lr0p001_bs64,5,0.1563,0.2609,32.1541,30.0022,34.761,209
hourly,test,lstm_seq24_h128_l2_d0p2_lr0p001_bs64,6,0.2173,0.2854,37.3609,33.2856,33.3262,209
hourly,test,lstm_seq24_h128_l2_d0p2_lr0p001_bs64,7,0.4715,0.5972,49.6356,40.8504,35.8076,209
hourly,test,lstm_seq24_h128_l2_d0p2_lr0p001_bs64,8,0.315,0.4236,36.1218,29.7488,25.0941,209
hourly,test,lstm_seq24_h128_l2_d0p2_lr0p001_bs64,9,0.3517,0.4738,39.8071,33.7808,29.3296,209
hourly,test,lstm_seq24_h128_l2_d0p2_lr0p001_bs64,10,0.3766,0.5209,44.5999,35.7734,33.045,209
hourly,test,lstm_seq24_h128_l2_d0p2_lr0p001_bs64,11,0.3791,0.532,44.2208,36.7252,33.2773,209
hourly,test,lstm_seq24_h128_l2_d0p2_lr0p001_bs64,12,0.4118,0.5807,45.601,38.9281,37.1441,209
hourly,test,lstm_seq24_h128_l2_d0p2_lr0p001_bs64,13,0.3495,0.4624,40.7905,36.1913,33.3553,209
hourly,test,lstm_seq24_h128_l2_d0p2_lr0p001_bs64,14,0.3811,0.5187,48.6422,40.5237,38.7035,209
hourly,test,lstm_seq24_h128_l2_d0p2_lr0p001_bs64,15,0.3334,0.4767,43.7004,37.0988,36.7655,210
hourly,test,lstm_seq24_h128_l2_d0p2_lr0p001_bs64,16,0.3217,0.432,50.5625,39.201,39.2267,210
hourly,test,lstm_seq24_h128_l2_d0p2_lr0p001_bs64,17,0.3627,0.5085,50.9182,40.4812,41.0429,210
hourly,test,lstm_seq24_h128_l2_d0p2_lr0p001_bs64,18,0.4456,0.6459,54.5684,41.6726,41.6038,210
hourly,test,lstm_seq24_h128_l2_d0p2_lr0p001_bs64,19,0.4435,0.607,52.8544,37.5626,34.1018,210
hourly,test,lstm_seq24_h128_l2_d0p2_lr0p001_bs64,20,0.4538,0.5976,48.4788,34.6054,30.7879,210
hourly,test,lstm_seq24_h128_l2_d0p2_lr0p001_bs64,21,0.5027,0.6585,45.225,36.4612,33.0583,210
hourly,test,lstm_seq24_h128_l2_d0p2_lr0p001_bs64,22,0.4107,0.5545,39.127,34.7924,33.9052,210
hourly,test,lstm_seq24_h128_l2_d0p2_lr0p001_bs64,23,0.3319,0.5049,39.4973,37.6947,39.0165,210
summary,validation,lstm_seq24_h128_l2_d0p2_lr0p0005_bs64,,0.3706,0.5382,38.2449,31.5262,29.695,5024
hourly,validation,lstm_seq24_h128_l2_d0p2_lr0p0005_bs64,0,0.2197,0.3231,38.1268,31.7545,34.744,209
hourly,validation,lstm_seq24_h128_l2_d0p2_lr0p0005_bs64,1,0.1749,0.2943,31.1715,27.5281,32.9001,209
hourly,validation,lstm_seq24_h128_l2_d0p2_lr0p0005_bs64,2,0.1431,0.2401,27.3506,24.6736,29.8535,209
hourly,validation,lstm_seq24_h128_l2_d0p2_lr0p0005_bs64,3,0.1334,0.2153,29.9642,25.4548,30.8089,209
hourly,validation,lstm_seq24_h128_l2_d0p2_lr0p0005_bs64,4,0.1248,0.2,28.0749,26.0589,30.3026,209
hourly,validation,lstm_seq24_h128_l2_d0p2_lr0p0005_bs64,5,0.1536,0.2227,32.858,31.3708,34.9804,209
hourly,validation,lstm_seq24_h128_l2_d0p2_lr0p0005_bs64,6,0.2873,0.3839,38.6154,34.3737,34.8117,209
hourly,validation,lstm_seq24_h128_l2_d0p2_lr0p0005_bs64,7,0.523,0.6548,44.7649,35.7832,29.5352,210
hourly,validation,lstm_seq24_h128_l2_d0p2_lr0p0005_bs64,8,0.3859,0.5031,33.7547,26.6001,23.4056,210
hourly,validation,lstm_seq24_h128_l2_d0p2_lr0p0005_bs64,9,0.3339,0.4493,31.0919,23.9422,21.526,210
hourly,validation,lstm_seq24_h128_l2_d0p2_lr0p0005_bs64,10,0.3464,0.4709,29.4998,24.7021,22.9142,210
hourly,validation,lstm_seq24_h128_l2_d0p2_lr0p0005_bs64,11,0.4131,0.6182,39.7786,29.9555,27.3609,210
hourly,validation,lstm_seq24_h128_l2_d0p2_lr0p0005_bs64,12,0.4297,0.6172,43.8172,32.1761,29.5005,210
hourly,validation,lstm_seq24_h128_l2_d0p2_lr0p0005_bs64,13,0.4216,0.5644,47.0215,36.0176,31.1094,210
hourly,validation,lstm_seq24_h128_l2_d0p2_lr0p0005_bs64,14,0.4287,0.6103,49.6833,36.9448,34.2623,210
hourly,validation,lstm_seq24_h128_l2_d0p2_lr0p0005_bs64,15,0.4349,0.6423,47.587,37.8522,36.5322,209
hourly,validation,lstm_seq24_h128_l2_d0p2_lr0p0005_bs64,16,0.3893,0.5634,40.6505,35.0114,33.317,209
hourly,validation,lstm_seq24_h128_l2_d0p2_lr0p0005_bs64,17,0.459,0.6776,39.9536,35.0732,34.4953,209
hourly,validation,lstm_seq24_h128_l2_d0p2_lr0p0005_bs64,18,0.4946,0.6828,40.0772,34.2118,30.203,209
hourly,validation,lstm_seq24_h128_l2_d0p2_lr0p0005_bs64,19,0.6454,0.8022,36.8189,34.1451,31.0278,209
hourly,validation,lstm_seq24_h128_l2_d0p2_lr0p0005_bs64,20,0.6165,0.7689,37.5621,30.5837,27.0775,209
hourly,validation,lstm_seq24_h128_l2_d0p2_lr0p0005_bs64,21,0.5054,0.6433,35.2025,27.8317,24.6566,209
hourly,validation,lstm_seq24_h128_l2_d0p2_lr0p0005_bs64,22,0.4646,0.5756,42.0101,34.4964,30.7294,209
hourly,validation,lstm_seq24_h128_l2_d0p2_lr0p0005_bs64,23,0.3648,0.4742,52.3782,40.1162,40.9204,209
summary,test,lstm_seq24_h128_l2_d0p2_lr0p0005_bs64,,0.3249,0.4748,41.3554,34.492,33.8702,5025
hourly,test,lstm_seq24_h128_l2_d0p2_lr0p0005_bs64,0,0.2351,0.3932,33.9532,31.4303,35.6378,209
hourly,test,lstm_seq24_h128_l2_d0p2_lr0p0005_bs64,1,0.1863,0.3135,27.1534,28.6583,32.7953,209
hourly,test,lstm_seq24_h128_l2_d0p2_lr0p0005_bs64,2,0.1668,0.2784,26.5524,28.2491,31.634,209
hourly,test,lstm_seq24_h128_l2_d0p2_lr0p0005_bs64,3,0.1385,0.245,25.4952,25.3654,29.7746,209
hourly,test,lstm_seq24_h128_l2_d0p2_lr0p0005_bs64,4,0.1521,0.2533,28.4165,28.9405,32.8511,209
hourly,test,lstm_seq24_h128_l2_d0p2_lr0p0005_bs64,5,0.1486,0.2579,29.5236,27.8788,33.043,209
hourly,test,lstm_seq24_h128_l2_d0p2_lr0p0005_bs64,6,0.2154,0.2828,37.9574,32.4899,33.0265,209
hourly,test,lstm_seq24_h128_l2_d0p2_lr0p0005_bs64,7,0.446,0.5677,49.6205,38.1712,33.8704,209
hourly,test,lstm_seq24_h128_l2_d0p2_lr0p0005_bs64,8,0.313,0.4202,38.7893,28.8866,24.9387,209
hourly,test,lstm_seq24_h128_l2_d0p2_lr0p0005_bs64,9,0.3419,0.4661,42.6613,32.2652,28.5101,209
hourly,test,lstm_seq24_h128_l2_d0p2_lr0p0005_bs64,10,0.3825,0.5181,50.3537,37.1702,33.5641,209
hourly,test,lstm_seq24_h128_l2_d0p2_lr0p0005_bs64,11,0.3795,0.526,48.0681,37.2706,33.3099,209
hourly,test,lstm_seq24_h128_l2_d0p2_lr0p0005_bs64,12,0.4111,0.5706,48.5328,39.2079,37.0808,209
hourly,test,lstm_seq24_h128_l2_d0p2_lr0p0005_bs64,13,0.3526,0.4595,43.0392,36.4366,33.6468,209
hourly,test,lstm_seq24_h128_l2_d0p2_lr0p0005_bs64,14,0.3792,0.5127,50.9622,40.9997,38.5086,209
hourly,test,lstm_seq24_h128_l2_d0p2_lr0p0005_bs64,15,0.3319,0.4722,44.0681,36.7783,36.599,210
hourly,test,lstm_seq24_h128_l2_d0p2_lr0p0005_bs64,16,0.3174,0.4237,48.6892,39.0936,38.6962,210
hourly,test,lstm_seq24_h128_l2_d0p2_lr0p0005_bs64,17,0.3513,0.5004,46.067,39.4806,39.7539,210
hourly,test,lstm_seq24_h128_l2_d0p2_lr0p0005_bs64,18,0.4281,0.6493,47.6237,40.2156,39.9773,210
hourly,test,lstm_seq24_h128_l2_d0p2_lr0p0005_bs64,19,0.4352,0.6086,48.4407,37.0858,33.458,210
hourly,test,lstm_seq24_h128_l2_d0p2_lr0p0005_bs64,20,0.4474,0.5837,46.2396,34.101,30.3519,210
hourly,test,lstm_seq24_h128_l2_d0p2_lr0p0005_bs64,21,0.4936,0.6457,46.4386,36.0029,32.4626,210
hourly,test,lstm_seq24_h128_l2_d0p2_lr0p0005_bs64,22,0.4025,0.5357,40.8816,33.8571,33.2291,210
hourly,test,lstm_seq24_h128_l2_d0p2_lr0p0005_bs64,23,0.3386,0.5068,42.8156,37.6577,39.8082,210
summary,validation,lstm_seq24_h128_l2_d0p3_lr0p001_bs64,,0.3748,0.5408,37.7767,31.6989,30.027,5024
hourly,validation,lstm_seq24_h128_l2_d0p3_lr0p001_bs64,0,0.21,0.3291,32.2072,29.5519,33.2083,209
hourly,validation,lstm_seq24_h128_l2_d0p3_lr0p001_bs64,1,0.1673,0.2968,27.3063,26.1344,31.4779,209
hourly,validation,lstm_seq24_h128_l2_d0p3_lr0p001_bs64,2,0.1416,0.2406,25.3215,24.5051,29.5325,209
hourly,validation,lstm_seq24_h128_l2_d0p3_lr0p001_bs64,3,0.1248,0.2127,25.5829,23.7768,28.8231,209
hourly,validation,lstm_seq24_h128_l2_d0p3_lr0p001_bs64,4,0.117,0.1984,24.9548,24.3817,28.4081,209
hourly,validation,lstm_seq24_h128_l2_d0p3_lr0p001_bs64,5,0.1669,0.2231,38.2078,34.4744,38.0116,209
hourly,validation,lstm_seq24_h128_l2_d0p3_lr0p001_bs64,6,0.3079,0.3972,42.8531,36.8159,37.318,209
hourly,validation,lstm_seq24_h128_l2_d0p3_lr0p001_bs64,7,0.5496,0.6834,44.6418,36.989,31.0422,210
hourly,validation,lstm_seq24_h128_l2_d0p3_lr0p001_bs64,8,0.3787,0.4961,30.7936,25.9209,22.966,210
hourly,validation,lstm_seq24_h128_l2_d0p3_lr0p001_bs64,9,0.3358,0.4531,29.1582,23.9937,21.6462,210
hourly,validation,lstm_seq24_h128_l2_d0p3_lr0p001_bs64,10,0.364,0.4898,29.3581,25.9824,24.0756,210
hourly,validation,lstm_seq24_h128_l2_d0p3_lr0p001_bs64,11,0.4241,0.633,37.8352,30.6038,28.0877,210
hourly,validation,lstm_seq24_h128_l2_d0p3_lr0p001_bs64,12,0.422,0.6153,40.8344,31.3458,28.9721,210
hourly,validation,lstm_seq24_h128_l2_d0p3_lr0p001_bs64,13,0.4224,0.5668,44.2887,35.9001,31.1701,210
hourly,validation,lstm_seq24_h128_l2_d0p3_lr0p001_bs64,14,0.4268,0.6137,46.7591,36.4817,34.1098,210
hourly,validation,lstm_seq24_h128_l2_d0p3_lr0p001_bs64,15,0.442,0.6487,48.2976,38.4727,37.1268,209
hourly,validation,lstm_seq24_h128_l2_d0p3_lr0p001_bs64,16,0.4009,0.5635,45.4678,36.7655,34.3063,209
hourly,validation,lstm_seq24_h128_l2_d0p3_lr0p001_bs64,17,0.4855,0.6771,48.9648,38.175,36.4888,209
hourly,validation,lstm_seq24_h128_l2_d0p3_lr0p001_bs64,18,0.5562,0.7029,50.1186,37.7216,33.9646,209
hourly,validation,lstm_seq24_h128_l2_d0p3_lr0p001_bs64,19,0.6416,0.7862,39.4008,33.5949,30.8457,209
hourly,validation,lstm_seq24_h128_l2_d0p3_lr0p001_bs64,20,0.6096,0.7657,38.4335,30.275,26.7715,209
hourly,validation,lstm_seq24_h128_l2_d0p3_lr0p001_bs64,21,0.4923,0.6227,31.8857,27.2059,24.0206,209
hourly,validation,lstm_seq24_h128_l2_d0p3_lr0p001_bs64,22,0.4564,0.5751,37.719,33.5194,30.1843,209
hourly,validation,lstm_seq24_h128_l2_d0p3_lr0p001_bs64,23,0.3496,0.4713,46.2438,38.2167,39.2226,209
summary,test,lstm_seq24_h128_l2_d0p3_lr0p001_bs64,,0.3303,0.4824,41.3833,35.309,34.4357,5025
hourly,test,lstm_seq24_h128_l2_d0p3_lr0p001_bs64,0,0.2389,0.4076,32.6739,32.789,36.2226,209
hourly,test,lstm_seq24_h128_l2_d0p3_lr0p001_bs64,1,0.1946,0.326,27.8011,31.5961,34.2571,209
hourly,test,lstm_seq24_h128_l2_d0p3_lr0p001_bs64,2,0.1748,0.2922,27.1935,30.8772,33.1463,209
hourly,test,lstm_seq24_h128_l2_d0p3_lr0p001_bs64,3,0.1331,0.2496,22.5777,24.8139,28.6104,209
hourly,test,lstm_seq24_h128_l2_d0p3_lr0p001_bs64,4,0.1567,0.2632,28.4792,30.4359,33.8539,209
hourly,test,lstm_seq24_h128_l2_d0p3_lr0p001_bs64,5,0.1577,0.2599,32.7508,30.2899,35.069,209
hourly,test,lstm_seq24_h128_l2_d0p3_lr0p001_bs64,6,0.216,0.2829,37.5783,33.2695,33.119,209
hourly,test,lstm_seq24_h128_l2_d0p3_lr0p001_bs64,7,0.4754,0.5983,49.9684,41.0199,36.1024,209
hourly,test,lstm_seq24_h128_l2_d0p3_lr0p001_bs64,8,0.3171,0.4251,37.25,29.8153,25.2651,209
hourly,test,lstm_seq24_h128_l2_d0p3_lr0p001_bs64,9,0.3467,0.4697,40.6673,33.4552,28.916,209
hourly,test,lstm_seq24_h128_l2_d0p3_lr0p001_bs64,10,0.3744,0.5154,45.1557,35.71,32.8549,209
hourly,test,lstm_seq24_h128_l2_d0p3_lr0p001_bs64,11,0.3799,0.532,44.775,36.978,33.3437,209
hourly,test,lstm_seq24_h128_l2_d0p3_lr0p001_bs64,12,0.4124,0.5808,45.7301,38.8604,37.1936,209
hourly,test,lstm_seq24_h128_l2_d0p3_lr0p001_bs64,13,0.3495,0.4618,41.0264,36.3292,33.3522,209
hourly,test,lstm_seq24_h128_l2_d0p3_lr0p001_bs64,14,0.3799,0.5188,48.6655,40.5068,38.5846,209
hourly,test,lstm_seq24_h128_l2_d0p3_lr0p001_bs64,15,0.3335,0.477,43.6815,36.9595,36.7754,210
hourly,test,lstm_seq24_h128_l2_d0p3_lr0p001_bs64,16,0.3222,0.4327,50.5447,39.1393,39.2799,210
hourly,test,lstm_seq24_h128_l2_d0p3_lr0p001_bs64,17,0.3641,0.5091,51.697,40.7881,41.1946,210
hourly,test,lstm_seq24_h128_l2_d0p3_lr0p001_bs64,18,0.4502,0.6478,55.9649,42.2769,42.0412,210
hourly,test,lstm_seq24_h128_l2_d0p3_lr0p001_bs64,19,0.4469,0.6086,54.321,37.9546,34.365,210
hourly,test,lstm_seq24_h128_l2_d0p3_lr0p001_bs64,20,0.4577,0.5996,49.5702,34.9106,31.0528,210
hourly,test,lstm_seq24_h128_l2_d0p3_lr0p001_bs64,21,0.5017,0.659,45.9166,36.6008,32.9913,210
hourly,test,lstm_seq24_h128_l2_d0p3_lr0p001_bs64,22,0.4074,0.5526,39.0775,34.3198,33.6367,210
hourly,test,lstm_seq24_h128_l2_d0p3_lr0p001_bs64,23,0.3337,0.5046,39.8553,37.6102,39.2341,210
summary,validation,lstm_seq24_h128_l2_d0p3_lr0p0005_bs64,,0.3709,0.5365,38.3965,31.6339,29.718,5024
hourly,validation,lstm_seq24_h128_l2_d0p3_lr0p0005_bs64,0,0.2149,0.3198,36.1945,30.8675,33.9817,209
hourly,validation,lstm_seq24_h128_l2_d0p3_lr0p0005_bs64,1,0.1728,0.2922,29.9342,27.0991,32.5061,209
hourly,validation,lstm_seq24_h128_l2_d0p3_lr0p0005_bs64,2,0.1433,0.2389,27.3193,24.8381,29.8938,209
hourly,validation,lstm_seq24_h128_l2_d0p3_lr0p0005_bs64,3,0.1361,0.2178,30.9555,26.0024,31.4333,209
hourly,validation,lstm_seq24_h128_l2_d0p3_lr0p0005_bs64,4,0.1281,0.1996,29.477,26.8844,31.1013,209
hourly,validation,lstm_seq24_h128_l2_d0p3_lr0p0005_bs64,5,0.1623,0.2246,36.5223,33.2202,36.965,209
hourly,validation,lstm_seq24_h128_l2_d0p3_lr0p0005_bs64,6,0.2972,0.3906,41.5515,35.4115,36.0127,209
hourly,validation,lstm_seq24_h128_l2_d0p3_lr0p0005_bs64,7,0.5193,0.6411,47.0712,36.0898,29.3305,210
hourly,validation,lstm_seq24_h128_l2_d0p3_lr0p0005_bs64,8,0.3889,0.5014,34.9469,26.8848,23.5842,210
hourly,validation,lstm_seq24_h128_l2_d0p3_lr0p0005_bs64,9,0.3331,0.4469,31.3592,23.9148,21.4727,210
hourly,validation,lstm_seq24_h128_l2_d0p3_lr0p0005_bs64,10,0.3455,0.4684,29.4347,24.6631,22.8553,210
hourly,validation,lstm_seq24_h128_l2_d0p3_lr0p0005_bs64,11,0.4171,0.6201,39.6283,30.2366,27.6239,210
hourly,validation,lstm_seq24_h128_l2_d0p3_lr0p0005_bs64,12,0.4313,0.617,43.3747,32.2322,29.6104,210
hourly,validation,lstm_seq24_h128_l2_d0p3_lr0p0005_bs64,13,0.4237,0.5646,46.3283,36.0807,31.2604,210
hourly,validation,lstm_seq24_h128_l2_d0p3_lr0p0005_bs64,14,0.426,0.6095,48.3313,36.4846,34.0445,210
hourly,validation,lstm_seq24_h128_l2_d0p3_lr0p0005_bs64,15,0.4336,0.6412,46.728,37.46,36.4216,209
hourly,validation,lstm_seq24_h128_l2_d0p3_lr0p0005_bs64,16,0.3884,0.5629,40.7928,34.902,33.2409,209
hourly,validation,lstm_seq24_h128_l2_d0p3_lr0p0005_bs64,17,0.4568,0.6698,40.8238,35.269,34.3297,209
hourly,validation,lstm_seq24_h128_l2_d0p3_lr0p0005_bs64,18,0.4961,0.679,41.2186,34.4342,30.298,209
hourly,validation,lstm_seq24_h128_l2_d0p3_lr0p0005_bs64,19,0.6501,0.8038,37.4956,34.4307,31.2542,209
hourly,validation,lstm_seq24_h128_l2_d0p3_lr0p0005_bs64,20,0.6145,0.7661,37.2731,30.5254,26.9876,209
hourly,validation,lstm_seq24_h128_l2_d0p3_lr0p0005_bs64,21,0.5014,0.6427,34.1414,27.584,24.4625,209
hourly,validation,lstm_seq24_h128_l2_d0p3_lr0p0005_bs64,22,0.4617,0.5753,40.7202,34.3373,30.5376,209
hourly,validation,lstm_seq24_h128_l2_d0p3_lr0p0005_bs64,23,0.3583,0.4702,49.8308,39.3915,40.1999,209
summary,test,lstm_seq24_h128_l2_d0p3_lr0p0005_bs64,,0.3259,0.4751,41.7609,34.6772,33.971,5025
hourly,test,lstm_seq24_h128_l2_d0p3_lr0p0005_bs64,0,0.2318,0.3936,32.5051,30.9198,35.1332,209
hourly,test,lstm_seq24_h128_l2_d0p3_lr0p0005_bs64,1,0.1881,0.3193,26.8892,28.9695,33.1168,209
hourly,test,lstm_seq24_h128_l2_d0p3_lr0p0005_bs64,2,0.1676,0.281,26.453,28.2602,31.7749,209
hourly,test,lstm_seq24_h128_l2_d0p3_lr0p0005_bs64,3,0.1407,0.2459,26.116,25.7345,30.2429,209
hourly,test,lstm_seq24_h128_l2_d0p3_lr0p0005_bs64,4,0.154,0.2532,29.4381,29.3832,33.2755,209
hourly,test,lstm_seq24_h128_l2_d0p3_lr0p0005_bs64,5,0.1565,0.2592,32.7675,29.5969,34.7909,209
hourly,test,lstm_seq24_h128_l2_d0p3_lr0p0005_bs64,6,0.2255,0.2883,41.2535,33.8408,34.5767,209
hourly,test,lstm_seq24_h128_l2_d0p3_lr0p0005_bs64,7,0.4398,0.5511,51.438,38.2105,33.4048,209
hourly,test,lstm_seq24_h128_l2_d0p3_lr0p0005_bs64,8,0.3169,0.4245,40.3669,29.5533,25.2462,209
hourly,test,lstm_seq24_h128_l2_d0p3_lr0p0005_bs64,9,0.3423,0.4657,43.4098,32.4427,28.5492,209
hourly,test,lstm_seq24_h128_l2_d0p3_lr0p0005_bs64,10,0.3839,0.5198,50.5877,37.3076,33.6914,209
hourly,test,lstm_seq24_h128_l2_d0p3_lr0p0005_bs64,11,0.3818,0.5266,47.7759,37.4017,33.5166,209
hourly,test,lstm_seq24_h128_l2_d0p3_lr0p0005_bs64,12,0.4139,0.5736,48.1865,39.3534,37.3317,209
hourly,test,lstm_seq24_h128_l2_d0p3_lr0p0005_bs64,13,0.3529,0.4599,42.4737,36.4356,33.6809,209
hourly,test,lstm_seq24_h128_l2_d0p3_lr0p0005_bs64,14,0.3795,0.5148,50.147,40.8846,38.5355,209
hourly,test,lstm_seq24_h128_l2_d0p3_lr0p0005_bs64,15,0.3298,0.4717,43.3212,36.3833,36.3745,210
hourly,test,lstm_seq24_h128_l2_d0p3_lr0p0005_bs64,16,0.3161,0.423,48.6962,38.8911,38.5364,210
hourly,test,lstm_seq24_h128_l2_d0p3_lr0p0005_bs64,17,0.3515,0.4983,46.8803,39.5536,39.773,210
hourly,test,lstm_seq24_h128_l2_d0p3_lr0p0005_bs64,18,0.4292,0.6487,48.9618,40.3119,40.0758,210
hourly,test,lstm_seq24_h128_l2_d0p3_lr0p0005_bs64,19,0.4374,0.6095,49.848,37.3071,33.6309,210
hourly,test,lstm_seq24_h128_l2_d0p3_lr0p0005_bs64,20,0.4447,0.5805,46.5115,34.0612,30.1713,210
hourly,test,lstm_seq24_h128_l2_d0p3_lr0p0005_bs64,21,0.4975,0.6511,46.8481,36.4699,32.7137,210
hourly,test,lstm_seq24_h128_l2_d0p3_lr0p0005_bs64,22,0.4008,0.5363,40.067,33.6455,33.0953,210
hourly,test,lstm_seq24_h128_l2_d0p3_lr0p0005_bs64,23,0.3354,0.5091,41.1448,37.2317,39.4372,210
summary,validation,lstm_seq48_h32_l1_d0p0_lr0p001_bs64,,0.3712,0.5401,37.7147,31.4307,29.7676,4976
hourly,validation,lstm_seq48_h32_l1_d0p0_lr0p001_bs64,0,0.2253,0.3295,39.0026,32.7467,35.4764,207
hourly,validation,lstm_seq48_h32_l1_d0p0_lr0p001_bs64,1,0.1672,0.276,30.2169,27.2592,31.5335,207
hourly,validation,lstm_seq48_h32_l1_d0p0_lr0p001_bs64,2,0.1427,0.2381,27.5539,25.1318,29.6832,207
hourly,validation,lstm_seq48_h32_l1_d0p0_lr0p001_bs64,3,0.1264,0.2118,26.6594,24.4379,29.1541,207
hourly,validation,lstm_seq48_h32_l1_d0p0_lr0p001_bs64,4,0.1221,0.2128,25.8253,25.4522,29.5849,207
hourly,validation,lstm_seq48_h32_l1_d0p0_lr0p001_bs64,5,0.1552,0.222,34.5043,31.7572,35.4584,207
hourly,validation,lstm_seq48_h32_l1_d0p0_lr0p001_bs64,6,0.3099,0.4111,41.5287,36.2498,37.4263,207
hourly,validation,lstm_seq48_h32_l1_d0p0_lr0p001_bs64,7,0.5142,0.6547,40.3559,33.8669,29.0642,208
hourly,validation,lstm_seq48_h32_l1_d0p0_lr0p001_bs64,8,0.3588,0.485,28.1133,24.2629,21.825,208
hourly,validation,lstm_seq48_h32_l1_d0p0_lr0p001_bs64,9,0.3371,0.4491,29.1146,24.2253,21.7788,208
hourly,validation,lstm_seq48_h32_l1_d0p0_lr0p001_bs64,10,0.3588,0.4895,28.6595,25.1625,23.778,208
hourly,validation,lstm_seq48_h32_l1_d0p0_lr0p001_bs64,11,0.4016,0.6184,37.6239,29.4803,26.7415,208
hourly,validation,lstm_seq48_h32_l1_d0p0_lr0p001_bs64,12,0.4155,0.6121,40.4722,31.3401,28.7327,208
hourly,validation,lstm_seq48_h32_l1_d0p0_lr0p001_bs64,13,0.4158,0.5691,43.0261,35.3793,30.8236,208
hourly,validation,lstm_seq48_h32_l1_d0p0_lr0p001_bs64,14,0.4306,0.6193,44.9496,36.076,34.5125,208
hourly,validation,lstm_seq48_h32_l1_d0p0_lr0p001_bs64,15,0.4319,0.6415,45.0657,37.2097,36.5289,207
hourly,validation,lstm_seq48_h32_l1_d0p0_lr0p001_bs64,16,0.3873,0.555,41.1786,34.9365,33.0625,207
hourly,validation,lstm_seq48_h32_l1_d0p0_lr0p001_bs64,17,0.4795,0.6963,45.144,36.8064,35.8463,207
hourly,validation,lstm_seq48_h32_l1_d0p0_lr0p001_bs64,18,0.5219,0.6907,44.737,35.4598,31.7273,207
hourly,validation,lstm_seq48_h32_l1_d0p0_lr0p001_bs64,19,0.6163,0.7655,36.9935,32.1553,29.6096,207
hourly,validation,lstm_seq48_h32_l1_d0p0_lr0p001_bs64,20,0.6303,0.7767,40.2184,31.3774,27.7104,207
hourly,validation,lstm_seq48_h32_l1_d0p0_lr0p001_bs64,21,0.5149,0.6539,35.3958,27.9251,25.175,207
hourly,validation,lstm_seq48_h32_l1_d0p0_lr0p001_bs64,22,0.4789,0.6022,44.3799,35.0363,31.6801,207
hourly,validation,lstm_seq48_h32_l1_d0p0_lr0p001_bs64,23,0.3644,0.4695,54.4783,40.6588,40.8105,207
summary,test,lstm_seq48_h32_l1_d0p0_lr0p001_bs64,,0.3278,0.479,41.0243,34.5715,34.0749,4977
hourly,test,lstm_seq48_h32_l1_d0p0_lr0p001_bs64,0,0.2431,0.4045,35.9176,32.2391,36.7303,207
hourly,test,lstm_seq48_h32_l1_d0p0_lr0p001_bs64,1,0.1877,0.3095,28.6258,29.2694,32.9818,207
hourly,test,lstm_seq48_h32_l1_d0p0_lr0p001_bs64,2,0.1656,0.2733,27.2,28.3156,31.3655,207
hourly,test,lstm_seq48_h32_l1_d0p0_lr0p001_bs64,3,0.1357,0.244,24.587,24.9172,29.1264,207
hourly,test,lstm_seq48_h32_l1_d0p0_lr0p001_bs64,4,0.1464,0.2497,26.9459,27.7829,31.6119,207
hourly,test,lstm_seq48_h32_l1_d0p0_lr0p001_bs64,5,0.1624,0.2703,34.1853,30.7486,36.1989,207
hourly,test,lstm_seq48_h32_l1_d0p0_lr0p001_bs64,6,0.2231,0.2957,38.8796,33.408,34.3199,207
hourly,test,lstm_seq48_h32_l1_d0p0_lr0p001_bs64,7,0.4457,0.5639,49.361,38.7556,33.9713,207
hourly,test,lstm_seq48_h32_l1_d0p0_lr0p001_bs64,8,0.3099,0.4229,35.1858,28.0259,24.7377,207
hourly,test,lstm_seq48_h32_l1_d0p0_lr0p001_bs64,9,0.342,0.4702,39.1515,31.8244,28.4905,207
hourly,test,lstm_seq48_h32_l1_d0p0_lr0p001_bs64,10,0.372,0.5155,44.2077,35.1312,32.5776,207
hourly,test,lstm_seq48_h32_l1_d0p0_lr0p001_bs64,11,0.3763,0.5313,43.5702,35.9017,32.92,207
hourly,test,lstm_seq48_h32_l1_d0p0_lr0p001_bs64,12,0.4052,0.5784,43.8544,37.8826,36.329,207
hourly,test,lstm_seq48_h32_l1_d0p0_lr0p001_bs64,13,0.349,0.4688,39.828,35.7712,33.1269,207
hourly,test,lstm_seq48_h32_l1_d0p0_lr0p001_bs64,14,0.3771,0.5212,46.6958,39.6143,38.1091,207
hourly,test,lstm_seq48_h32_l1_d0p0_lr0p001_bs64,15,0.3404,0.4916,43.0124,37.4766,37.3737,208
hourly,test,lstm_seq48_h32_l1_d0p0_lr0p001_bs64,16,0.3182,0.4263,47.5703,38.6354,38.5907,208
hourly,test,lstm_seq48_h32_l1_d0p0_lr0p001_bs64,17,0.3567,0.5103,48.1584,40.0151,40.2098,208
hourly,test,lstm_seq48_h32_l1_d0p0_lr0p001_bs64,18,0.4248,0.6307,49.637,40.2424,39.8117,208
hourly,test,lstm_seq48_h32_l1_d0p0_lr0p001_bs64,19,0.4301,0.5846,48.3291,36.6467,32.8845,208
hourly,test,lstm_seq48_h32_l1_d0p0_lr0p001_bs64,20,0.4525,0.5948,46.5759,33.9751,30.486,208
hourly,test,lstm_seq48_h32_l1_d0p0_lr0p001_bs64,21,0.5103,0.6622,47.8262,37.0379,33.3134,208
hourly,test,lstm_seq48_h32_l1_d0p0_lr0p001_bs64,22,0.4278,0.5636,45.3494,35.4732,35.1407,208
hourly,test,lstm_seq48_h32_l1_d0p0_lr0p001_bs64,23,0.3613,0.5103,49.6548,40.4868,42.3493,208
summary,validation,lstm_seq48_h32_l1_d0p0_lr0p0005_bs64,,0.3761,0.5413,39.2998,32.0927,30.1617,4976
hourly,validation,lstm_seq48_h32_l1_d0p0_lr0p0005_bs64,0,0.2237,0.3308,37.6031,32.4911,35.2168,207
hourly,validation,lstm_seq48_h32_l1_d0p0_lr0p0005_bs64,1,0.1707,0.2814,30.6034,27.9339,32.1895,207
hourly,validation,lstm_seq48_h32_l1_d0p0_lr0p0005_bs64,2,0.1491,0.2437,29.5887,26.3215,31.0313,207
hourly,validation,lstm_seq48_h32_l1_d0p0_lr0p0005_bs64,3,0.1343,0.2194,28.9313,25.9385,30.9664,207
hourly,validation,lstm_seq48_h32_l1_d0p0_lr0p0005_bs64,4,0.1273,0.2128,27.3803,26.7313,30.842,207
hourly,validation,lstm_seq48_h32_l1_d0p0_lr0p0005_bs64,5,0.1587,0.2229,35.8584,32.4527,36.2609,207
hourly,validation,lstm_seq48_h32_l1_d0p0_lr0p0005_bs64,6,0.3019,0.3995,39.7336,35.4315,36.4688,207
hourly,validation,lstm_seq48_h32_l1_d0p0_lr0p0005_bs64,7,0.5269,0.6613,42.3261,35.4033,29.7784,208
hourly,validation,lstm_seq48_h32_l1_d0p0_lr0p0005_bs64,8,0.3731,0.4994,29.9603,25.7428,22.6935,208
hourly,validation,lstm_seq48_h32_l1_d0p0_lr0p0005_bs64,9,0.3447,0.4575,30.2377,24.9482,22.2676,208
hourly,validation,lstm_seq48_h32_l1_d0p0_lr0p0005_bs64,10,0.3586,0.4829,29.3821,25.4206,23.7648,208
hourly,validation,lstm_seq48_h32_l1_d0p0_lr0p0005_bs64,11,0.4012,0.6107,38.8804,29.4997,26.7167,208
hourly,validation,lstm_seq48_h32_l1_d0p0_lr0p0005_bs64,12,0.4268,0.6126,43.1372,32.3428,29.5167,208
hourly,validation,lstm_seq48_h32_l1_d0p0_lr0p0005_bs64,13,0.421,0.5726,46.1396,35.9498,31.2087,208
hourly,validation,lstm_seq48_h32_l1_d0p0_lr0p0005_bs64,14,0.4377,0.6256,49.3612,37.1825,35.0815,208
hourly,validation,lstm_seq48_h32_l1_d0p0_lr0p0005_bs64,15,0.4363,0.6416,49.1811,37.756,36.8979,207
hourly,validation,lstm_seq48_h32_l1_d0p0_lr0p0005_bs64,16,0.3983,0.5632,46.1126,36.3428,34.0051,207
hourly,validation,lstm_seq48_h32_l1_d0p0_lr0p0005_bs64,17,0.4998,0.6967,51.3677,39.121,37.3624,207
hourly,validation,lstm_seq48_h32_l1_d0p0_lr0p0005_bs64,18,0.5368,0.6945,49.1702,36.5099,32.634,207
hourly,validation,lstm_seq48_h32_l1_d0p0_lr0p0005_bs64,19,0.6238,0.7708,38.5301,32.4111,29.97,207
hourly,validation,lstm_seq48_h32_l1_d0p0_lr0p0005_bs64,20,0.6262,0.7803,40.2978,31.1209,27.5311,207
hourly,validation,lstm_seq48_h32_l1_d0p0_lr0p0005_bs64,21,0.5191,0.6492,35.7057,28.5302,25.3806,207
hourly,validation,lstm_seq48_h32_l1_d0p0_lr0p0005_bs64,22,0.4694,0.5859,42.2078,34.7508,31.0508,207
hourly,validation,lstm_seq48_h32_l1_d0p0_lr0p0005_bs64,23,0.359,0.4687,51.5222,39.942,40.2111,207
summary,test,lstm_seq48_h32_l1_d0p0_lr0p0005_bs64,,0.3314,0.4805,42.7508,35.1634,34.4578,4977
hourly,test,lstm_seq48_h32_l1_d0p0_lr0p0005_bs64,0,0.2437,0.4069,34.8219,32.4441,36.8132,207
hourly,test,lstm_seq48_h32_l1_d0p0_lr0p0005_bs64,1,0.1904,0.312,28.4876,30.244,33.4509,207
hourly,test,lstm_seq48_h32_l1_d0p0_lr0p0005_bs64,2,0.1705,0.275,28.4704,29.5685,32.3019,207
hourly,test,lstm_seq48_h32_l1_d0p0_lr0p0005_bs64,3,0.1362,0.2452,24.7517,25.1293,29.2293,207
hourly,test,lstm_seq48_h32_l1_d0p0_lr0p0005_bs64,4,0.149,0.2524,27.15,28.2733,32.1881,207
hourly,test,lstm_seq48_h32_l1_d0p0_lr0p0005_bs64,5,0.1528,0.2625,31.1188,28.676,34.0629,207
hourly,test,lstm_seq48_h32_l1_d0p0_lr0p0005_bs64,6,0.2172,0.2932,36.4248,32.8529,33.4039,207
hourly,test,lstm_seq48_h32_l1_d0p0_lr0p0005_bs64,7,0.4435,0.5595,47.0368,38.3217,33.8065,207
hourly,test,lstm_seq48_h32_l1_d0p0_lr0p0005_bs64,8,0.3112,0.424,34.5513,27.6522,24.8466,207
hourly,test,lstm_seq48_h32_l1_d0p0_lr0p0005_bs64,9,0.3476,0.4783,39.8802,32.1725,28.959,207
hourly,test,lstm_seq48_h32_l1_d0p0_lr0p0005_bs64,10,0.3785,0.5212,46.3339,35.8911,33.1515,207
hourly,test,lstm_seq48_h32_l1_d0p0_lr0p0005_bs64,11,0.3786,0.5314,45.9759,36.4285,33.1263,207
hourly,test,lstm_seq48_h32_l1_d0p0_lr0p0005_bs64,12,0.4071,0.5752,47.0642,38.3117,36.5007,207
hourly,test,lstm_seq48_h32_l1_d0p0_lr0p0005_bs64,13,0.353,0.469,42.5959,35.9447,33.5093,207
hourly,test,lstm_seq48_h32_l1_d0p0_lr0p0005_bs64,14,0.381,0.5193,51.312,40.3507,38.5078,207
hourly,test,lstm_seq48_h32_l1_d0p0_lr0p0005_bs64,15,0.357,0.4978,48.9234,39.3438,39.1887,208
hourly,test,lstm_seq48_h32_l1_d0p0_lr0p0005_bs64,16,0.3411,0.4415,56.091,41.6696,41.373,208
hourly,test,lstm_seq48_h32_l1_d0p0_lr0p0005_bs64,17,0.38,0.5184,56.6777,43.1325,42.8374,208
hourly,test,lstm_seq48_h32_l1_d0p0_lr0p0005_bs64,18,0.4391,0.6338,56.7111,42.0548,41.1546,208
hourly,test,lstm_seq48_h32_l1_d0p0_lr0p0005_bs64,19,0.4446,0.5946,54.1098,38.3503,34.0,208
hourly,test,lstm_seq48_h32_l1_d0p0_lr0p0005_bs64,20,0.454,0.5975,49.4828,34.8187,30.5811,208
hourly,test,lstm_seq48_h32_l1_d0p0_lr0p0005_bs64,21,0.5105,0.663,48.283,37.5861,33.3297,208
hourly,test,lstm_seq48_h32_l1_d0p0_lr0p0005_bs64,22,0.416,0.5513,43.2908,35.33,34.1755,208
hourly,test,lstm_seq48_h32_l1_d0p0_lr0p0005_bs64,23,0.3485,0.5069,46.1134,39.2059,40.8498,208
summary,validation,lstm_seq48_h32_l2_d0p0_lr0p001_bs64,,0.372,0.5398,38.3627,31.601,29.8327,4976
hourly,validation,lstm_seq48_h32_l2_d0p0_lr0p001_bs64,0,0.2259,0.3349,37.0265,33.2817,35.575,207
hourly,validation,lstm_seq48_h32_l2_d0p0_lr0p001_bs64,1,0.1709,0.2961,28.9115,27.2194,32.2335,207
hourly,validation,lstm_seq48_h32_l2_d0p0_lr0p001_bs64,2,0.1434,0.2433,26.6065,25.5227,29.8307,207
hourly,validation,lstm_seq48_h32_l2_d0p0_lr0p001_bs64,3,0.1211,0.2045,25.7362,23.1896,27.9205,207
hourly,validation,lstm_seq48_h32_l2_d0p0_lr0p001_bs64,4,0.1234,0.2011,28.0549,25.5532,29.8898,207
hourly,validation,lstm_seq48_h32_l2_d0p0_lr0p001_bs64,5,0.1537,0.2207,34.0742,31.4586,35.1076,207
hourly,validation,lstm_seq48_h32_l2_d0p0_lr0p001_bs64,6,0.2886,0.3878,37.9741,34.4614,34.8618,207
hourly,validation,lstm_seq48_h32_l2_d0p0_lr0p001_bs64,7,0.5081,0.6411,42.2264,34.3367,28.7168,208
hourly,validation,lstm_seq48_h32_l2_d0p0_lr0p001_bs64,8,0.4004,0.5136,34.7862,27.1569,24.3532,208
hourly,validation,lstm_seq48_h32_l2_d0p0_lr0p001_bs64,9,0.3356,0.4544,32.2966,23.7883,21.6782,208
hourly,validation,lstm_seq48_h32_l2_d0p0_lr0p001_bs64,10,0.3573,0.4789,30.6332,25.1111,23.68,208
hourly,validation,lstm_seq48_h32_l2_d0p0_lr0p001_bs64,11,0.4086,0.6173,40.1597,29.8059,27.2093,208
hourly,validation,lstm_seq48_h32_l2_d0p0_lr0p001_bs64,12,0.4296,0.6202,44.8087,32.3022,29.7077,208
hourly,validation,lstm_seq48_h32_l2_d0p0_lr0p001_bs64,13,0.42,0.5674,48.0582,36.423,31.1374,208
hourly,validation,lstm_seq48_h32_l2_d0p0_lr0p001_bs64,14,0.4354,0.6121,49.6164,37.4919,34.8977,208
hourly,validation,lstm_seq48_h32_l2_d0p0_lr0p001_bs64,15,0.4359,0.64,47.8935,37.892,36.8676,207
hourly,validation,lstm_seq48_h32_l2_d0p0_lr0p001_bs64,16,0.3887,0.5549,41.9029,35.2228,33.1839,207
hourly,validation,lstm_seq48_h32_l2_d0p0_lr0p001_bs64,17,0.467,0.68,42.8992,36.0532,34.9129,207
hourly,validation,lstm_seq48_h32_l2_d0p0_lr0p001_bs64,18,0.5214,0.6963,42.8907,35.3965,31.6985,207
hourly,validation,lstm_seq48_h32_l2_d0p0_lr0p001_bs64,19,0.6272,0.789,36.356,33.1153,30.1337,207
hourly,validation,lstm_seq48_h32_l2_d0p0_lr0p001_bs64,20,0.6255,0.7777,38.7635,31.0261,27.4998,207
hourly,validation,lstm_seq48_h32_l2_d0p0_lr0p001_bs64,21,0.5129,0.6508,33.7447,28.0239,25.0752,207
hourly,validation,lstm_seq48_h32_l2_d0p0_lr0p001_bs64,22,0.4602,0.577,40.8105,33.7804,30.44,207
hourly,validation,lstm_seq48_h32_l2_d0p0_lr0p001_bs64,23,0.365,0.4795,54.3994,40.8425,40.8867,207
summary,test,lstm_seq48_h32_l2_d0p0_lr0p001_bs64,,0.3302,0.4812,41.9346,34.9263,34.3279,4977
hourly,test,lstm_seq48_h32_l2_d0p0_lr0p001_bs64,0,0.2465,0.4034,35.2708,33.6628,37.2358,207
hourly,test,lstm_seq48_h32_l2_d0p0_lr0p001_bs64,1,0.1913,0.3185,27.7511,29.7435,33.6098,207
hourly,test,lstm_seq48_h32_l2_d0p0_lr0p001_bs64,2,0.1717,0.2798,27.1706,29.7686,32.53,207
hourly,test,lstm_seq48_h32_l2_d0p0_lr0p001_bs64,3,0.1343,0.2381,24.6949,24.9967,28.8239,207
hourly,test,lstm_seq48_h32_l2_d0p0_lr0p001_bs64,4,0.1572,0.2569,30.2087,30.0729,33.9563,207
hourly,test,lstm_seq48_h32_l2_d0p0_lr0p001_bs64,5,0.1515,0.2555,31.0843,28.6068,33.7761,207
hourly,test,lstm_seq48_h32_l2_d0p0_lr0p001_bs64,6,0.2264,0.3044,39.275,34.1568,34.829,207
hourly,test,lstm_seq48_h32_l2_d0p0_lr0p001_bs64,7,0.4506,0.577,49.1297,38.6925,34.3452,207
hourly,test,lstm_seq48_h32_l2_d0p0_lr0p001_bs64,8,0.3329,0.4363,39.24,29.5846,26.5773,207
hourly,test,lstm_seq48_h32_l2_d0p0_lr0p001_bs64,9,0.3352,0.4668,41.8745,31.2867,27.92,207
hourly,test,lstm_seq48_h32_l2_d0p0_lr0p001_bs64,10,0.3812,0.5186,47.7867,36.2412,33.3828,207
hourly,test,lstm_seq48_h32_l2_d0p0_lr0p001_bs64,11,0.3661,0.5221,44.1626,35.1994,32.0284,207
hourly,test,lstm_seq48_h32_l2_d0p0_lr0p001_bs64,12,0.4052,0.5775,46.6324,37.5591,36.3315,207
hourly,test,lstm_seq48_h32_l2_d0p0_lr0p001_bs64,13,0.3582,0.4758,43.9442,36.4595,33.9973,207
hourly,test,lstm_seq48_h32_l2_d0p0_lr0p001_bs64,14,0.3755,0.5212,50.6014,39.6066,37.9507,207
hourly,test,lstm_seq48_h32_l2_d0p0_lr0p001_bs64,15,0.3385,0.4717,45.6146,37.2891,37.1635,208
hourly,test,lstm_seq48_h32_l2_d0p0_lr0p001_bs64,16,0.329,0.4342,52.3715,40.461,39.9004,208
hourly,test,lstm_seq48_h32_l2_d0p0_lr0p001_bs64,17,0.3649,0.5092,50.9853,41.1214,41.1301,208
hourly,test,lstm_seq48_h32_l2_d0p0_lr0p001_bs64,18,0.4388,0.6489,51.2168,41.2115,41.1228,208
hourly,test,lstm_seq48_h32_l2_d0p0_lr0p001_bs64,19,0.4328,0.5975,48.7686,36.9952,33.0974,208
hourly,test,lstm_seq48_h32_l2_d0p0_lr0p001_bs64,20,0.4569,0.5873,45.8261,34.8077,30.7772,208
hourly,test,lstm_seq48_h32_l2_d0p0_lr0p001_bs64,21,0.5022,0.6591,44.3941,36.6524,32.7856,208
hourly,test,lstm_seq48_h32_l2_d0p0_lr0p001_bs64,22,0.4242,0.5646,42.0387,34.9741,34.8476,208
hourly,test,lstm_seq48_h32_l2_d0p0_lr0p001_bs64,23,0.3505,0.5187,46.147,38.9455,41.09,208
summary,validation,lstm_seq48_h32_l2_d0p0_lr0p0005_bs64,,0.3762,0.5429,39.5321,32.053,30.173,4976
hourly,validation,lstm_seq48_h32_l2_d0p0_lr0p0005_bs64,0,0.23,0.3337,39.7021,33.1839,36.2111,207
hourly,validation,lstm_seq48_h32_l2_d0p0_lr0p0005_bs64,1,0.1699,0.2879,30.6536,26.8595,32.0442,207
hourly,validation,lstm_seq48_h32_l2_d0p0_lr0p0005_bs64,2,0.1452,0.243,28.271,25.3386,30.2155,207
hourly,validation,lstm_seq48_h32_l2_d0p0_lr0p0005_bs64,3,0.1307,0.2143,29.2723,24.8797,30.1474,207
hourly,validation,lstm_seq48_h32_l2_d0p0_lr0p0005_bs64,4,0.1257,0.2042,28.5538,26.0523,30.4594,207
hourly,validation,lstm_seq48_h32_l2_d0p0_lr0p0005_bs64,5,0.173,0.2304,41.0976,35.2486,39.5161,207
hourly,validation,lstm_seq48_h32_l2_d0p0_lr0p0005_bs64,6,0.3101,0.4059,45.186,36.4101,37.4596,207
hourly,validation,lstm_seq48_h32_l2_d0p0_lr0p0005_bs64,7,0.5252,0.651,45.8028,36.058,29.6862,208
hourly,validation,lstm_seq48_h32_l2_d0p0_lr0p0005_bs64,8,0.3864,0.5037,32.4659,26.5293,23.5031,208
hourly,validation,lstm_seq48_h32_l2_d0p0_lr0p0005_bs64,9,0.3539,0.4656,31.4168,25.3956,22.8624,208
hourly,validation,lstm_seq48_h32_l2_d0p0_lr0p0005_bs64,10,0.3676,0.4926,29.6915,26.31,24.3642,208
hourly,validation,lstm_seq48_h32_l2_d0p0_lr0p0005_bs64,11,0.4152,0.6201,38.7205,30.4235,27.6433,208
hourly,validation,lstm_seq48_h32_l2_d0p0_lr0p0005_bs64,12,0.4256,0.6209,43.7286,32.022,29.4336,208
hourly,validation,lstm_seq48_h32_l2_d0p0_lr0p0005_bs64,13,0.4232,0.5731,49.2328,36.6314,31.3748,208
hourly,validation,lstm_seq48_h32_l2_d0p0_lr0p0005_bs64,14,0.4315,0.6164,50.6046,37.0136,34.5851,208
hourly,validation,lstm_seq48_h32_l2_d0p0_lr0p0005_bs64,15,0.4336,0.6456,47.8482,37.2455,36.6685,207
hourly,validation,lstm_seq48_h32_l2_d0p0_lr0p0005_bs64,16,0.3864,0.5573,40.8042,34.5369,32.9861,207
hourly,validation,lstm_seq48_h32_l2_d0p0_lr0p0005_bs64,17,0.4612,0.6748,41.3397,35.4995,34.4755,207
hourly,validation,lstm_seq48_h32_l2_d0p0_lr0p0005_bs64,18,0.5187,0.6961,42.3638,35.2064,31.5341,207
hourly,validation,lstm_seq48_h32_l2_d0p0_lr0p0005_bs64,19,0.6276,0.7868,36.7864,33.0709,30.1507,207
hourly,validation,lstm_seq48_h32_l2_d0p0_lr0p0005_bs64,20,0.6371,0.7833,40.5698,31.3892,28.0102,207
hourly,validation,lstm_seq48_h32_l2_d0p0_lr0p0005_bs64,21,0.51,0.6538,35.0351,27.8163,24.9356,207
hourly,validation,lstm_seq48_h32_l2_d0p0_lr0p0005_bs64,22,0.4635,0.5791,42.603,34.2035,30.6603,207
hourly,validation,lstm_seq48_h32_l2_d0p0_lr0p0005_bs64,23,0.3763,0.4867,56.9933,41.9768,42.1465,207
summary,test,lstm_seq48_h32_l2_d0p0_lr0p0005_bs64,,0.3309,0.4816,41.9183,35.0357,34.406,4977
hourly,test,lstm_seq48_h32_l2_d0p0_lr0p0005_bs64,0,0.2457,0.4012,35.9964,33.3459,37.1194,207
hourly,test,lstm_seq48_h32_l2_d0p0_lr0p0005_bs64,1,0.1907,0.3159,28.9059,29.6453,33.5117,207
hourly,test,lstm_seq48_h32_l2_d0p0_lr0p0005_bs64,2,0.174,0.279,28.22,29.7778,32.967,207
hourly,test,lstm_seq48_h32_l2_d0p0_lr0p0005_bs64,3,0.1417,0.244,27.1369,26.273,30.4108,207
hourly,test,lstm_seq48_h32_l2_d0p0_lr0p0005_bs64,4,0.1597,0.2605,30.8934,30.554,34.4893,207
hourly,test,lstm_seq48_h32_l2_d0p0_lr0p0005_bs64,5,0.1605,0.2607,34.3515,30.3429,35.7855,207
hourly,test,lstm_seq48_h32_l2_d0p0_lr0p0005_bs64,6,0.2416,0.3117,43.5857,35.5242,37.1609,207
hourly,test,lstm_seq48_h32_l2_d0p0_lr0p0005_bs64,7,0.4486,0.5672,51.4559,38.6556,34.1971,207
hourly,test,lstm_seq48_h32_l2_d0p0_lr0p0005_bs64,8,0.3097,0.4133,36.5779,28.4122,24.7214,207
hourly,test,lstm_seq48_h32_l2_d0p0_lr0p0005_bs64,9,0.3485,0.4773,39.9856,32.5995,29.0301,207
hourly,test,lstm_seq48_h32_l2_d0p0_lr0p0005_bs64,10,0.3818,0.5276,43.8365,36.0468,33.4406,207
hourly,test,lstm_seq48_h32_l2_d0p0_lr0p0005_bs64,11,0.3791,0.5294,42.063,36.0481,33.1706,207
hourly,test,lstm_seq48_h32_l2_d0p0_lr0p0005_bs64,12,0.4095,0.5816,45.3932,38.3937,36.7137,207
hourly,test,lstm_seq48_h32_l2_d0p0_lr0p0005_bs64,13,0.3618,0.4816,43.5409,36.7971,34.3403,207
hourly,test,lstm_seq48_h32_l2_d0p0_lr0p0005_bs64,14,0.3736,0.5208,49.9211,39.3324,37.7607,207
hourly,test,lstm_seq48_h32_l2_d0p0_lr0p0005_bs64,15,0.3327,0.4683,44.3819,36.7418,36.525,208
hourly,test,lstm_seq48_h32_l2_d0p0_lr0p0005_bs64,16,0.3276,0.4364,51.8962,40.3882,39.7303,208
hourly,test,lstm_seq48_h32_l2_d0p0_lr0p0005_bs64,17,0.3602,0.5067,49.5103,40.5976,40.5992,208
hourly,test,lstm_seq48_h32_l2_d0p0_lr0p0005_bs64,18,0.4366,0.649,50.2027,40.7735,40.9174,208
hourly,test,lstm_seq48_h32_l2_d0p0_lr0p0005_bs64,19,0.4315,0.5992,48.9661,36.7647,32.9971,208
hourly,test,lstm_seq48_h32_l2_d0p0_lr0p0005_bs64,20,0.4529,0.5846,46.397,34.2763,30.5097,208
hourly,test,lstm_seq48_h32_l2_d0p0_lr0p0005_bs64,21,0.5016,0.6635,44.8047,36.0861,32.7494,208
hourly,test,lstm_seq48_h32_l2_d0p0_lr0p0005_bs64,22,0.423,0.5635,41.7987,34.8298,34.7438,208
hourly,test,lstm_seq48_h32_l2_d0p0_lr0p0005_bs64,23,0.3471,0.5138,45.993,38.537,40.6861,208
summary,validation,lstm_seq48_h32_l2_d0p2_lr0p001_bs64,,0.3728,0.5395,37.7964,31.6276,29.8983,4976
hourly,validation,lstm_seq48_h32_l2_d0p2_lr0p001_bs64,0,0.2237,0.3313,36.9302,32.015,35.2186,207
hourly,validation,lstm_seq48_h32_l2_d0p2_lr0p001_bs64,1,0.1708,0.2899,29.5973,27.1767,32.2176,207
hourly,validation,lstm_seq48_h32_l2_d0p2_lr0p001_bs64,2,0.1444,0.2357,27.5998,25.5924,30.0344,207
hourly,validation,lstm_seq48_h32_l2_d0p2_lr0p001_bs64,3,0.1302,0.2067,28.8976,25.3897,30.0345,207
hourly,validation,lstm_seq48_h32_l2_d0p2_lr0p001_bs64,4,0.122,0.208,25.9707,25.5223,29.5496,207
hourly,validation,lstm_seq48_h32_l2_d0p2_lr0p001_bs64,5,0.1435,0.22,29.9739,29.2288,32.7906,207
hourly,validation,lstm_seq48_h32_l2_d0p2_lr0p001_bs64,6,0.2948,0.3873,40.2951,34.5763,35.613,207
hourly,validation,lstm_seq48_h32_l2_d0p2_lr0p001_bs64,7,0.5288,0.6585,44.7905,35.8027,29.8895,208
hourly,validation,lstm_seq48_h32_l2_d0p2_lr0p001_bs64,8,0.3821,0.5005,33.1244,26.1565,23.2397,208
hourly,validation,lstm_seq48_h32_l2_d0p2_lr0p001_bs64,9,0.3559,0.4653,31.2427,25.6592,22.9946,208
hourly,validation,lstm_seq48_h32_l2_d0p2_lr0p001_bs64,10,0.3709,0.5015,29.2986,26.5978,24.5838,208
hourly,validation,lstm_seq48_h32_l2_d0p2_lr0p001_bs64,11,0.4275,0.6301,38.6657,31.172,28.466,208
hourly,validation,lstm_seq48_h32_l2_d0p2_lr0p001_bs64,12,0.4262,0.6146,42.0185,32.2114,29.4729,208
hourly,validation,lstm_seq48_h32_l2_d0p2_lr0p001_bs64,13,0.4162,0.5643,45.067,35.5208,30.8563,208
hourly,validation,lstm_seq48_h32_l2_d0p2_lr0p001_bs64,14,0.4368,0.6167,47.8237,37.2935,35.0135,208
hourly,validation,lstm_seq48_h32_l2_d0p2_lr0p001_bs64,15,0.438,0.6388,46.3807,37.8869,37.0371,207
hourly,validation,lstm_seq48_h32_l2_d0p2_lr0p001_bs64,16,0.3893,0.5612,40.3306,35.0995,33.2396,207
hourly,validation,lstm_seq48_h32_l2_d0p2_lr0p001_bs64,17,0.4669,0.6826,42.1376,35.9183,34.9034,207
hourly,validation,lstm_seq48_h32_l2_d0p2_lr0p001_bs64,18,0.5214,0.6935,43.9563,35.3644,31.697,207
hourly,validation,lstm_seq48_h32_l2_d0p2_lr0p001_bs64,19,0.6041,0.7605,36.5884,31.5,29.0242,207
hourly,validation,lstm_seq48_h32_l2_d0p2_lr0p001_bs64,20,0.6112,0.7654,38.3874,30.3465,26.8722,207
hourly,validation,lstm_seq48_h32_l2_d0p2_lr0p001_bs64,21,0.5134,0.6496,33.0417,28.1672,25.1043,207
hourly,validation,lstm_seq48_h32_l2_d0p2_lr0p001_bs64,22,0.4555,0.5791,40.1676,33.5682,30.1355,207
hourly,validation,lstm_seq48_h32_l2_d0p2_lr0p001_bs64,23,0.3713,0.4836,54.7808,41.3101,41.585,207
summary,test,lstm_seq48_h32_l2_d0p2_lr0p001_bs64,,0.3294,0.4778,42.0835,34.867,34.2435,4977
hourly,test,lstm_seq48_h32_l2_d0p2_lr0p001_bs64,0,0.2466,0.3902,37.4039,33.5448,37.2633,207
hourly,test,lstm_seq48_h32_l2_d0p2_lr0p001_bs64,1,0.1918,0.3215,28.5165,29.4697,33.7049,207
hourly,test,lstm_seq48_h32_l2_d0p2_lr0p001_bs64,2,0.1655,0.2763,26.5615,27.7577,31.3575,207
hourly,test,lstm_seq48_h32_l2_d0p2_lr0p001_bs64,3,0.1336,0.2378,25.094,24.3608,28.6833,207
hourly,test,lstm_seq48_h32_l2_d0p2_lr0p001_bs64,4,0.1542,0.2552,28.4117,29.3727,33.3136,207
hourly,test,lstm_seq48_h32_l2_d0p2_lr0p001_bs64,5,0.1508,0.2589,29.9073,28.3243,33.614,207
hourly,test,lstm_seq48_h32_l2_d0p2_lr0p001_bs64,6,0.2263,0.297,40.5429,33.508,34.8044,207
hourly,test,lstm_seq48_h32_l2_d0p2_lr0p001_bs64,7,0.4441,0.5631,50.556,38.28,33.8493,207
hourly,test,lstm_seq48_h32_l2_d0p2_lr0p001_bs64,8,0.3159,0.4232,40.2168,29.1523,25.218,207
hourly,test,lstm_seq48_h32_l2_d0p2_lr0p001_bs64,9,0.3564,0.4759,43.6118,33.5098,29.6901,207
hourly,test,lstm_seq48_h32_l2_d0p2_lr0p001_bs64,10,0.4005,0.5389,48.475,38.532,35.0754,207
hourly,test,lstm_seq48_h32_l2_d0p2_lr0p001_bs64,11,0.391,0.5355,44.7849,37.6031,34.2043,207
hourly,test,lstm_seq48_h32_l2_d0p2_lr0p001_bs64,12,0.4074,0.5754,45.3042,37.9591,36.5295,207
hourly,test,lstm_seq48_h32_l2_d0p2_lr0p001_bs64,13,0.3511,0.4687,41.3303,35.6949,33.3235,207
hourly,test,lstm_seq48_h32_l2_d0p2_lr0p001_bs64,14,0.3777,0.5241,49.3312,39.926,38.1676,207
hourly,test,lstm_seq48_h32_l2_d0p2_lr0p001_bs64,15,0.3257,0.467,42.144,35.8326,35.7527,208
hourly,test,lstm_seq48_h32_l2_d0p2_lr0p001_bs64,16,0.3125,0.4218,47.2293,38.2451,37.9064,208
hourly,test,lstm_seq48_h32_l2_d0p2_lr0p001_bs64,17,0.3537,0.5047,46.8117,39.7188,39.8696,208
hourly,test,lstm_seq48_h32_l2_d0p2_lr0p001_bs64,18,0.4177,0.6287,48.3113,39.5232,39.146,208
hourly,test,lstm_seq48_h32_l2_d0p2_lr0p001_bs64,19,0.4423,0.6016,51.2709,37.5648,33.8172,208
hourly,test,lstm_seq48_h32_l2_d0p2_lr0p001_bs64,20,0.453,0.5892,49.7257,34.9633,30.5174,208
hourly,test,lstm_seq48_h32_l2_d0p2_lr0p001_bs64,21,0.5094,0.6583,48.8324,37.3579,33.2538,208
hourly,test,lstm_seq48_h32_l2_d0p2_lr0p001_bs64,22,0.4163,0.5422,44.4247,35.5439,34.1942,208
hourly,test,lstm_seq48_h32_l2_d0p2_lr0p001_bs64,23,0.3589,0.5093,50.9601,40.9392,42.0652,208
summary,validation,lstm_seq48_h32_l2_d0p2_lr0p0005_bs64,,0.3746,0.5403,38.7396,31.7729,30.0445,4976
hourly,validation,lstm_seq48_h32_l2_d0p2_lr0p0005_bs64,0,0.2203,0.3342,35.4134,30.8068,34.6885,207
hourly,validation,lstm_seq48_h32_l2_d0p2_lr0p0005_bs64,1,0.1684,0.2901,28.748,26.5428,31.7658,207
hourly,validation,lstm_seq48_h32_l2_d0p2_lr0p0005_bs64,2,0.1402,0.2387,25.5654,24.6137,29.1721,207
hourly,validation,lstm_seq48_h32_l2_d0p2_lr0p0005_bs64,3,0.1283,0.2065,27.7422,24.9504,29.5938,207
hourly,validation,lstm_seq48_h32_l2_d0p2_lr0p0005_bs64,4,0.1257,0.1982,28.6069,26.542,30.4487,207
hourly,validation,lstm_seq48_h32_l2_d0p2_lr0p0005_bs64,5,0.1528,0.2169,34.0555,31.5214,34.9078,207
hourly,validation,lstm_seq48_h32_l2_d0p2_lr0p0005_bs64,6,0.3025,0.3979,41.2565,36.0578,36.5378,207
hourly,validation,lstm_seq48_h32_l2_d0p2_lr0p0005_bs64,7,0.5226,0.6669,42.1743,35.0954,29.5381,208
hourly,validation,lstm_seq48_h32_l2_d0p2_lr0p0005_bs64,8,0.3841,0.5061,32.4674,26.0622,23.3637,208
hourly,validation,lstm_seq48_h32_l2_d0p2_lr0p0005_bs64,9,0.3423,0.452,30.8723,24.6147,22.1136,208
hourly,validation,lstm_seq48_h32_l2_d0p2_lr0p0005_bs64,10,0.3629,0.4899,29.4241,25.8468,24.0504,208
hourly,validation,lstm_seq48_h32_l2_d0p2_lr0p0005_bs64,11,0.4193,0.6234,38.6469,30.6326,27.9199,208
hourly,validation,lstm_seq48_h32_l2_d0p2_lr0p0005_bs64,12,0.4257,0.613,41.636,31.7213,29.4385,208
hourly,validation,lstm_seq48_h32_l2_d0p2_lr0p0005_bs64,13,0.4241,0.5678,46.5547,36.0841,31.4412,208
hourly,validation,lstm_seq48_h32_l2_d0p2_lr0p0005_bs64,14,0.4284,0.6052,48.9505,36.6584,34.3416,208
hourly,validation,lstm_seq48_h32_l2_d0p2_lr0p0005_bs64,15,0.4368,0.636,49.896,38.3331,36.9424,207
hourly,validation,lstm_seq48_h32_l2_d0p2_lr0p0005_bs64,16,0.3919,0.557,44.1694,36.1705,33.4576,207
hourly,validation,lstm_seq48_h32_l2_d0p2_lr0p0005_bs64,17,0.4724,0.6686,46.3283,37.4419,35.3122,207
hourly,validation,lstm_seq48_h32_l2_d0p2_lr0p0005_bs64,18,0.5213,0.6892,45.438,35.7477,31.6927,207
hourly,validation,lstm_seq48_h32_l2_d0p2_lr0p0005_bs64,19,0.6263,0.7797,37.5478,32.5168,30.09,207
hourly,validation,lstm_seq48_h32_l2_d0p2_lr0p0005_bs64,20,0.6372,0.7892,40.8492,31.2124,28.016,207
hourly,validation,lstm_seq48_h32_l2_d0p2_lr0p0005_bs64,21,0.5116,0.6473,36.4224,28.1567,25.0138,207
hourly,validation,lstm_seq48_h32_l2_d0p2_lr0p0005_bs64,22,0.4758,0.5879,43.9371,34.7312,31.4732,207
hourly,validation,lstm_seq48_h32_l2_d0p2_lr0p0005_bs64,23,0.3681,0.4832,53.0434,40.5254,41.2287,207
summary,test,lstm_seq48_h32_l2_d0p2_lr0p0005_bs64,,0.3292,0.4803,42.1588,34.6489,34.2235,4977
hourly,test,lstm_seq48_h32_l2_d0p2_lr0p0005_bs64,0,0.2425,0.4018,34.5603,32.2884,36.6344,207
hourly,test,lstm_seq48_h32_l2_d0p2_lr0p0005_bs64,1,0.1879,0.3209,26.98,28.6468,33.0194,207
hourly,test,lstm_seq48_h32_l2_d0p2_lr0p0005_bs64,2,0.1704,0.2861,26.0376,28.951,32.2904,207
hourly,test,lstm_seq48_h32_l2_d0p2_lr0p0005_bs64,3,0.1338,0.2443,24.0021,24.4802,28.7206,207
hourly,test,lstm_seq48_h32_l2_d0p2_lr0p0005_bs64,4,0.1535,0.2538,28.7638,29.3172,33.1476,207
hourly,test,lstm_seq48_h32_l2_d0p2_lr0p0005_bs64,5,0.1525,0.2566,30.7583,29.0549,34.0097,207
hourly,test,lstm_seq48_h32_l2_d0p2_lr0p0005_bs64,6,0.2201,0.2909,38.759,32.9703,33.8577,207
hourly,test,lstm_seq48_h32_l2_d0p2_lr0p0005_bs64,7,0.4409,0.5744,48.4653,37.6619,33.6103,207
hourly,test,lstm_seq48_h32_l2_d0p2_lr0p0005_bs64,8,0.3197,0.4282,39.487,28.9744,25.5214,207
hourly,test,lstm_seq48_h32_l2_d0p2_lr0p0005_bs64,9,0.3358,0.462,40.2436,31.2559,27.9764,207
hourly,test,lstm_seq48_h32_l2_d0p2_lr0p0005_bs64,10,0.3822,0.5328,45.3323,35.9561,33.4727,207
hourly,test,lstm_seq48_h32_l2_d0p2_lr0p0005_bs64,11,0.3802,0.528,43.168,36.156,33.2629,207
hourly,test,lstm_seq48_h32_l2_d0p2_lr0p0005_bs64,12,0.4136,0.5883,45.6637,38.1488,37.0836,207
hourly,test,lstm_seq48_h32_l2_d0p2_lr0p0005_bs64,13,0.3537,0.4716,41.5289,35.6519,33.5732,207
hourly,test,lstm_seq48_h32_l2_d0p2_lr0p0005_bs64,14,0.3785,0.524,49.9058,39.9404,38.2523,207
hourly,test,lstm_seq48_h32_l2_d0p2_lr0p0005_bs64,15,0.3252,0.4573,43.4264,36.0376,35.7011,208
hourly,test,lstm_seq48_h32_l2_d0p2_lr0p0005_bs64,16,0.3203,0.4246,50.9754,39.4531,38.854,208
hourly,test,lstm_seq48_h32_l2_d0p2_lr0p0005_bs64,17,0.3728,0.5082,53.8502,42.3984,42.0167,208
hourly,test,lstm_seq48_h32_l2_d0p2_lr0p0005_bs64,18,0.4412,0.6402,54.7018,42.0088,41.3513,208
hourly,test,lstm_seq48_h32_l2_d0p2_lr0p0005_bs64,19,0.4374,0.6081,53.475,37.3187,33.4452,208
hourly,test,lstm_seq48_h32_l2_d0p2_lr0p0005_bs64,20,0.4535,0.5959,50.1633,34.2304,30.5515,208
hourly,test,lstm_seq48_h32_l2_d0p2_lr0p0005_bs64,21,0.5122,0.6613,49.8997,36.7486,33.4365,208
hourly,test,lstm_seq48_h32_l2_d0p2_lr0p0005_bs64,22,0.4195,0.5477,44.7074,34.795,34.4587,208
hourly,test,lstm_seq48_h32_l2_d0p2_lr0p0005_bs64,23,0.3499,0.5096,46.6267,38.9828,41.011,208
summary,validation,lstm_seq48_h32_l2_d0p3_lr0p001_bs64,,0.3716,0.5403,38.3395,31.3751,29.8065,4976
hourly,validation,lstm_seq48_h32_l2_d0p3_lr0p001_bs64,0,0.2243,0.3305,39.4363,32.608,35.3182,207
hourly,validation,lstm_seq48_h32_l2_d0p3_lr0p001_bs64,1,0.1694,0.2889,29.3853,26.9008,31.957,207
hourly,validation,lstm_seq48_h32_l2_d0p3_lr0p001_bs64,2,0.1412,0.2364,26.396,24.8076,29.3703,207
hourly,validation,lstm_seq48_h32_l2_d0p3_lr0p001_bs64,3,0.1235,0.209,26.364,23.7718,28.4895,207
hourly,validation,lstm_seq48_h32_l2_d0p3_lr0p001_bs64,4,0.1162,0.208,24.3248,24.0871,28.1544,207
hourly,validation,lstm_seq48_h32_l2_d0p3_lr0p001_bs64,5,0.1467,0.2135,31.7047,30.1313,33.5248,207
hourly,validation,lstm_seq48_h32_l2_d0p3_lr0p001_bs64,6,0.2974,0.3899,40.3661,35.1359,35.926,207
hourly,validation,lstm_seq48_h32_l2_d0p3_lr0p001_bs64,7,0.5088,0.6448,41.3859,33.9352,28.7558,208
hourly,validation,lstm_seq48_h32_l2_d0p3_lr0p001_bs64,8,0.3776,0.5013,31.9983,25.9581,22.9634,208
hourly,validation,lstm_seq48_h32_l2_d0p3_lr0p001_bs64,9,0.3308,0.4412,29.7187,23.7812,21.3706,208
hourly,validation,lstm_seq48_h32_l2_d0p3_lr0p001_bs64,10,0.355,0.487,29.062,25.1575,23.5291,208
hourly,validation,lstm_seq48_h32_l2_d0p3_lr0p001_bs64,11,0.4091,0.6195,38.3049,29.8007,27.2397,208
hourly,validation,lstm_seq48_h32_l2_d0p3_lr0p001_bs64,12,0.4221,0.6102,42.3613,31.5018,29.1922,208
hourly,validation,lstm_seq48_h32_l2_d0p3_lr0p001_bs64,13,0.4267,0.5713,47.5681,35.9025,31.6315,208
hourly,validation,lstm_seq48_h32_l2_d0p3_lr0p001_bs64,14,0.4303,0.6098,50.404,36.5866,34.4943,208
hourly,validation,lstm_seq48_h32_l2_d0p3_lr0p001_bs64,15,0.4344,0.6437,49.5088,37.6564,36.7388,207
hourly,validation,lstm_seq48_h32_l2_d0p3_lr0p001_bs64,16,0.3906,0.5609,41.9552,35.1617,33.3444,207
hourly,validation,lstm_seq48_h32_l2_d0p3_lr0p001_bs64,17,0.4624,0.6764,40.5257,35.1865,34.5682,207
hourly,validation,lstm_seq48_h32_l2_d0p3_lr0p001_bs64,18,0.5281,0.7034,41.8811,35.8842,32.1056,207
hourly,validation,lstm_seq48_h32_l2_d0p3_lr0p001_bs64,19,0.6308,0.7883,37.0297,33.1923,30.3046,207
hourly,validation,lstm_seq48_h32_l2_d0p3_lr0p001_bs64,20,0.6378,0.7908,40.5839,31.4117,28.0427,207
hourly,validation,lstm_seq48_h32_l2_d0p3_lr0p001_bs64,21,0.5116,0.6451,35.8994,28.0391,25.0144,207
hourly,validation,lstm_seq48_h32_l2_d0p3_lr0p001_bs64,22,0.4583,0.5742,45.0247,33.9796,30.3207,207
hourly,validation,lstm_seq48_h32_l2_d0p3_lr0p001_bs64,23,0.3847,0.4938,58.9381,42.4661,43.0914,207
summary,test,lstm_seq48_h32_l2_d0p3_lr0p001_bs64,,0.3258,0.4798,40.3032,34.3398,33.8687,4977
hourly,test,lstm_seq48_h32_l2_d0p3_lr0p001_bs64,0,0.2405,0.3949,35.1595,32.3105,36.3299,207
hourly,test,lstm_seq48_h32_l2_d0p3_lr0p001_bs64,1,0.1912,0.3287,27.0878,29.0678,33.591,207
hourly,test,lstm_seq48_h32_l2_d0p3_lr0p001_bs64,2,0.1688,0.2846,25.7098,28.47,31.9838,207
hourly,test,lstm_seq48_h32_l2_d0p3_lr0p001_bs64,3,0.1282,0.2425,21.8856,23.2015,27.5213,207
hourly,test,lstm_seq48_h32_l2_d0p3_lr0p001_bs64,4,0.1532,0.2598,26.8417,29.2724,33.0817,207
hourly,test,lstm_seq48_h32_l2_d0p3_lr0p001_bs64,5,0.1494,0.2564,29.4009,28.5405,33.3188,207
hourly,test,lstm_seq48_h32_l2_d0p3_lr0p001_bs64,6,0.2148,0.2877,36.9563,32.6075,33.0361,207
hourly,test,lstm_seq48_h32_l2_d0p3_lr0p001_bs64,7,0.4364,0.5619,46.5923,38.2845,33.2634,207
hourly,test,lstm_seq48_h32_l2_d0p3_lr0p001_bs64,8,0.3116,0.4201,36.5071,29.0346,24.8754,207
hourly,test,lstm_seq48_h32_l2_d0p3_lr0p001_bs64,9,0.3368,0.46,40.1656,32.7011,28.0607,207
hourly,test,lstm_seq48_h32_l2_d0p3_lr0p001_bs64,10,0.3757,0.522,44.7564,35.7479,32.8984,207
hourly,test,lstm_seq48_h32_l2_d0p3_lr0p001_bs64,11,0.3763,0.5305,43.2282,36.6012,32.923,207
hourly,test,lstm_seq48_h32_l2_d0p3_lr0p001_bs64,12,0.4044,0.5795,44.0967,37.3664,36.2613,207
hourly,test,lstm_seq48_h32_l2_d0p3_lr0p001_bs64,13,0.3562,0.4769,42.2053,36.2848,33.8123,207
hourly,test,lstm_seq48_h32_l2_d0p3_lr0p001_bs64,14,0.3768,0.5263,49.9341,39.484,38.0788,207
hourly,test,lstm_seq48_h32_l2_d0p3_lr0p001_bs64,15,0.3287,0.4694,43.2656,36.0209,36.0904,208
hourly,test,lstm_seq48_h32_l2_d0p3_lr0p001_bs64,16,0.3163,0.4328,48.2416,38.291,38.3634,208
hourly,test,lstm_seq48_h32_l2_d0p3_lr0p001_bs64,17,0.3524,0.5073,45.9735,39.2797,39.7255,208
hourly,test,lstm_seq48_h32_l2_d0p3_lr0p001_bs64,18,0.429,0.6475,47.4801,40.1143,40.2089,208
hourly,test,lstm_seq48_h32_l2_d0p3_lr0p001_bs64,19,0.4353,0.6067,48.0216,37.0595,33.2848,208
hourly,test,lstm_seq48_h32_l2_d0p3_lr0p001_bs64,20,0.4515,0.5898,46.1301,34.0962,30.4138,208
hourly,test,lstm_seq48_h32_l2_d0p3_lr0p001_bs64,21,0.5074,0.6608,46.076,36.221,33.1258,208
hourly,test,lstm_seq48_h32_l2_d0p3_lr0p001_bs64,22,0.4222,0.5534,43.8771,34.9776,34.68,208
hourly,test,lstm_seq48_h32_l2_d0p3_lr0p001_bs64,23,0.3524,0.5104,47.4237,38.9953,41.3049,208
summary,validation,lstm_seq48_h32_l2_d0p3_lr0p0005_bs64,,0.3748,0.5399,38.6249,31.7998,30.063,4976
hourly,validation,lstm_seq48_h32_l2_d0p3_lr0p0005_bs64,0,0.2168,0.3339,33.4355,30.0061,34.1354,207
hourly,validation,lstm_seq48_h32_l2_d0p3_lr0p0005_bs64,1,0.1686,0.2936,27.9756,26.3928,31.808,207
hourly,validation,lstm_seq48_h32_l2_d0p3_lr0p0005_bs64,2,0.1431,0.241,26.4097,25.0664,29.779,207
hourly,validation,lstm_seq48_h32_l2_d0p3_lr0p0005_bs64,3,0.1316,0.2098,28.804,25.4949,30.3496,207
hourly,validation,lstm_seq48_h32_l2_d0p3_lr0p0005_bs64,4,0.1227,0.2019,27.3115,25.5584,29.7136,207
hourly,validation,lstm_seq48_h32_l2_d0p3_lr0p0005_bs64,5,0.1699,0.226,40.4676,34.7985,38.8182,207
hourly,validation,lstm_seq48_h32_l2_d0p3_lr0p0005_bs64,6,0.3183,0.41,47.6755,37.0229,38.4475,207
hourly,validation,lstm_seq48_h32_l2_d0p3_lr0p0005_bs64,7,0.5075,0.6326,46.5139,35.2008,28.6855,208
hourly,validation,lstm_seq48_h32_l2_d0p3_lr0p0005_bs64,8,0.3908,0.5142,34.1814,26.7011,23.7683,208
hourly,validation,lstm_seq48_h32_l2_d0p3_lr0p0005_bs64,9,0.346,0.4558,30.7308,24.7959,22.3551,208
hourly,validation,lstm_seq48_h32_l2_d0p3_lr0p0005_bs64,10,0.3624,0.4913,29.3428,25.7765,24.0201,208
hourly,validation,lstm_seq48_h32_l2_d0p3_lr0p0005_bs64,11,0.421,0.6246,38.9113,30.8078,28.0335,208
hourly,validation,lstm_seq48_h32_l2_d0p3_lr0p0005_bs64,12,0.4249,0.6104,41.2736,31.8441,29.3817,208
hourly,validation,lstm_seq48_h32_l2_d0p3_lr0p0005_bs64,13,0.4235,0.5671,45.1665,35.9816,31.3955,208
hourly,validation,lstm_seq48_h32_l2_d0p3_lr0p0005_bs64,14,0.4279,0.6066,46.2187,36.4504,34.2947,208
hourly,validation,lstm_seq48_h32_l2_d0p3_lr0p0005_bs64,15,0.4399,0.6449,45.412,37.9403,37.2031,207
hourly,validation,lstm_seq48_h32_l2_d0p3_lr0p0005_bs64,16,0.3941,0.566,40.3533,35.5607,33.6486,207
hourly,validation,lstm_seq48_h32_l2_d0p3_lr0p0005_bs64,17,0.4699,0.6739,44.038,36.5595,35.1244,207
hourly,validation,lstm_seq48_h32_l2_d0p3_lr0p0005_bs64,18,0.5185,0.6869,45.6666,35.4274,31.5229,207
hourly,validation,lstm_seq48_h32_l2_d0p3_lr0p0005_bs64,19,0.6214,0.771,38.2345,32.5237,29.8518,207
hourly,validation,lstm_seq48_h32_l2_d0p3_lr0p0005_bs64,20,0.6302,0.7849,40.8248,31.1025,27.7079,207
hourly,validation,lstm_seq48_h32_l2_d0p3_lr0p0005_bs64,21,0.515,0.6513,36.0366,28.3527,25.1802,207
hourly,validation,lstm_seq48_h32_l2_d0p3_lr0p0005_bs64,22,0.47,0.5852,42.2103,34.4701,31.0889,207
hourly,validation,lstm_seq48_h32_l2_d0p3_lr0p0005_bs64,23,0.3607,0.4801,49.788,39.3946,40.4019,207
summary,test,lstm_seq48_h32_l2_d0p3_lr0p0005_bs64,,0.3288,0.4807,41.6001,34.6865,34.1839,4977
hourly,test,lstm_seq48_h32_l2_d0p3_lr0p0005_bs64,0,0.2413,0.4053,33.4322,31.9882,36.4586,207
hourly,test,lstm_seq48_h32_l2_d0p3_lr0p0005_bs64,1,0.1908,0.3272,26.7951,29.194,33.5326,207
hourly,test,lstm_seq48_h32_l2_d0p3_lr0p0005_bs64,2,0.1698,0.2864,26.2883,28.8364,32.177,207
hourly,test,lstm_seq48_h32_l2_d0p3_lr0p0005_bs64,3,0.1352,0.2459,24.6071,24.7345,29.0228,207
hourly,test,lstm_seq48_h32_l2_d0p3_lr0p0005_bs64,4,0.1549,0.2587,28.7015,29.4585,33.4553,207
hourly,test,lstm_seq48_h32_l2_d0p3_lr0p0005_bs64,5,0.161,0.2612,33.9591,30.6275,35.8904,207
hourly,test,lstm_seq48_h32_l2_d0p3_lr0p0005_bs64,6,0.2386,0.3094,43.6169,34.7971,36.6969,207
hourly,test,lstm_seq48_h32_l2_d0p3_lr0p0005_bs64,7,0.4369,0.5604,50.9795,37.8328,33.305,207
hourly,test,lstm_seq48_h32_l2_d0p3_lr0p0005_bs64,8,0.3178,0.4264,39.4214,29.0327,25.3708,207
hourly,test,lstm_seq48_h32_l2_d0p3_lr0p0005_bs64,9,0.3449,0.4662,41.5733,33.0696,28.7314,207
hourly,test,lstm_seq48_h32_l2_d0p3_lr0p0005_bs64,10,0.3834,0.5317,45.3048,36.1993,33.5736,207
hourly,test,lstm_seq48_h32_l2_d0p3_lr0p0005_bs64,11,0.3807,0.5286,43.2978,36.8945,33.3101,207
hourly,test,lstm_seq48_h32_l2_d0p3_lr0p0005_bs64,12,0.41,0.5843,44.0248,38.0133,36.7661,207
hourly,test,lstm_seq48_h32_l2_d0p3_lr0p0005_bs64,13,0.3547,0.4732,40.4342,36.1209,33.6706,207
hourly,test,lstm_seq48_h32_l2_d0p3_lr0p0005_bs64,14,0.3749,0.5235,46.6087,39.269,37.8844,207
hourly,test,lstm_seq48_h32_l2_d0p3_lr0p0005_bs64,15,0.3235,0.4656,39.8681,35.3913,35.5101,208
hourly,test,lstm_seq48_h32_l2_d0p3_lr0p0005_bs64,16,0.3109,0.4236,45.5286,38.0042,37.7145,208
hourly,test,lstm_seq48_h32_l2_d0p3_lr0p0005_bs64,17,0.3644,0.5126,48.8753,40.8946,41.0783,208
hourly,test,lstm_seq48_h32_l2_d0p3_lr0p0005_bs64,18,0.4379,0.6402,53.0791,41.3731,41.0392,208
hourly,test,lstm_seq48_h32_l2_d0p3_lr0p0005_bs64,19,0.4427,0.6163,54.273,37.6119,33.8552,208
hourly,test,lstm_seq48_h32_l2_d0p3_lr0p0005_bs64,20,0.4537,0.5942,50.7015,34.4761,30.5608,208
hourly,test,lstm_seq48_h32_l2_d0p3_lr0p0005_bs64,21,0.5074,0.6578,49.1691,36.3614,33.1275,208
hourly,test,lstm_seq48_h32_l2_d0p3_lr0p0005_bs64,22,0.4111,0.539,43.2305,34.2313,33.768,208
hourly,test,lstm_seq48_h32_l2_d0p3_lr0p0005_bs64,23,0.3418,0.5071,44.369,37.9461,40.06,208
summary,validation,lstm_seq48_h64_l1_d0p0_lr0p001_bs64,,0.3788,0.5414,40.6913,32.585,30.3808,4976
hourly,validation,lstm_seq48_h64_l1_d0p0_lr0p001_bs64,0,0.2151,0.3281,36.7073,31.6205,33.8745,207
hourly,validation,lstm_seq48_h64_l1_d0p0_lr0p001_bs64,1,0.1704,0.29,28.8964,27.7019,32.1345,207
hourly,validation,lstm_seq48_h64_l1_d0p0_lr0p001_bs64,2,0.1395,0.238,26.1328,24.4027,29.0232,207
hourly,validation,lstm_seq48_h64_l1_d0p0_lr0p001_bs64,3,0.1323,0.2181,29.7915,25.2731,30.5044,207
hourly,validation,lstm_seq48_h64_l1_d0p0_lr0p001_bs64,4,0.1332,0.2,32.236,28.1925,32.2729,207
hourly,validation,lstm_seq48_h64_l1_d0p0_lr0p001_bs64,5,0.2135,0.259,56.152,42.262,48.7887,207
hourly,validation,lstm_seq48_h64_l1_d0p0_lr0p001_bs64,6,0.3684,0.4691,58.9667,40.981,44.4996,207
hourly,validation,lstm_seq48_h64_l1_d0p0_lr0p001_bs64,7,0.4974,0.6116,48.9157,34.9218,28.1111,208
hourly,validation,lstm_seq48_h64_l1_d0p0_lr0p001_bs64,8,0.3802,0.5005,32.1985,26.0872,23.1241,208
hourly,validation,lstm_seq48_h64_l1_d0p0_lr0p001_bs64,9,0.3291,0.4478,29.9307,23.7708,21.2611,208
hourly,validation,lstm_seq48_h64_l1_d0p0_lr0p001_bs64,10,0.3647,0.4888,29.8219,25.9399,24.1685,208
hourly,validation,lstm_seq48_h64_l1_d0p0_lr0p001_bs64,11,0.4142,0.6238,38.156,30.1835,27.5821,208
hourly,validation,lstm_seq48_h64_l1_d0p0_lr0p001_bs64,12,0.4219,0.6168,41.2183,31.8639,29.1763,208
hourly,validation,lstm_seq48_h64_l1_d0p0_lr0p001_bs64,13,0.4185,0.5629,45.886,35.7501,31.0242,208
hourly,validation,lstm_seq48_h64_l1_d0p0_lr0p001_bs64,14,0.4274,0.6071,49.104,37.1609,34.2562,208
hourly,validation,lstm_seq48_h64_l1_d0p0_lr0p001_bs64,15,0.4297,0.625,47.6921,37.6714,36.3379,207
hourly,validation,lstm_seq48_h64_l1_d0p0_lr0p001_bs64,16,0.3907,0.5603,43.7693,35.9647,33.36,207
hourly,validation,lstm_seq48_h64_l1_d0p0_lr0p001_bs64,17,0.4857,0.6783,49.1105,38.4845,36.3042,207
hourly,validation,lstm_seq48_h64_l1_d0p0_lr0p001_bs64,18,0.5425,0.6974,49.497,36.5877,32.9845,207
hourly,validation,lstm_seq48_h64_l1_d0p0_lr0p001_bs64,19,0.6484,0.7965,40.5146,33.6452,31.152,207
hourly,validation,lstm_seq48_h64_l1_d0p0_lr0p001_bs64,20,0.6234,0.7751,38.9546,30.7326,27.4068,207
hourly,validation,lstm_seq48_h64_l1_d0p0_lr0p001_bs64,21,0.5041,0.6501,32.0047,27.4349,24.6456,207
hourly,validation,lstm_seq48_h64_l1_d0p0_lr0p001_bs64,22,0.4733,0.5996,38.9191,34.8358,31.3091,207
hourly,validation,lstm_seq48_h64_l1_d0p0_lr0p001_bs64,23,0.3666,0.4731,52.0643,40.6451,41.067,207
summary,test,lstm_seq48_h64_l1_d0p0_lr0p001_bs64,,0.3377,0.4844,44.3244,36.3412,35.1123,4977
hourly,test,lstm_seq48_h64_l1_d0p0_lr0p001_bs64,0,0.242,0.4093,33.4615,33.0398,36.5572,207
hourly,test,lstm_seq48_h64_l1_d0p0_lr0p001_bs64,1,0.1936,0.329,27.1346,30.9862,34.0161,207
hourly,test,lstm_seq48_h64_l1_d0p0_lr0p001_bs64,2,0.1762,0.289,28.259,30.4687,33.3848,207
hourly,test,lstm_seq48_h64_l1_d0p0_lr0p001_bs64,3,0.1475,0.2491,27.9645,27.5029,31.6505,207
hourly,test,lstm_seq48_h64_l1_d0p0_lr0p001_bs64,4,0.1598,0.2489,32.8501,30.6813,34.5167,207
hourly,test,lstm_seq48_h64_l1_d0p0_lr0p001_bs64,5,0.2135,0.2902,52.5555,40.6548,47.6128,207
hourly,test,lstm_seq48_h64_l1_d0p0_lr0p001_bs64,6,0.2945,0.3604,58.5107,41.1196,45.3076,207
hourly,test,lstm_seq48_h64_l1_d0p0_lr0p001_bs64,7,0.43,0.5441,54.8178,38.2164,32.7737,207
hourly,test,lstm_seq48_h64_l1_d0p0_lr0p001_bs64,8,0.3188,0.4274,40.7267,29.9617,25.4488,207
hourly,test,lstm_seq48_h64_l1_d0p0_lr0p001_bs64,9,0.3501,0.4708,43.1952,33.506,29.1645,207
hourly,test,lstm_seq48_h64_l1_d0p0_lr0p001_bs64,10,0.3849,0.5202,48.6882,37.8655,33.7082,207
hourly,test,lstm_seq48_h64_l1_d0p0_lr0p001_bs64,11,0.3791,0.5279,43.044,36.3773,33.1654,207
hourly,test,lstm_seq48_h64_l1_d0p0_lr0p001_bs64,12,0.4084,0.5765,44.1991,38.5776,36.6176,207
hourly,test,lstm_seq48_h64_l1_d0p0_lr0p001_bs64,13,0.3512,0.4669,40.7917,36.0474,33.336,207
hourly,test,lstm_seq48_h64_l1_d0p0_lr0p001_bs64,14,0.3866,0.5288,50.0745,41.007,39.0744,207
hourly,test,lstm_seq48_h64_l1_d0p0_lr0p001_bs64,15,0.3281,0.4618,42.8693,36.4581,36.0204,208
hourly,test,lstm_seq48_h64_l1_d0p0_lr0p001_bs64,16,0.3198,0.4232,50.2763,40.0349,38.7915,208
hourly,test,lstm_seq48_h64_l1_d0p0_lr0p001_bs64,17,0.3775,0.5118,52.844,42.6723,42.5543,208
hourly,test,lstm_seq48_h64_l1_d0p0_lr0p001_bs64,18,0.4274,0.6275,53.2834,40.8279,40.0552,208
hourly,test,lstm_seq48_h64_l1_d0p0_lr0p001_bs64,19,0.4386,0.5969,53.3201,37.5384,33.5383,208
hourly,test,lstm_seq48_h64_l1_d0p0_lr0p001_bs64,20,0.4545,0.6016,50.156,34.7856,30.6198,208
hourly,test,lstm_seq48_h64_l1_d0p0_lr0p001_bs64,21,0.5423,0.6939,49.8753,39.2025,35.4019,208
hourly,test,lstm_seq48_h64_l1_d0p0_lr0p001_bs64,22,0.4379,0.5778,42.6552,36.7457,35.9676,208
hourly,test,lstm_seq48_h64_l1_d0p0_lr0p001_bs64,23,0.3405,0.5179,42.0477,37.8198,39.9082,208
summary,validation,lstm_seq48_h64_l1_d0p0_lr0p0005_bs64,,0.3771,0.5382,40.7657,32.5017,30.2446,4976
hourly,validation,lstm_seq48_h64_l1_d0p0_lr0p0005_bs64,0,0.222,0.3252,38.1625,32.46,34.9588,207
hourly,validation,lstm_seq48_h64_l1_d0p0_lr0p0005_bs64,1,0.1695,0.285,29.6765,26.9165,31.9642,207
hourly,validation,lstm_seq48_h64_l1_d0p0_lr0p0005_bs64,2,0.1445,0.2418,27.8113,25.2973,30.0663,207
hourly,validation,lstm_seq48_h64_l1_d0p0_lr0p0005_bs64,3,0.1357,0.2222,30.6711,25.5329,31.2821,207
hourly,validation,lstm_seq48_h64_l1_d0p0_lr0p0005_bs64,4,0.1301,0.2054,30.8954,26.9599,31.518,207
hourly,validation,lstm_seq48_h64_l1_d0p0_lr0p0005_bs64,5,0.2245,0.2718,59.2244,43.8012,51.3044,207
hourly,validation,lstm_seq48_h64_l1_d0p0_lr0p0005_bs64,6,0.3619,0.4534,58.3725,40.868,43.7096,207
hourly,validation,lstm_seq48_h64_l1_d0p0_lr0p0005_bs64,7,0.498,0.6079,50.1935,35.5257,28.1439,208
hourly,validation,lstm_seq48_h64_l1_d0p0_lr0p0005_bs64,8,0.3835,0.5019,32.2428,26.3336,23.3223,208
hourly,validation,lstm_seq48_h64_l1_d0p0_lr0p0005_bs64,9,0.3393,0.4522,30.227,24.5071,21.9177,208
hourly,validation,lstm_seq48_h64_l1_d0p0_lr0p0005_bs64,10,0.358,0.4852,29.3256,25.7,23.7283,208
hourly,validation,lstm_seq48_h64_l1_d0p0_lr0p0005_bs64,11,0.4129,0.6233,38.4096,30.1988,27.4947,208
hourly,validation,lstm_seq48_h64_l1_d0p0_lr0p0005_bs64,12,0.4243,0.617,41.4834,31.7422,29.3432,208
hourly,validation,lstm_seq48_h64_l1_d0p0_lr0p0005_bs64,13,0.4171,0.5647,45.8659,35.6372,30.9226,208
hourly,validation,lstm_seq48_h64_l1_d0p0_lr0p0005_bs64,14,0.4277,0.609,48.3613,37.0812,34.2846,208
hourly,validation,lstm_seq48_h64_l1_d0p0_lr0p0005_bs64,15,0.4318,0.631,47.1987,37.537,36.5181,207
hourly,validation,lstm_seq48_h64_l1_d0p0_lr0p0005_bs64,16,0.3876,0.5652,42.4763,35.185,33.0883,207
hourly,validation,lstm_seq48_h64_l1_d0p0_lr0p0005_bs64,17,0.4805,0.6807,47.7589,37.8858,35.9215,207
hourly,validation,lstm_seq48_h64_l1_d0p0_lr0p0005_bs64,18,0.5341,0.6933,48.4314,36.3132,32.4712,207
hourly,validation,lstm_seq48_h64_l1_d0p0_lr0p0005_bs64,19,0.6308,0.7758,39.4927,33.0027,30.3044,207
hourly,validation,lstm_seq48_h64_l1_d0p0_lr0p0005_bs64,20,0.6267,0.7748,39.6483,30.9662,27.5521,207
hourly,validation,lstm_seq48_h64_l1_d0p0_lr0p0005_bs64,21,0.4987,0.6357,32.1851,27.3534,24.3842,207
hourly,validation,lstm_seq48_h64_l1_d0p0_lr0p0005_bs64,22,0.4511,0.5702,38.0925,33.2698,29.8438,207
hourly,validation,lstm_seq48_h64_l1_d0p0_lr0p0005_bs64,23,0.3591,0.4707,52.219,40.0296,40.2183,207
summary,test,lstm_seq48_h64_l1_d0p0_lr0p0005_bs64,,0.3365,0.4812,44.7453,36.2285,34.9873,4977
hourly,test,lstm_seq48_h64_l1_d0p0_lr0p0005_bs64,0,0.2437,0.4056,35.2874,32.5821,36.8229,207
hourly,test,lstm_seq48_h64_l1_d0p0_lr0p0005_bs64,1,0.1896,0.3138,28.2514,29.9893,33.319,207
hourly,test,lstm_seq48_h64_l1_d0p0_lr0p0005_bs64,2,0.175,0.2841,28.7497,30.2323,33.1485,207
hourly,test,lstm_seq48_h64_l1_d0p0_lr0p0005_bs64,3,0.1431,0.2444,27.486,26.4914,30.706,207
hourly,test,lstm_seq48_h64_l1_d0p0_lr0p0005_bs64,4,0.1587,0.2475,32.8858,30.4301,34.2678,207
hourly,test,lstm_seq48_h64_l1_d0p0_lr0p0005_bs64,5,0.2179,0.2969,54.3355,41.4051,48.5776,207
hourly,test,lstm_seq48_h64_l1_d0p0_lr0p0005_bs64,6,0.2857,0.3506,57.4084,40.4139,43.9519,207
hourly,test,lstm_seq48_h64_l1_d0p0_lr0p0005_bs64,7,0.445,0.558,58.0555,39.4093,33.9181,207
hourly,test,lstm_seq48_h64_l1_d0p0_lr0p0005_bs64,8,0.3253,0.4312,42.1338,30.539,25.9665,207
hourly,test,lstm_seq48_h64_l1_d0p0_lr0p0005_bs64,9,0.3564,0.476,44.0264,33.9547,29.6917,207
hourly,test,lstm_seq48_h64_l1_d0p0_lr0p0005_bs64,10,0.388,0.5218,49.1179,38.2038,33.9771,207
hourly,test,lstm_seq48_h64_l1_d0p0_lr0p0005_bs64,11,0.3853,0.5366,44.3071,37.2203,33.7061,207
hourly,test,lstm_seq48_h64_l1_d0p0_lr0p0005_bs64,12,0.4068,0.5758,44.3698,38.3842,36.4736,207
hourly,test,lstm_seq48_h64_l1_d0p0_lr0p0005_bs64,13,0.3499,0.4679,40.5182,35.6115,33.216,207
hourly,test,lstm_seq48_h64_l1_d0p0_lr0p0005_bs64,14,0.3816,0.5227,49.8422,40.6881,38.5645,207
hourly,test,lstm_seq48_h64_l1_d0p0_lr0p0005_bs64,15,0.3294,0.4671,42.9034,36.3361,36.1598,208
hourly,test,lstm_seq48_h64_l1_d0p0_lr0p0005_bs64,16,0.3167,0.4203,49.744,39.6313,38.4173,208
hourly,test,lstm_seq48_h64_l1_d0p0_lr0p0005_bs64,17,0.3658,0.5051,50.5421,41.3219,41.2273,208
hourly,test,lstm_seq48_h64_l1_d0p0_lr0p0005_bs64,18,0.4306,0.6309,53.5369,41.0969,40.3612,208
hourly,test,lstm_seq48_h64_l1_d0p0_lr0p0005_bs64,19,0.4459,0.6025,55.0293,38.3875,34.0991,208
hourly,test,lstm_seq48_h64_l1_d0p0_lr0p0005_bs64,20,0.4558,0.5935,50.6928,35.1976,30.7045,208
hourly,test,lstm_seq48_h64_l1_d0p0_lr0p0005_bs64,21,0.5124,0.66,47.8822,37.7387,33.4511,208
hourly,test,lstm_seq48_h64_l1_d0p0_lr0p0005_bs64,22,0.4184,0.553,41.6684,35.3152,34.3675,208
hourly,test,lstm_seq48_h64_l1_d0p0_lr0p0005_bs64,23,0.3472,0.5151,44.9481,38.819,40.6978,208
summary,validation,lstm_seq48_h64_l2_d0p0_lr0p001_bs64,,0.3751,0.5428,38.2606,31.6744,30.0801,4976
hourly,validation,lstm_seq48_h64_l2_d0p0_lr0p001_bs64,0,0.2155,0.3289,34.6502,30.9433,33.9256,207
hourly,validation,lstm_seq48_h64_l2_d0p0_lr0p001_bs64,1,0.1663,0.2936,28.277,26.3705,31.3668,207
hourly,validation,lstm_seq48_h64_l2_d0p0_lr0p001_bs64,2,0.1437,0.246,26.6387,25.2181,29.9082,207
hourly,validation,lstm_seq48_h64_l2_d0p0_lr0p001_bs64,3,0.1169,0.1952,24.3405,22.8317,26.9493,207
hourly,validation,lstm_seq48_h64_l2_d0p0_lr0p001_bs64,4,0.1234,0.2049,26.9397,25.6944,29.8858,207
hourly,validation,lstm_seq48_h64_l2_d0p0_lr0p001_bs64,5,0.1607,0.2157,36.9226,33.4054,36.708,207
hourly,validation,lstm_seq48_h64_l2_d0p0_lr0p001_bs64,6,0.3396,0.4365,50.4556,39.4915,41.0153,207
hourly,validation,lstm_seq48_h64_l2_d0p0_lr0p001_bs64,7,0.4787,0.6164,44.9508,33.0486,27.0574,208
hourly,validation,lstm_seq48_h64_l2_d0p0_lr0p001_bs64,8,0.3893,0.5118,35.1909,26.9828,23.6761,208
hourly,validation,lstm_seq48_h64_l2_d0p0_lr0p001_bs64,9,0.3293,0.4366,31.113,23.829,21.2745,208
hourly,validation,lstm_seq48_h64_l2_d0p0_lr0p001_bs64,10,0.3595,0.479,29.6256,25.084,23.8283,208
hourly,validation,lstm_seq48_h64_l2_d0p0_lr0p001_bs64,11,0.4151,0.6303,38.8453,30.0296,27.6399,208
hourly,validation,lstm_seq48_h64_l2_d0p0_lr0p001_bs64,12,0.423,0.6185,42.7313,32.025,29.2515,208
hourly,validation,lstm_seq48_h64_l2_d0p0_lr0p001_bs64,13,0.427,0.5739,46.6734,36.3166,31.6578,208
hourly,validation,lstm_seq48_h64_l2_d0p0_lr0p001_bs64,14,0.4254,0.6034,47.1503,36.0931,34.096,208
hourly,validation,lstm_seq48_h64_l2_d0p0_lr0p001_bs64,15,0.4396,0.6452,45.5784,37.5564,37.1774,207
hourly,validation,lstm_seq48_h64_l2_d0p0_lr0p001_bs64,16,0.386,0.5514,38.5156,34.4189,32.9558,207
hourly,validation,lstm_seq48_h64_l2_d0p0_lr0p001_bs64,17,0.4583,0.6615,40.1753,34.951,34.2598,207
hourly,validation,lstm_seq48_h64_l2_d0p0_lr0p001_bs64,18,0.5236,0.6872,43.1825,35.4587,31.8331,207
hourly,validation,lstm_seq48_h64_l2_d0p0_lr0p001_bs64,19,0.647,0.8024,38.6107,33.4394,31.0834,207
hourly,validation,lstm_seq48_h64_l2_d0p0_lr0p001_bs64,20,0.6359,0.7846,40.2368,31.4162,27.9582,207
hourly,validation,lstm_seq48_h64_l2_d0p0_lr0p001_bs64,21,0.5338,0.6834,35.5479,29.097,26.1004,207
hourly,validation,lstm_seq48_h64_l2_d0p0_lr0p001_bs64,22,0.4982,0.6156,42.2308,36.6507,32.9594,207
hourly,validation,lstm_seq48_h64_l2_d0p0_lr0p001_bs64,23,0.3643,0.4766,49.6216,39.8823,40.8042,207
summary,test,lstm_seq48_h64_l2_d0p0_lr0p001_bs64,,0.3353,0.4863,43.7488,35.3757,34.862,4977
hourly,test,lstm_seq48_h64_l2_d0p0_lr0p001_bs64,0,0.2535,0.4172,36.4094,33.7502,38.3029,207
hourly,test,lstm_seq48_h64_l2_d0p0_lr0p001_bs64,1,0.1889,0.3177,27.5358,28.7358,33.1863,207
hourly,test,lstm_seq48_h64_l2_d0p0_lr0p001_bs64,2,0.1677,0.2745,27.06,28.9803,31.7688,207
hourly,test,lstm_seq48_h64_l2_d0p0_lr0p001_bs64,3,0.1295,0.2368,23.5391,23.8921,27.8015,207
hourly,test,lstm_seq48_h64_l2_d0p0_lr0p001_bs64,4,0.153,0.2489,29.0959,29.1169,33.0379,207
hourly,test,lstm_seq48_h64_l2_d0p0_lr0p001_bs64,5,0.1557,0.2525,33.1607,29.9055,34.7247,207
hourly,test,lstm_seq48_h64_l2_d0p0_lr0p001_bs64,6,0.2466,0.3161,45.5683,35.6447,37.9335,207
hourly,test,lstm_seq48_h64_l2_d0p0_lr0p001_bs64,7,0.4373,0.5699,54.7162,37.653,33.3302,207
hourly,test,lstm_seq48_h64_l2_d0p0_lr0p001_bs64,8,0.3403,0.4505,42.8776,30.4615,27.1677,207
hourly,test,lstm_seq48_h64_l2_d0p0_lr0p001_bs64,9,0.3396,0.4633,43.283,31.9662,28.2885,207
hourly,test,lstm_seq48_h64_l2_d0p0_lr0p001_bs64,10,0.3836,0.5141,49.0444,36.4213,33.5902,207
hourly,test,lstm_seq48_h64_l2_d0p0_lr0p001_bs64,11,0.3855,0.5318,48.0672,36.9848,33.7279,207
hourly,test,lstm_seq48_h64_l2_d0p0_lr0p001_bs64,12,0.4096,0.5809,47.3366,38.4024,36.7301,207
hourly,test,lstm_seq48_h64_l2_d0p0_lr0p001_bs64,13,0.3552,0.4661,43.2842,36.342,33.7146,207
hourly,test,lstm_seq48_h64_l2_d0p0_lr0p001_bs64,14,0.3777,0.5219,49.6984,39.8204,38.1678,207
hourly,test,lstm_seq48_h64_l2_d0p0_lr0p001_bs64,15,0.3426,0.4788,44.8872,37.6564,37.6096,208
hourly,test,lstm_seq48_h64_l2_d0p0_lr0p001_bs64,16,0.3357,0.4433,50.2799,41.1869,40.7185,208
hourly,test,lstm_seq48_h64_l2_d0p0_lr0p001_bs64,17,0.3674,0.5176,48.5963,40.8429,41.4065,208
hourly,test,lstm_seq48_h64_l2_d0p0_lr0p001_bs64,18,0.4403,0.6495,52.071,41.5477,41.2683,208
hourly,test,lstm_seq48_h64_l2_d0p0_lr0p001_bs64,19,0.4484,0.6114,52.2919,37.6636,34.288,208
hourly,test,lstm_seq48_h64_l2_d0p0_lr0p001_bs64,20,0.4547,0.5999,53.2325,35.3914,30.6326,208
hourly,test,lstm_seq48_h64_l2_d0p0_lr0p001_bs64,21,0.5324,0.6789,53.3568,38.5916,34.7583,208
hourly,test,lstm_seq48_h64_l2_d0p0_lr0p001_bs64,22,0.4479,0.5873,47.6003,37.8044,36.7901,208
hourly,test,lstm_seq48_h64_l2_d0p0_lr0p001_bs64,23,0.3516,0.5171,46.7126,40.0993,41.2123,208
summary,validation,lstm_seq48_h64_l2_d0p0_lr0p0005_bs64,,0.3793,0.5423,39.4831,32.6204,30.4238,4976
hourly,validation,lstm_seq48_h64_l2_d0p0_lr0p0005_bs64,0,0.2245,0.3298,36.5062,32.1161,35.3444,207
hourly,validation,lstm_seq48_h64_l2_d0p0_lr0p0005_bs64,1,0.1709,0.2824,30.9575,27.7991,32.2362,207
hourly,validation,lstm_seq48_h64_l2_d0p0_lr0p0005_bs64,2,0.1482,0.2342,29.4362,26.4392,30.8245,207
hourly,validation,lstm_seq48_h64_l2_d0p0_lr0p0005_bs64,3,0.1326,0.2032,30.2002,26.0913,30.5685,207
hourly,validation,lstm_seq48_h64_l2_d0p0_lr0p0005_bs64,4,0.1313,0.2001,31.3887,27.7083,31.7961,207
hourly,validation,lstm_seq48_h64_l2_d0p0_lr0p0005_bs64,5,0.2017,0.2424,52.4039,40.8683,46.0959,207
hourly,validation,lstm_seq48_h64_l2_d0p0_lr0p0005_bs64,6,0.3282,0.4187,50.5008,38.1948,39.6382,207
hourly,validation,lstm_seq48_h64_l2_d0p0_lr0p0005_bs64,7,0.5087,0.6283,46.784,35.5109,28.7534,208
hourly,validation,lstm_seq48_h64_l2_d0p0_lr0p0005_bs64,8,0.3822,0.5038,32.4303,26.4661,23.2434,208
hourly,validation,lstm_seq48_h64_l2_d0p0_lr0p0005_bs64,9,0.3486,0.4571,31.2879,25.1842,22.519,208
hourly,validation,lstm_seq48_h64_l2_d0p0_lr0p0005_bs64,10,0.3648,0.4858,28.6883,25.9757,24.1784,208
hourly,validation,lstm_seq48_h64_l2_d0p0_lr0p0005_bs64,11,0.4341,0.6339,37.9364,31.4669,28.9076,208
hourly,validation,lstm_seq48_h64_l2_d0p0_lr0p0005_bs64,12,0.4273,0.6217,40.9633,32.0632,29.5505,208
hourly,validation,lstm_seq48_h64_l2_d0p0_lr0p0005_bs64,13,0.4245,0.5729,45.5798,36.8931,31.4665,208
hourly,validation,lstm_seq48_h64_l2_d0p0_lr0p0005_bs64,14,0.4344,0.6107,47.7807,37.2302,34.8197,208
hourly,validation,lstm_seq48_h64_l2_d0p0_lr0p0005_bs64,15,0.4389,0.6377,47.3192,38.1687,37.1202,207
hourly,validation,lstm_seq48_h64_l2_d0p0_lr0p0005_bs64,16,0.3925,0.5597,42.7588,35.6105,33.5092,207
hourly,validation,lstm_seq48_h64_l2_d0p0_lr0p0005_bs64,17,0.4743,0.6807,45.112,36.7664,35.4544,207
hourly,validation,lstm_seq48_h64_l2_d0p0_lr0p0005_bs64,18,0.5319,0.7033,45.6116,36.0238,32.3359,207
hourly,validation,lstm_seq48_h64_l2_d0p0_lr0p0005_bs64,19,0.6256,0.7812,36.8496,32.5192,30.0539,207
hourly,validation,lstm_seq48_h64_l2_d0p0_lr0p0005_bs64,20,0.6119,0.7644,37.4425,30.2445,26.9042,207
hourly,validation,lstm_seq48_h64_l2_d0p0_lr0p0005_bs64,21,0.5246,0.6691,32.7529,28.526,25.6478,207
hourly,validation,lstm_seq48_h64_l2_d0p0_lr0p0005_bs64,22,0.49,0.6191,39.3223,35.9094,32.4175,207
hourly,validation,lstm_seq48_h64_l2_d0p0_lr0p0005_bs64,23,0.3512,0.4598,47.603,39.1615,39.3364,207
summary,test,lstm_seq48_h64_l2_d0p0_lr0p0005_bs64,,0.3368,0.4833,43.6586,36.1847,35.0119,4977
hourly,test,lstm_seq48_h64_l2_d0p0_lr0p0005_bs64,0,0.2495,0.4147,34.9882,33.4213,37.6979,207
hourly,test,lstm_seq48_h64_l2_d0p0_lr0p0005_bs64,1,0.192,0.3162,29.2169,29.9547,33.7367,207
hourly,test,lstm_seq48_h64_l2_d0p0_lr0p0005_bs64,2,0.1743,0.2727,30.3195,29.9693,33.0244,207
hourly,test,lstm_seq48_h64_l2_d0p0_lr0p0005_bs64,3,0.1499,0.2387,30.5603,28.3909,32.1806,207
hourly,test,lstm_seq48_h64_l2_d0p0_lr0p0005_bs64,4,0.1669,0.2481,35.4272,32.3383,36.0568,207
hourly,test,lstm_seq48_h64_l2_d0p0_lr0p0005_bs64,5,0.2016,0.2778,49.2775,39.1726,44.9499,207
hourly,test,lstm_seq48_h64_l2_d0p0_lr0p0005_bs64,6,0.2542,0.3156,49.5141,37.4603,39.0976,207
hourly,test,lstm_seq48_h64_l2_d0p0_lr0p0005_bs64,7,0.4452,0.5563,54.4358,39.5428,33.9327,207
hourly,test,lstm_seq48_h64_l2_d0p0_lr0p0005_bs64,8,0.3163,0.4239,37.0899,28.7997,25.2534,207
hourly,test,lstm_seq48_h64_l2_d0p0_lr0p0005_bs64,9,0.3476,0.4719,40.0026,32.1009,28.9527,207
hourly,test,lstm_seq48_h64_l2_d0p0_lr0p0005_bs64,10,0.3863,0.5288,45.3253,36.9454,33.8304,207
hourly,test,lstm_seq48_h64_l2_d0p0_lr0p0005_bs64,11,0.3973,0.5486,44.352,37.7124,34.7611,207
hourly,test,lstm_seq48_h64_l2_d0p0_lr0p0005_bs64,12,0.4167,0.5862,45.5272,39.2907,37.3645,207
hourly,test,lstm_seq48_h64_l2_d0p0_lr0p0005_bs64,13,0.352,0.4692,40.6749,35.7835,33.4103,207
hourly,test,lstm_seq48_h64_l2_d0p0_lr0p0005_bs64,14,0.378,0.5188,48.6816,40.2621,38.1981,207
hourly,test,lstm_seq48_h64_l2_d0p0_lr0p0005_bs64,15,0.3383,0.4779,44.119,37.3657,37.1399,208
hourly,test,lstm_seq48_h64_l2_d0p0_lr0p0005_bs64,16,0.3295,0.4271,51.9254,40.7599,39.9602,208
hourly,test,lstm_seq48_h64_l2_d0p0_lr0p0005_bs64,17,0.3658,0.5023,51.9203,41.5647,41.2273,208
hourly,test,lstm_seq48_h64_l2_d0p0_lr0p0005_bs64,18,0.4375,0.6411,53.9109,42.1458,41.0055,208
hourly,test,lstm_seq48_h64_l2_d0p0_lr0p0005_bs64,19,0.4371,0.6004,51.4187,37.7424,33.42,208
hourly,test,lstm_seq48_h64_l2_d0p0_lr0p0005_bs64,20,0.4468,0.5841,48.5011,34.8578,30.0963,208
hourly,test,lstm_seq48_h64_l2_d0p0_lr0p0005_bs64,21,0.5228,0.6743,47.2483,38.1432,34.1328,208
hourly,test,lstm_seq48_h64_l2_d0p0_lr0p0005_bs64,22,0.4339,0.5756,41.2482,36.5186,35.6468,208
hourly,test,lstm_seq48_h64_l2_d0p0_lr0p0005_bs64,23,0.3402,0.524,41.9309,38.0852,39.872,208
summary,validation,lstm_seq48_h64_l2_d0p2_lr0p001_bs64,,0.382,0.5405,40.5046,33.1791,30.6362,4976
hourly,validation,lstm_seq48_h64_l2_d0p2_lr0p001_bs64,0,0.2338,0.3324,40.3625,34.5324,36.8156,207
hourly,validation,lstm_seq48_h64_l2_d0p2_lr0p001_bs64,1,0.1825,0.2824,34.5151,30.6689,34.4211,207
hourly,validation,lstm_seq48_h64_l2_d0p2_lr0p001_bs64,2,0.1536,0.2312,31.9972,28.3997,31.9482,207
hourly,validation,lstm_seq48_h64_l2_d0p2_lr0p001_bs64,3,0.137,0.204,32.1226,27.6364,31.5835,207
hourly,validation,lstm_seq48_h64_l2_d0p2_lr0p001_bs64,4,0.132,0.1991,31.6221,28.198,31.9736,207
hourly,validation,lstm_seq48_h64_l2_d0p2_lr0p001_bs64,5,0.1953,0.2353,49.8901,40.0707,44.6301,207
hourly,validation,lstm_seq48_h64_l2_d0p2_lr0p001_bs64,6,0.3365,0.4288,52.1994,38.951,40.6441,207
hourly,validation,lstm_seq48_h64_l2_d0p2_lr0p001_bs64,7,0.5128,0.6252,49.4014,36.531,28.9837,208
hourly,validation,lstm_seq48_h64_l2_d0p2_lr0p001_bs64,8,0.3892,0.5087,34.432,26.8986,23.6707,208
hourly,validation,lstm_seq48_h64_l2_d0p2_lr0p001_bs64,9,0.3485,0.4574,31.0878,24.9943,22.5168,208
hourly,validation,lstm_seq48_h64_l2_d0p2_lr0p001_bs64,10,0.3593,0.4788,29.249,25.5019,23.8167,208
hourly,validation,lstm_seq48_h64_l2_d0p2_lr0p001_bs64,11,0.4276,0.6289,38.5,31.0315,28.4726,208
hourly,validation,lstm_seq48_h64_l2_d0p2_lr0p001_bs64,12,0.418,0.6113,40.6648,31.3907,28.9081,208
hourly,validation,lstm_seq48_h64_l2_d0p2_lr0p001_bs64,13,0.4218,0.5632,45.0946,35.8775,31.2683,208
hourly,validation,lstm_seq48_h64_l2_d0p2_lr0p001_bs64,14,0.4249,0.5975,47.8849,37.206,34.057,208
hourly,validation,lstm_seq48_h64_l2_d0p2_lr0p001_bs64,15,0.4492,0.6392,49.3558,39.6991,37.9863,207
hourly,validation,lstm_seq48_h64_l2_d0p2_lr0p001_bs64,16,0.4046,0.57,44.1253,36.7435,34.5446,207
hourly,validation,lstm_seq48_h64_l2_d0p2_lr0p001_bs64,17,0.4623,0.6521,44.1077,36.202,34.5562,207
hourly,validation,lstm_seq48_h64_l2_d0p2_lr0p001_bs64,18,0.5381,0.6908,46.2042,36.6621,32.7168,207
hourly,validation,lstm_seq48_h64_l2_d0p2_lr0p001_bs64,19,0.632,0.7814,37.4167,33.0757,30.3637,207
hourly,validation,lstm_seq48_h64_l2_d0p2_lr0p001_bs64,20,0.6266,0.775,37.5431,30.7966,27.5468,207
hourly,validation,lstm_seq48_h64_l2_d0p2_lr0p001_bs64,21,0.5214,0.6746,32.4079,28.413,25.4928,207
hourly,validation,lstm_seq48_h64_l2_d0p2_lr0p001_bs64,22,0.4946,0.6166,41.7418,36.5116,32.7184,207
hourly,validation,lstm_seq48_h64_l2_d0p2_lr0p001_bs64,23,0.3649,0.4819,50.2224,40.3836,40.8739,207
summary,test,lstm_seq48_h64_l2_d0p2_lr0p001_bs64,,0.3358,0.4823,43.5637,35.8274,34.9055,4977
hourly,test,lstm_seq48_h64_l2_d0p2_lr0p001_bs64,0,0.2549,0.4029,39.1285,35.0813,38.5095,207
hourly,test,lstm_seq48_h64_l2_d0p2_lr0p001_bs64,1,0.1956,0.3167,30.6821,30.6706,34.3618,207
hourly,test,lstm_seq48_h64_l2_d0p2_lr0p001_bs64,2,0.1749,0.2694,30.1622,30.2247,33.1369,207
hourly,test,lstm_seq48_h64_l2_d0p2_lr0p001_bs64,3,0.1464,0.2333,29.3893,28.0837,31.414,207
hourly,test,lstm_seq48_h64_l2_d0p2_lr0p001_bs64,4,0.1604,0.2461,32.3845,30.9044,34.6418,207
hourly,test,lstm_seq48_h64_l2_d0p2_lr0p001_bs64,5,0.1817,0.2653,42.5442,35.3179,40.5106,207
hourly,test,lstm_seq48_h64_l2_d0p2_lr0p001_bs64,6,0.2576,0.3275,48.8279,36.7968,39.6298,207
hourly,test,lstm_seq48_h64_l2_d0p2_lr0p001_bs64,7,0.4276,0.5479,52.3954,37.523,32.5945,207
hourly,test,lstm_seq48_h64_l2_d0p2_lr0p001_bs64,8,0.322,0.4297,40.1426,29.534,25.7081,207
hourly,test,lstm_seq48_h64_l2_d0p2_lr0p001_bs64,9,0.3501,0.4706,41.6274,32.2108,29.1625,207
hourly,test,lstm_seq48_h64_l2_d0p2_lr0p001_bs64,10,0.3839,0.5259,46.4117,36.4734,33.617,207
hourly,test,lstm_seq48_h64_l2_d0p2_lr0p001_bs64,11,0.3891,0.5318,45.4078,37.5559,34.0408,207
hourly,test,lstm_seq48_h64_l2_d0p2_lr0p001_bs64,12,0.4136,0.5821,45.6851,38.5906,37.0872,207
hourly,test,lstm_seq48_h64_l2_d0p2_lr0p001_bs64,13,0.3533,0.4636,41.2088,35.7557,33.5331,207
hourly,test,lstm_seq48_h64_l2_d0p2_lr0p001_bs64,14,0.3801,0.516,49.6849,40.8165,38.4172,207
hourly,test,lstm_seq48_h64_l2_d0p2_lr0p001_bs64,15,0.3357,0.4666,44.0147,37.1634,36.8564,208
hourly,test,lstm_seq48_h64_l2_d0p2_lr0p001_bs64,16,0.3313,0.4309,50.9558,40.5576,40.1844,208
hourly,test,lstm_seq48_h64_l2_d0p2_lr0p001_bs64,17,0.3735,0.5168,51.4695,41.7546,42.1031,208
hourly,test,lstm_seq48_h64_l2_d0p2_lr0p001_bs64,18,0.4312,0.6351,51.4276,40.3868,40.4095,208
hourly,test,lstm_seq48_h64_l2_d0p2_lr0p001_bs64,19,0.4334,0.6031,50.2233,37.0288,33.1402,208
hourly,test,lstm_seq48_h64_l2_d0p2_lr0p001_bs64,20,0.4464,0.5853,47.5329,34.1508,30.0724,208
hourly,test,lstm_seq48_h64_l2_d0p2_lr0p001_bs64,21,0.5311,0.6932,47.1438,38.1638,34.6708,208
hourly,test,lstm_seq48_h64_l2_d0p2_lr0p001_bs64,22,0.4353,0.5746,42.2769,36.2655,35.7585,208
hourly,test,lstm_seq48_h64_l2_d0p2_lr0p001_bs64,23,0.3459,0.5236,44.6196,38.743,40.5451,208
summary,validation,lstm_seq48_h64_l2_d0p2_lr0p0005_bs64,,0.3704,0.5401,37.0087,31.3771,29.7089,4976
hourly,validation,lstm_seq48_h64_l2_d0p2_lr0p0005_bs64,0,0.2199,0.3307,33.5732,31.3993,34.6317,207
hourly,validation,lstm_seq48_h64_l2_d0p2_lr0p0005_bs64,1,0.1633,0.2807,26.8348,26.0599,30.7956,207
hourly,validation,lstm_seq48_h64_l2_d0p2_lr0p0005_bs64,2,0.1368,0.2373,24.6615,23.8046,28.471,207
hourly,validation,lstm_seq48_h64_l2_d0p2_lr0p0005_bs64,3,0.1239,0.2091,26.1082,23.6068,28.5603,207
hourly,validation,lstm_seq48_h64_l2_d0p2_lr0p0005_bs64,4,0.1204,0.1938,27.0595,25.2595,29.1674,207
hourly,validation,lstm_seq48_h64_l2_d0p2_lr0p0005_bs64,5,0.1748,0.2256,42.2807,35.9305,39.9285,207
hourly,validation,lstm_seq48_h64_l2_d0p2_lr0p0005_bs64,6,0.3166,0.4184,44.6935,37.1223,38.244,207
hourly,validation,lstm_seq48_h64_l2_d0p2_lr0p0005_bs64,7,0.4943,0.635,41.9006,33.9705,27.936,208
hourly,validation,lstm_seq48_h64_l2_d0p2_lr0p0005_bs64,8,0.3797,0.4993,31.7303,25.9908,23.0945,208
hourly,validation,lstm_seq48_h64_l2_d0p2_lr0p0005_bs64,9,0.3355,0.4451,29.8854,24.2383,21.6718,208
hourly,validation,lstm_seq48_h64_l2_d0p2_lr0p0005_bs64,10,0.3522,0.4802,28.0289,25.0283,23.3448,208
hourly,validation,lstm_seq48_h64_l2_d0p2_lr0p0005_bs64,11,0.4163,0.6282,37.5285,30.3964,27.7196,208
hourly,validation,lstm_seq48_h64_l2_d0p2_lr0p0005_bs64,12,0.4216,0.6163,40.2893,31.4363,29.1567,208
hourly,validation,lstm_seq48_h64_l2_d0p2_lr0p0005_bs64,13,0.4156,0.5667,43.16,35.473,30.811,208
hourly,validation,lstm_seq48_h64_l2_d0p2_lr0p0005_bs64,14,0.4275,0.6142,44.9697,36.1763,34.2697,208
hourly,validation,lstm_seq48_h64_l2_d0p2_lr0p0005_bs64,15,0.437,0.6438,45.1824,37.3461,36.9578,207
hourly,validation,lstm_seq48_h64_l2_d0p2_lr0p0005_bs64,16,0.3944,0.5736,40.4854,35.0334,33.6736,207
hourly,validation,lstm_seq48_h64_l2_d0p2_lr0p0005_bs64,17,0.4712,0.6931,41.7861,35.5743,35.2253,207
hourly,validation,lstm_seq48_h64_l2_d0p2_lr0p0005_bs64,18,0.5228,0.6922,42.9544,35.2196,31.787,207
hourly,validation,lstm_seq48_h64_l2_d0p2_lr0p0005_bs64,19,0.6397,0.7936,37.4712,33.375,30.733,207
hourly,validation,lstm_seq48_h64_l2_d0p2_lr0p0005_bs64,20,0.6118,0.7642,37.662,30.0095,26.8982,207
hourly,validation,lstm_seq48_h64_l2_d0p2_lr0p0005_bs64,21,0.5,0.6503,32.3337,27.1424,24.4453,207
hourly,validation,lstm_seq48_h64_l2_d0p2_lr0p0005_bs64,22,0.4583,0.5742,38.9039,33.8509,30.3196,207
hourly,validation,lstm_seq48_h64_l2_d0p2_lr0p0005_bs64,23,0.3551,0.473,48.7186,39.6467,39.7759,207
summary,test,lstm_seq48_h64_l2_d0p2_lr0p0005_bs64,,0.3267,0.4826,39.308,34.5356,33.9633,4977
hourly,test,lstm_seq48_h64_l2_d0p2_lr0p0005_bs64,0,0.2461,0.4167,33.2859,33.9342,37.1824,207
hourly,test,lstm_seq48_h64_l2_d0p2_lr0p0005_bs64,1,0.1933,0.3254,26.869,30.3248,33.9725,207
hourly,test,lstm_seq48_h64_l2_d0p2_lr0p0005_bs64,2,0.1656,0.2799,25.1679,27.8192,31.3835,207
hourly,test,lstm_seq48_h64_l2_d0p2_lr0p0005_bs64,3,0.128,0.2351,22.556,23.2881,27.4836,207
hourly,test,lstm_seq48_h64_l2_d0p2_lr0p0005_bs64,4,0.1503,0.249,28.1848,28.4012,32.4553,207
hourly,test,lstm_seq48_h64_l2_d0p2_lr0p0005_bs64,5,0.1678,0.2652,37.1145,32.0097,37.4189,207
hourly,test,lstm_seq48_h64_l2_d0p2_lr0p0005_bs64,6,0.226,0.3011,39.0844,33.4114,34.762,207
hourly,test,lstm_seq48_h64_l2_d0p2_lr0p0005_bs64,7,0.4351,0.5679,46.9873,37.289,33.1631,207
hourly,test,lstm_seq48_h64_l2_d0p2_lr0p0005_bs64,8,0.3051,0.411,33.9689,27.1131,24.3579,207
hourly,test,lstm_seq48_h64_l2_d0p2_lr0p0005_bs64,9,0.3377,0.4714,39.4578,32.2144,28.1351,207
hourly,test,lstm_seq48_h64_l2_d0p2_lr0p0005_bs64,10,0.3775,0.53,43.7435,35.8419,33.057,207
hourly,test,lstm_seq48_h64_l2_d0p2_lr0p0005_bs64,11,0.3942,0.5438,43.9455,38.7668,34.4859,207
hourly,test,lstm_seq48_h64_l2_d0p2_lr0p0005_bs64,12,0.4105,0.5855,42.2539,38.327,36.8091,207
hourly,test,lstm_seq48_h64_l2_d0p2_lr0p0005_bs64,13,0.3535,0.474,39.2945,36.9436,33.5602,207
hourly,test,lstm_seq48_h64_l2_d0p2_lr0p0005_bs64,14,0.3745,0.5247,44.3762,39.2922,37.8502,207
hourly,test,lstm_seq48_h64_l2_d0p2_lr0p0005_bs64,15,0.3288,0.4845,39.6085,35.9451,36.0971,208
hourly,test,lstm_seq48_h64_l2_d0p2_lr0p0005_bs64,16,0.316,0.4261,46.0803,38.4394,38.3228,208
hourly,test,lstm_seq48_h64_l2_d0p2_lr0p0005_bs64,17,0.3519,0.5021,46.2354,39.3597,39.6611,208
hourly,test,lstm_seq48_h64_l2_d0p2_lr0p0005_bs64,18,0.4191,0.64,46.6266,39.3254,39.2811,208
hourly,test,lstm_seq48_h64_l2_d0p2_lr0p0005_bs64,19,0.4378,0.5991,47.5382,37.075,33.4798,208
hourly,test,lstm_seq48_h64_l2_d0p2_lr0p0005_bs64,20,0.4446,0.5916,44.4529,33.3197,29.9495,208
hourly,test,lstm_seq48_h64_l2_d0p2_lr0p0005_bs64,21,0.5122,0.6694,44.692,36.9457,33.4383,208
hourly,test,lstm_seq48_h64_l2_d0p2_lr0p0005_bs64,22,0.4231,0.5614,40.8417,35.983,34.7582,208
hourly,test,lstm_seq48_h64_l2_d0p2_lr0p0005_bs64,23,0.3386,0.5158,40.8188,37.3744,39.6877,208
summary,validation,lstm_seq48_h64_l2_d0p3_lr0p001_bs64,,0.382,0.5424,39.5284,32.7968,30.6338,4976
hourly,validation,lstm_seq48_h64_l2_d0p3_lr0p001_bs64,0,0.2343,0.3486,36.6945,33.436,36.8839,207
hourly,validation,lstm_seq48_h64_l2_d0p3_lr0p001_bs64,1,0.1814,0.291,32.3639,29.8555,34.2131,207
hourly,validation,lstm_seq48_h64_l2_d0p3_lr0p001_bs64,2,0.1531,0.235,30.4984,27.8476,31.8452,207
hourly,validation,lstm_seq48_h64_l2_d0p3_lr0p001_bs64,3,0.129,0.2024,28.3963,25.4911,29.7448,207
hourly,validation,lstm_seq48_h64_l2_d0p3_lr0p001_bs64,4,0.1192,0.1954,26.6829,25.1149,28.8854,207
hourly,validation,lstm_seq48_h64_l2_d0p3_lr0p001_bs64,5,0.1941,0.2358,49.4515,39.6069,44.3545,207
hourly,validation,lstm_seq48_h64_l2_d0p3_lr0p001_bs64,6,0.3471,0.4457,54.3191,39.3184,41.9246,207
hourly,validation,lstm_seq48_h64_l2_d0p3_lr0p001_bs64,7,0.5129,0.6206,48.298,36.2834,28.991,208
hourly,validation,lstm_seq48_h64_l2_d0p3_lr0p001_bs64,8,0.3866,0.5052,33.653,26.7997,23.5142,208
hourly,validation,lstm_seq48_h64_l2_d0p3_lr0p001_bs64,9,0.3508,0.46,30.6802,24.9792,22.6647,208
hourly,validation,lstm_seq48_h64_l2_d0p3_lr0p001_bs64,10,0.3588,0.4761,29.346,25.4781,23.7827,208
hourly,validation,lstm_seq48_h64_l2_d0p3_lr0p001_bs64,11,0.4394,0.6308,39.1172,31.9361,29.2611,208
hourly,validation,lstm_seq48_h64_l2_d0p3_lr0p001_bs64,12,0.4252,0.6161,40.9537,32.0003,29.4071,208
hourly,validation,lstm_seq48_h64_l2_d0p3_lr0p001_bs64,13,0.4271,0.5668,44.5785,36.0919,31.6606,208
hourly,validation,lstm_seq48_h64_l2_d0p3_lr0p001_bs64,14,0.4231,0.6002,46.509,36.5661,33.9106,208
hourly,validation,lstm_seq48_h64_l2_d0p3_lr0p001_bs64,15,0.442,0.635,47.4726,38.644,37.38,207
hourly,validation,lstm_seq48_h64_l2_d0p3_lr0p001_bs64,16,0.3959,0.5637,42.6144,35.8381,33.7997,207
hourly,validation,lstm_seq48_h64_l2_d0p3_lr0p001_bs64,17,0.464,0.6558,44.4675,36.1345,34.6823,207
hourly,validation,lstm_seq48_h64_l2_d0p3_lr0p001_bs64,18,0.5402,0.6937,46.6005,36.5225,32.8447,207
hourly,validation,lstm_seq48_h64_l2_d0p3_lr0p001_bs64,19,0.6269,0.7804,37.0621,32.6927,30.12,207
hourly,validation,lstm_seq48_h64_l2_d0p3_lr0p001_bs64,20,0.6218,0.769,37.5809,30.7451,27.3378,207
hourly,validation,lstm_seq48_h64_l2_d0p3_lr0p001_bs64,21,0.5269,0.6801,32.614,28.7996,25.7612,207
hourly,validation,lstm_seq48_h64_l2_d0p3_lr0p001_bs64,22,0.4994,0.6256,41.0376,36.892,33.0331,207
hourly,validation,lstm_seq48_h64_l2_d0p3_lr0p001_bs64,23,0.3664,0.4905,47.7052,40.1092,41.0424,207
summary,test,lstm_seq48_h64_l2_d0p3_lr0p001_bs64,,0.3342,0.4822,42.7392,35.3754,34.7453,4977
hourly,test,lstm_seq48_h64_l2_d0p3_lr0p001_bs64,0,0.25,0.4092,36.273,33.8734,37.7754,207
hourly,test,lstm_seq48_h64_l2_d0p3_lr0p001_bs64,1,0.1963,0.3244,29.5339,30.4764,34.4917,207
hourly,test,lstm_seq48_h64_l2_d0p3_lr0p001_bs64,2,0.1701,0.2721,28.1229,28.9449,32.218,207
hourly,test,lstm_seq48_h64_l2_d0p3_lr0p001_bs64,3,0.1348,0.2295,25.354,25.2884,28.9265,207
hourly,test,lstm_seq48_h64_l2_d0p3_lr0p001_bs64,4,0.1535,0.2478,29.217,29.1738,33.1473,207
hourly,test,lstm_seq48_h64_l2_d0p3_lr0p001_bs64,5,0.1786,0.2667,41.2213,34.4738,39.8241,207
hourly,test,lstm_seq48_h64_l2_d0p3_lr0p001_bs64,6,0.2632,0.3352,49.5817,37.201,40.4887,207
hourly,test,lstm_seq48_h64_l2_d0p3_lr0p001_bs64,7,0.4276,0.5421,51.3766,37.4882,32.5907,207
hourly,test,lstm_seq48_h64_l2_d0p3_lr0p001_bs64,8,0.3198,0.4306,39.4196,29.4484,25.5316,207
hourly,test,lstm_seq48_h64_l2_d0p3_lr0p001_bs64,9,0.3535,0.4721,41.7687,32.6647,29.4474,207
hourly,test,lstm_seq48_h64_l2_d0p3_lr0p001_bs64,10,0.3844,0.5296,46.296,35.8618,33.6624,207
hourly,test,lstm_seq48_h64_l2_d0p3_lr0p001_bs64,11,0.3906,0.5318,45.645,37.3829,34.1746,207
hourly,test,lstm_seq48_h64_l2_d0p3_lr0p001_bs64,12,0.4176,0.5847,46.2418,38.9262,37.4428,207
hourly,test,lstm_seq48_h64_l2_d0p3_lr0p001_bs64,13,0.3529,0.462,41.1731,36.0447,33.4977,207
hourly,test,lstm_seq48_h64_l2_d0p3_lr0p001_bs64,14,0.3804,0.5204,48.6532,40.4877,38.441,207
hourly,test,lstm_seq48_h64_l2_d0p3_lr0p001_bs64,15,0.3343,0.4693,43.8107,36.943,36.7057,208
hourly,test,lstm_seq48_h64_l2_d0p3_lr0p001_bs64,16,0.3277,0.4282,50.164,40.0802,39.7528,208
hourly,test,lstm_seq48_h64_l2_d0p3_lr0p001_bs64,17,0.3702,0.5125,51.1644,41.3869,41.7255,208
hourly,test,lstm_seq48_h64_l2_d0p3_lr0p001_bs64,18,0.4281,0.6256,51.5695,40.2318,40.1232,208
hourly,test,lstm_seq48_h64_l2_d0p3_lr0p001_bs64,19,0.4405,0.6065,51.5077,37.4435,33.6808,208
hourly,test,lstm_seq48_h64_l2_d0p3_lr0p001_bs64,20,0.4469,0.5872,47.4179,33.9262,30.1056,208
hourly,test,lstm_seq48_h64_l2_d0p3_lr0p001_bs64,21,0.5277,0.6877,46.8507,37.8507,34.4491,208
hourly,test,lstm_seq48_h64_l2_d0p3_lr0p001_bs64,22,0.4264,0.5663,40.546,35.3582,35.0301,208
hourly,test,lstm_seq48_h64_l2_d0p3_lr0p001_bs64,23,0.3429,0.5263,42.6337,37.9437,40.198,208
summary,validation,lstm_seq48_h64_l2_d0p3_lr0p0005_bs64,,0.3786,0.541,39.2967,32.57,30.3622,4976
hourly,validation,lstm_seq48_h64_l2_d0p3_lr0p0005_bs64,0,0.2293,0.3426,34.8738,32.2267,36.1015,207
hourly,validation,lstm_seq48_h64_l2_d0p3_lr0p0005_bs64,1,0.1735,0.2844,30.2066,28.1079,32.7326,207
hourly,validation,lstm_seq48_h64_l2_d0p3_lr0p0005_bs64,2,0.149,0.2354,28.9395,26.7309,30.9997,207
hourly,validation,lstm_seq48_h64_l2_d0p3_lr0p0005_bs64,3,0.1348,0.2107,30.3601,26.3444,31.0911,207
hourly,validation,lstm_seq48_h64_l2_d0p3_lr0p0005_bs64,4,0.1327,0.1968,31.7282,28.2885,32.1538,207
hourly,validation,lstm_seq48_h64_l2_d0p3_lr0p0005_bs64,5,0.193,0.2353,49.2458,39.5792,44.0971,207
hourly,validation,lstm_seq48_h64_l2_d0p3_lr0p0005_bs64,6,0.3323,0.4307,50.6467,38.5864,40.1389,207
hourly,validation,lstm_seq48_h64_l2_d0p3_lr0p0005_bs64,7,0.5126,0.6318,45.7552,35.6175,28.9689,208
hourly,validation,lstm_seq48_h64_l2_d0p3_lr0p0005_bs64,8,0.3901,0.5092,33.7207,26.9218,23.7247,208
hourly,validation,lstm_seq48_h64_l2_d0p3_lr0p0005_bs64,9,0.3533,0.4633,31.214,25.3603,22.8219,208
hourly,validation,lstm_seq48_h64_l2_d0p3_lr0p0005_bs64,10,0.3571,0.4795,28.7319,25.4813,23.671,208
hourly,validation,lstm_seq48_h64_l2_d0p3_lr0p0005_bs64,11,0.4288,0.6301,38.7679,31.3502,28.5534,208
hourly,validation,lstm_seq48_h64_l2_d0p3_lr0p0005_bs64,12,0.4257,0.6147,41.5965,32.1295,29.4366,208
hourly,validation,lstm_seq48_h64_l2_d0p3_lr0p0005_bs64,13,0.4218,0.5658,44.9721,35.8972,31.2708,208
hourly,validation,lstm_seq48_h64_l2_d0p3_lr0p0005_bs64,14,0.4259,0.6043,46.9337,36.5887,34.1404,208
hourly,validation,lstm_seq48_h64_l2_d0p3_lr0p0005_bs64,15,0.4379,0.6375,47.4073,37.8478,37.035,207
hourly,validation,lstm_seq48_h64_l2_d0p3_lr0p0005_bs64,16,0.3973,0.566,43.4944,36.139,33.9181,207
hourly,validation,lstm_seq48_h64_l2_d0p3_lr0p0005_bs64,17,0.4667,0.6753,43.904,36.1782,34.8895,207
hourly,validation,lstm_seq48_h64_l2_d0p3_lr0p0005_bs64,18,0.5282,0.6939,44.6153,35.5796,32.112,207
hourly,validation,lstm_seq48_h64_l2_d0p3_lr0p0005_bs64,19,0.6254,0.7744,37.5385,32.8142,30.0484,207
hourly,validation,lstm_seq48_h64_l2_d0p3_lr0p0005_bs64,20,0.6065,0.7578,38.3907,30.3066,26.6627,207
hourly,validation,lstm_seq48_h64_l2_d0p3_lr0p0005_bs64,21,0.5251,0.6707,33.7193,28.7925,25.6762,207
hourly,validation,lstm_seq48_h64_l2_d0p3_lr0p0005_bs64,22,0.4814,0.6062,39.5341,35.4371,31.8468,207
hourly,validation,lstm_seq48_h64_l2_d0p3_lr0p0005_bs64,23,0.3558,0.4774,46.8371,39.4289,39.851,207
summary,test,lstm_seq48_h64_l2_d0p3_lr0p0005_bs64,,0.3312,0.4801,41.8823,35.1611,34.4279,4977
hourly,test,lstm_seq48_h64_l2_d0p3_lr0p0005_bs64,0,0.244,0.4129,33.3493,32.4599,36.8685,207
hourly,test,lstm_seq48_h64_l2_d0p3_lr0p0005_bs64,1,0.1936,0.326,28.0082,29.9494,34.0226,207
hourly,test,lstm_seq48_h64_l2_d0p3_lr0p0005_bs64,2,0.1663,0.2767,26.4149,27.7437,31.5106,207
hourly,test,lstm_seq48_h64_l2_d0p3_lr0p0005_bs64,3,0.1394,0.2348,26.7137,26.0045,29.9288,207
hourly,test,lstm_seq48_h64_l2_d0p3_lr0p0005_bs64,4,0.1617,0.2466,32.9274,31.2693,34.9288,207
hourly,test,lstm_seq48_h64_l2_d0p3_lr0p0005_bs64,5,0.1846,0.2673,43.4414,35.9266,41.1654,207
hourly,test,lstm_seq48_h64_l2_d0p3_lr0p0005_bs64,6,0.2412,0.3063,44.1071,35.4295,37.0953,207
hourly,test,lstm_seq48_h64_l2_d0p3_lr0p0005_bs64,7,0.4354,0.556,49.5586,37.8171,33.1883,207
hourly,test,lstm_seq48_h64_l2_d0p3_lr0p0005_bs64,8,0.3057,0.4118,36.2437,27.4931,24.4027,207
hourly,test,lstm_seq48_h64_l2_d0p3_lr0p0005_bs64,9,0.3547,0.4786,40.8597,32.6241,29.5452,207
hourly,test,lstm_seq48_h64_l2_d0p3_lr0p0005_bs64,10,0.385,0.5321,45.1579,36.0521,33.7209,207
hourly,test,lstm_seq48_h64_l2_d0p3_lr0p0005_bs64,11,0.3971,0.5425,44.6848,37.9112,34.7416,207
hourly,test,lstm_seq48_h64_l2_d0p3_lr0p0005_bs64,12,0.4148,0.5793,44.8456,38.9133,37.189,207
hourly,test,lstm_seq48_h64_l2_d0p3_lr0p0005_bs64,13,0.3521,0.4639,40.7333,36.3194,33.4258,207
hourly,test,lstm_seq48_h64_l2_d0p3_lr0p0005_bs64,14,0.3735,0.5169,47.002,39.6168,37.7469,207
hourly,test,lstm_seq48_h64_l2_d0p3_lr0p0005_bs64,15,0.3344,0.4779,43.3653,36.8314,36.7111,208
hourly,test,lstm_seq48_h64_l2_d0p3_lr0p0005_bs64,16,0.3254,0.425,50.5218,39.9103,39.4676,208
hourly,test,lstm_seq48_h64_l2_d0p3_lr0p0005_bs64,17,0.3611,0.5009,50.2833,41.0215,40.6995,208
hourly,test,lstm_seq48_h64_l2_d0p3_lr0p0005_bs64,18,0.4222,0.6309,49.8943,39.9143,39.5729,208
hourly,test,lstm_seq48_h64_l2_d0p3_lr0p0005_bs64,19,0.4331,0.5991,50.4803,37.1641,33.1143,208
hourly,test,lstm_seq48_h64_l2_d0p3_lr0p0005_bs64,20,0.4398,0.5804,47.0429,33.5814,29.6267,208
hourly,test,lstm_seq48_h64_l2_d0p3_lr0p0005_bs64,21,0.5208,0.6751,47.0218,37.2649,34.003,208
hourly,test,lstm_seq48_h64_l2_d0p3_lr0p0005_bs64,22,0.4193,0.5565,40.6337,34.9069,34.445,208
hourly,test,lstm_seq48_h64_l2_d0p3_lr0p0005_bs64,23,0.3395,0.5209,41.6728,37.6363,39.7936,208
summary,validation,lstm_seq48_h128_l1_d0p0_lr0p001_bs64,,0.3789,0.5428,40.4689,32.5846,30.3906,4976
hourly,validation,lstm_seq48_h128_l1_d0p0_lr0p001_bs64,0,0.2237,0.3274,38.3235,33.8299,35.2253,207
hourly,validation,lstm_seq48_h128_l1_d0p0_lr0p001_bs64,1,0.17,0.2864,29.9485,28.5736,32.0695,207
hourly,validation,lstm_seq48_h128_l1_d0p0_lr0p001_bs64,2,0.1447,0.2414,28.0475,26.0798,30.0973,207
hourly,validation,lstm_seq48_h128_l1_d0p0_lr0p001_bs64,3,0.1314,0.2152,29.4776,25.0691,30.2995,207
hourly,validation,lstm_seq48_h128_l1_d0p0_lr0p001_bs64,4,0.1212,0.2019,27.0203,24.9708,29.3659,207
hourly,validation,lstm_seq48_h128_l1_d0p0_lr0p001_bs64,5,0.2014,0.2511,51.3038,40.1629,46.0118,207
hourly,validation,lstm_seq48_h128_l1_d0p0_lr0p001_bs64,6,0.355,0.4529,57.246,39.432,42.8839,207
hourly,validation,lstm_seq48_h128_l1_d0p0_lr0p001_bs64,7,0.4975,0.6215,50.2031,34.9458,28.1206,208
hourly,validation,lstm_seq48_h128_l1_d0p0_lr0p001_bs64,8,0.3757,0.494,33.6873,26.2343,22.8482,208
hourly,validation,lstm_seq48_h128_l1_d0p0_lr0p001_bs64,9,0.3429,0.4578,31.2534,24.7318,22.1518,208
hourly,validation,lstm_seq48_h128_l1_d0p0_lr0p001_bs64,10,0.3784,0.5014,30.1194,27.2721,25.0768,208
hourly,validation,lstm_seq48_h128_l1_d0p0_lr0p001_bs64,11,0.4392,0.6381,38.8024,31.815,29.244,208
hourly,validation,lstm_seq48_h128_l1_d0p0_lr0p001_bs64,12,0.4353,0.624,42.5472,32.6352,30.1062,208
hourly,validation,lstm_seq48_h128_l1_d0p0_lr0p001_bs64,13,0.428,0.5754,47.4778,36.7896,31.7278,208
hourly,validation,lstm_seq48_h128_l1_d0p0_lr0p001_bs64,14,0.4289,0.6051,50.4586,37.0177,34.3775,208
hourly,validation,lstm_seq48_h128_l1_d0p0_lr0p001_bs64,15,0.4417,0.6425,48.8407,38.6128,37.3576,207
hourly,validation,lstm_seq48_h128_l1_d0p0_lr0p001_bs64,16,0.3861,0.5554,40.7849,35.3751,32.9669,207
hourly,validation,lstm_seq48_h128_l1_d0p0_lr0p001_bs64,17,0.4706,0.6838,42.452,36.293,35.1775,207
hourly,validation,lstm_seq48_h128_l1_d0p0_lr0p001_bs64,18,0.5267,0.6974,45.5313,35.9135,32.0193,207
hourly,validation,lstm_seq48_h128_l1_d0p0_lr0p001_bs64,19,0.6353,0.7809,38.322,33.0727,30.5194,207
hourly,validation,lstm_seq48_h128_l1_d0p0_lr0p001_bs64,20,0.6194,0.7715,39.5058,30.8676,27.2305,207
hourly,validation,lstm_seq48_h128_l1_d0p0_lr0p001_bs64,21,0.5068,0.6492,34.667,27.9023,24.7812,207
hourly,validation,lstm_seq48_h128_l1_d0p0_lr0p001_bs64,22,0.4682,0.5945,42.3873,34.2851,30.9692,207
hourly,validation,lstm_seq48_h128_l1_d0p0_lr0p001_bs64,23,0.3647,0.4776,52.843,40.1924,40.8529,207
summary,test,lstm_seq48_h128_l1_d0p0_lr0p001_bs64,,0.3394,0.4856,44.8846,36.3388,35.2825,4977
hourly,test,lstm_seq48_h128_l1_d0p0_lr0p001_bs64,0,0.2452,0.409,35.1741,33.4727,37.0445,207
hourly,test,lstm_seq48_h128_l1_d0p0_lr0p001_bs64,1,0.1989,0.3228,29.8815,32.5564,34.9555,207
hourly,test,lstm_seq48_h128_l1_d0p0_lr0p001_bs64,2,0.1721,0.2815,27.6044,29.6574,32.6036,207
hourly,test,lstm_seq48_h128_l1_d0p0_lr0p001_bs64,3,0.1467,0.2528,27.5248,26.7197,31.4927,207
hourly,test,lstm_seq48_h128_l1_d0p0_lr0p001_bs64,4,0.1523,0.2573,28.4925,28.4883,32.9063,207
hourly,test,lstm_seq48_h128_l1_d0p0_lr0p001_bs64,5,0.1867,0.2749,43.1928,35.5033,41.6189,207
hourly,test,lstm_seq48_h128_l1_d0p0_lr0p001_bs64,6,0.2972,0.3613,57.8852,41.4191,45.7133,207
hourly,test,lstm_seq48_h128_l1_d0p0_lr0p001_bs64,7,0.4559,0.5694,62.1299,40.8137,34.7536,207
hourly,test,lstm_seq48_h128_l1_d0p0_lr0p001_bs64,8,0.3337,0.4411,43.9472,30.5746,26.6363,207
hourly,test,lstm_seq48_h128_l1_d0p0_lr0p001_bs64,9,0.3608,0.4791,45.0649,34.1199,30.0527,207
hourly,test,lstm_seq48_h128_l1_d0p0_lr0p001_bs64,10,0.3938,0.5287,48.3641,38.4085,34.4843,207
hourly,test,lstm_seq48_h128_l1_d0p0_lr0p001_bs64,11,0.3941,0.542,44.419,37.9905,34.4777,207
hourly,test,lstm_seq48_h128_l1_d0p0_lr0p001_bs64,12,0.4238,0.5901,46.9272,40.5353,37.9989,207
hourly,test,lstm_seq48_h128_l1_d0p0_lr0p001_bs64,13,0.3605,0.4735,42.631,36.6161,34.2235,207
hourly,test,lstm_seq48_h128_l1_d0p0_lr0p001_bs64,14,0.3795,0.5139,50.7974,40.5093,38.3477,207
hourly,test,lstm_seq48_h128_l1_d0p0_lr0p001_bs64,15,0.3359,0.4712,44.2706,37.1158,36.8743,208
hourly,test,lstm_seq48_h128_l1_d0p0_lr0p001_bs64,16,0.3202,0.4237,48.8589,39.2607,38.8365,208
hourly,test,lstm_seq48_h128_l1_d0p0_lr0p001_bs64,17,0.3591,0.5028,47.9731,40.2578,40.4731,208
hourly,test,lstm_seq48_h128_l1_d0p0_lr0p001_bs64,18,0.426,0.6273,51.8769,40.6717,39.9264,208
hourly,test,lstm_seq48_h128_l1_d0p0_lr0p001_bs64,19,0.4434,0.6072,54.4505,38.097,33.9025,208
hourly,test,lstm_seq48_h128_l1_d0p0_lr0p001_bs64,20,0.445,0.5897,51.0596,34.4563,29.9798,208
hourly,test,lstm_seq48_h128_l1_d0p0_lr0p001_bs64,21,0.5276,0.6752,51.9635,38.5607,34.4427,208
hourly,test,lstm_seq48_h128_l1_d0p0_lr0p001_bs64,22,0.4353,0.5741,45.7011,36.7086,35.76,208
hourly,test,lstm_seq48_h128_l1_d0p0_lr0p001_bs64,23,0.3486,0.5117,46.8528,39.5337,40.867,208
summary,validation,lstm_seq48_h128_l1_d0p0_lr0p0005_bs64,,0.3748,0.5419,39.0459,31.948,30.0567,4976
hourly,validation,lstm_seq48_h128_l1_d0p0_lr0p0005_bs64,0,0.2247,0.3379,38.0312,32.5856,35.3792,207
hourly,validation,lstm_seq48_h128_l1_d0p0_lr0p0005_bs64,1,0.1681,0.2854,29.6056,27.0617,31.715,207
hourly,validation,lstm_seq48_h128_l1_d0p0_lr0p0005_bs64,2,0.1419,0.2412,27.6029,24.7109,29.5147,207
hourly,validation,lstm_seq48_h128_l1_d0p0_lr0p0005_bs64,3,0.1327,0.217,30.1282,25.0222,30.606,207
hourly,validation,lstm_seq48_h128_l1_d0p0_lr0p0005_bs64,4,0.1302,0.2041,30.7322,27.1985,31.5384,207
hourly,validation,lstm_seq48_h128_l1_d0p0_lr0p0005_bs64,5,0.1893,0.2393,47.5114,38.277,43.2601,207
hourly,validation,lstm_seq48_h128_l1_d0p0_lr0p0005_bs64,6,0.3188,0.4069,48.8946,37.1628,38.5119,207
hourly,validation,lstm_seq48_h128_l1_d0p0_lr0p0005_bs64,7,0.4971,0.6275,46.2087,34.6826,28.095,208
hourly,validation,lstm_seq48_h128_l1_d0p0_lr0p0005_bs64,8,0.3852,0.506,32.4582,26.2811,23.4251,208
hourly,validation,lstm_seq48_h128_l1_d0p0_lr0p0005_bs64,9,0.3299,0.4429,30.4596,23.6213,21.3122,208
hourly,validation,lstm_seq48_h128_l1_d0p0_lr0p0005_bs64,10,0.3624,0.4898,30.0389,25.6199,24.019,208
hourly,validation,lstm_seq48_h128_l1_d0p0_lr0p0005_bs64,11,0.4139,0.6253,39.1034,30.2745,27.557,208
hourly,validation,lstm_seq48_h128_l1_d0p0_lr0p0005_bs64,12,0.4312,0.6157,41.6898,32.107,29.8215,208
hourly,validation,lstm_seq48_h128_l1_d0p0_lr0p0005_bs64,13,0.4257,0.5735,44.896,36.4927,31.5552,208
hourly,validation,lstm_seq48_h128_l1_d0p0_lr0p0005_bs64,14,0.4221,0.61,46.4437,36.1562,33.8299,208
hourly,validation,lstm_seq48_h128_l1_d0p0_lr0p0005_bs64,15,0.4349,0.6435,45.4802,37.5273,36.7789,207
hourly,validation,lstm_seq48_h128_l1_d0p0_lr0p0005_bs64,16,0.385,0.5619,38.9066,34.784,32.8727,207
hourly,validation,lstm_seq48_h128_l1_d0p0_lr0p0005_bs64,17,0.4625,0.6841,40.2154,35.333,34.5755,207
hourly,validation,lstm_seq48_h128_l1_d0p0_lr0p0005_bs64,18,0.5277,0.6992,42.7402,35.4919,32.0816,207
hourly,validation,lstm_seq48_h128_l1_d0p0_lr0p0005_bs64,19,0.6408,0.7959,37.6333,33.317,30.7846,207
hourly,validation,lstm_seq48_h128_l1_d0p0_lr0p0005_bs64,20,0.6307,0.7815,39.2213,31.0469,27.728,207
hourly,validation,lstm_seq48_h128_l1_d0p0_lr0p0005_bs64,21,0.516,0.6533,34.3808,27.8304,25.23,207
hourly,validation,lstm_seq48_h128_l1_d0p0_lr0p0005_bs64,22,0.4584,0.5841,41.8861,33.813,30.327,207
hourly,validation,lstm_seq48_h128_l1_d0p0_lr0p0005_bs64,23,0.3638,0.4742,52.838,40.4053,40.7476,207
summary,test,lstm_seq48_h128_l1_d0p0_lr0p0005_bs64,,0.3329,0.4847,42.2378,35.4,34.6121,4977
hourly,test,lstm_seq48_h128_l1_d0p0_lr0p0005_bs64,0,0.2446,0.4067,34.7075,33.4487,36.9613,207
hourly,test,lstm_seq48_h128_l1_d0p0_lr0p0005_bs64,1,0.1921,0.3177,28.3822,30.0793,33.7491,207
hourly,test,lstm_seq48_h128_l1_d0p0_lr0p0005_bs64,2,0.172,0.2815,28.3218,29.2996,32.5896,207
hourly,test,lstm_seq48_h128_l1_d0p0_lr0p0005_bs64,3,0.1471,0.2544,28.0027,26.6193,31.562,207
hourly,test,lstm_seq48_h128_l1_d0p0_lr0p0005_bs64,4,0.1594,0.2565,31.616,30.2389,34.4252,207
hourly,test,lstm_seq48_h128_l1_d0p0_lr0p0005_bs64,5,0.1788,0.2722,41.3602,33.9544,39.8722,207
hourly,test,lstm_seq48_h128_l1_d0p0_lr0p0005_bs64,6,0.2462,0.311,47.6019,36.1671,37.8666,207
hourly,test,lstm_seq48_h128_l1_d0p0_lr0p0005_bs64,7,0.4432,0.5634,54.9338,39.5137,33.7872,207
hourly,test,lstm_seq48_h128_l1_d0p0_lr0p0005_bs64,8,0.3276,0.4373,39.0916,28.9134,26.1558,207
hourly,test,lstm_seq48_h128_l1_d0p0_lr0p0005_bs64,9,0.3442,0.4701,43.0301,32.4481,28.6746,207
hourly,test,lstm_seq48_h128_l1_d0p0_lr0p0005_bs64,10,0.3865,0.5235,50.1062,37.8601,33.8514,207
hourly,test,lstm_seq48_h128_l1_d0p0_lr0p0005_bs64,11,0.378,0.5276,44.9262,36.54,33.0738,207
hourly,test,lstm_seq48_h128_l1_d0p0_lr0p0005_bs64,12,0.4155,0.5828,45.5268,39.0617,37.2538,207
hourly,test,lstm_seq48_h128_l1_d0p0_lr0p0005_bs64,13,0.3513,0.4709,40.0191,35.7464,33.3445,207
hourly,test,lstm_seq48_h128_l1_d0p0_lr0p0005_bs64,14,0.3821,0.5231,48.3059,40.4553,38.6183,207
hourly,test,lstm_seq48_h128_l1_d0p0_lr0p0005_bs64,15,0.3299,0.4705,40.8818,35.8918,36.2129,208
hourly,test,lstm_seq48_h128_l1_d0p0_lr0p0005_bs64,16,0.3099,0.4157,46.757,38.5354,37.5921,208
hourly,test,lstm_seq48_h128_l1_d0p0_lr0p0005_bs64,17,0.3519,0.5023,45.2704,39.455,39.6668,208
hourly,test,lstm_seq48_h128_l1_d0p0_lr0p0005_bs64,18,0.4206,0.6415,46.7253,39.6198,39.4164,208
hourly,test,lstm_seq48_h128_l1_d0p0_lr0p0005_bs64,19,0.4465,0.6203,47.6958,37.8336,34.1404,208
hourly,test,lstm_seq48_h128_l1_d0p0_lr0p0005_bs64,20,0.4513,0.5925,46.7281,34.5281,30.4015,208
hourly,test,lstm_seq48_h128_l1_d0p0_lr0p0005_bs64,21,0.5334,0.6944,47.8148,38.6425,34.8212,208
hourly,test,lstm_seq48_h128_l1_d0p0_lr0p0005_bs64,22,0.4345,0.5746,42.8755,36.5011,35.6941,208
hourly,test,lstm_seq48_h128_l1_d0p0_lr0p0005_bs64,23,0.3406,0.5146,42.8944,38.1482,39.9258,208
summary,validation,lstm_seq48_h128_l2_d0p0_lr0p001_bs64,,0.3744,0.5404,38.9336,32.2139,30.0256,4976
hourly,validation,lstm_seq48_h128_l2_d0p0_lr0p001_bs64,0,0.2256,0.3328,39.8039,32.7997,35.5149,207
hourly,validation,lstm_seq48_h128_l2_d0p0_lr0p001_bs64,1,0.1956,0.2918,40.3358,33.2025,36.899,207
hourly,validation,lstm_seq48_h128_l2_d0p0_lr0p001_bs64,2,0.165,0.2424,36.0079,30.1202,34.3385,207
hourly,validation,lstm_seq48_h128_l2_d0p0_lr0p001_bs64,3,0.1509,0.2145,36.7557,30.0455,34.7944,207
hourly,validation,lstm_seq48_h128_l2_d0p0_lr0p001_bs64,4,0.1371,0.2001,33.235,29.096,33.2185,207
hourly,validation,lstm_seq48_h128_l2_d0p0_lr0p001_bs64,5,0.139,0.216,28.417,28.1765,31.7683,207
hourly,validation,lstm_seq48_h128_l2_d0p0_lr0p001_bs64,6,0.3103,0.424,37.6643,37.2417,37.4801,207
hourly,validation,lstm_seq48_h128_l2_d0p0_lr0p001_bs64,7,0.4872,0.6426,40.3619,32.5859,27.538,208
hourly,validation,lstm_seq48_h128_l2_d0p0_lr0p001_bs64,8,0.3844,0.5016,31.7793,25.7423,23.3803,208
hourly,validation,lstm_seq48_h128_l2_d0p0_lr0p001_bs64,9,0.334,0.4487,30.8853,23.8517,21.5803,208
hourly,validation,lstm_seq48_h128_l2_d0p0_lr0p001_bs64,10,0.3598,0.4911,29.1864,25.4507,23.8477,208
hourly,validation,lstm_seq48_h128_l2_d0p0_lr0p001_bs64,11,0.4092,0.6208,37.3474,29.7759,27.2465,208
hourly,validation,lstm_seq48_h128_l2_d0p0_lr0p001_bs64,12,0.419,0.6164,40.4629,31.0848,28.9794,208
hourly,validation,lstm_seq48_h128_l2_d0p0_lr0p001_bs64,13,0.4203,0.5647,45.217,35.4214,31.1584,208
hourly,validation,lstm_seq48_h128_l2_d0p0_lr0p001_bs64,14,0.4223,0.6032,48.5116,36.6772,33.851,208
hourly,validation,lstm_seq48_h128_l2_d0p0_lr0p001_bs64,15,0.4429,0.6437,48.3656,38.7695,37.4556,207
hourly,validation,lstm_seq48_h128_l2_d0p0_lr0p001_bs64,16,0.3805,0.5531,39.3053,34.5196,32.4836,207
hourly,validation,lstm_seq48_h128_l2_d0p0_lr0p001_bs64,17,0.46,0.6798,39.5171,34.9656,34.3837,207
hourly,validation,lstm_seq48_h128_l2_d0p0_lr0p001_bs64,18,0.5217,0.6804,42.7649,35.625,31.717,207
hourly,validation,lstm_seq48_h128_l2_d0p0_lr0p001_bs64,19,0.6343,0.7939,36.7602,32.8388,30.4714,207
hourly,validation,lstm_seq48_h128_l2_d0p0_lr0p001_bs64,20,0.6166,0.7743,38.4487,30.4951,27.1075,207
hourly,validation,lstm_seq48_h128_l2_d0p0_lr0p001_bs64,21,0.5196,0.6562,34.382,28.2049,25.4039,207
hourly,validation,lstm_seq48_h128_l2_d0p0_lr0p001_bs64,22,0.4695,0.5874,43.9625,34.731,31.0575,207
hourly,validation,lstm_seq48_h128_l2_d0p0_lr0p001_bs64,23,0.379,0.4839,54.9653,41.7954,42.4451,207
summary,test,lstm_seq48_h128_l2_d0p0_lr0p001_bs64,,0.3305,0.4791,42.5837,35.1272,34.3569,4977
hourly,test,lstm_seq48_h128_l2_d0p0_lr0p001_bs64,0,0.248,0.4031,37.9997,33.4021,37.4703,207
hourly,test,lstm_seq48_h128_l2_d0p0_lr0p001_bs64,1,0.2001,0.3013,35.0646,32.0339,35.1651,207
hourly,test,lstm_seq48_h128_l2_d0p0_lr0p001_bs64,2,0.179,0.2646,33.4907,31.2353,33.9159,207
hourly,test,lstm_seq48_h128_l2_d0p0_lr0p001_bs64,3,0.1594,0.2421,33.807,30.1817,34.2193,207
hourly,test,lstm_seq48_h128_l2_d0p0_lr0p001_bs64,4,0.1577,0.2425,32.8982,30.2082,34.0626,207
hourly,test,lstm_seq48_h128_l2_d0p0_lr0p001_bs64,5,0.1456,0.2583,28.2942,27.3148,32.4644,207
hourly,test,lstm_seq48_h128_l2_d0p0_lr0p001_bs64,6,0.2141,0.2943,34.8239,32.7215,32.9344,207
hourly,test,lstm_seq48_h128_l2_d0p0_lr0p001_bs64,7,0.4336,0.573,47.0231,36.9425,33.0484,207
hourly,test,lstm_seq48_h128_l2_d0p0_lr0p001_bs64,8,0.3186,0.4312,37.0312,27.8173,25.4314,207
hourly,test,lstm_seq48_h128_l2_d0p0_lr0p001_bs64,9,0.3365,0.4671,41.1517,31.0233,28.035,207
hourly,test,lstm_seq48_h128_l2_d0p0_lr0p001_bs64,10,0.3831,0.5218,47.6553,36.3044,33.5523,207
hourly,test,lstm_seq48_h128_l2_d0p0_lr0p001_bs64,11,0.3802,0.5342,44.3586,36.3103,33.2638,207
hourly,test,lstm_seq48_h128_l2_d0p0_lr0p001_bs64,12,0.404,0.5705,44.6342,37.7394,36.2268,207
hourly,test,lstm_seq48_h128_l2_d0p0_lr0p001_bs64,13,0.3557,0.4711,42.7467,36.3196,33.7658,207
hourly,test,lstm_seq48_h128_l2_d0p0_lr0p001_bs64,14,0.3807,0.5149,51.7666,40.9906,38.4773,207
hourly,test,lstm_seq48_h128_l2_d0p0_lr0p001_bs64,15,0.3382,0.4656,45.4115,37.9156,37.1301,208
hourly,test,lstm_seq48_h128_l2_d0p0_lr0p001_bs64,16,0.3235,0.4298,49.0202,39.5955,39.2415,208
hourly,test,lstm_seq48_h128_l2_d0p0_lr0p001_bs64,17,0.3628,0.507,48.0542,40.6696,40.8906,208
hourly,test,lstm_seq48_h128_l2_d0p0_lr0p001_bs64,18,0.4165,0.6286,47.7036,39.7157,39.0325,208
hourly,test,lstm_seq48_h128_l2_d0p0_lr0p001_bs64,19,0.4349,0.6071,48.8257,36.7483,33.2574,208
hourly,test,lstm_seq48_h128_l2_d0p0_lr0p001_bs64,20,0.4478,0.5964,48.5107,34.1939,30.1665,208
hourly,test,lstm_seq48_h128_l2_d0p0_lr0p001_bs64,21,0.5209,0.6704,48.1689,37.0691,34.0064,208
hourly,test,lstm_seq48_h128_l2_d0p0_lr0p001_bs64,22,0.4336,0.5644,45.6645,36.6621,35.622,208
hourly,test,lstm_seq48_h128_l2_d0p0_lr0p001_bs64,23,0.3535,0.5116,47.6817,39.8108,41.4316,208
summary,validation,lstm_seq48_h128_l2_d0p0_lr0p0005_bs64,,0.3723,0.5402,38.244,31.848,29.8597,4976
hourly,validation,lstm_seq48_h128_l2_d0p0_lr0p0005_bs64,0,0.2232,0.3236,38.7582,32.4762,35.1418,207
hourly,validation,lstm_seq48_h128_l2_d0p0_lr0p0005_bs64,1,0.1853,0.2932,36.3892,30.7019,34.9528,207
hourly,validation,lstm_seq48_h128_l2_d0p0_lr0p0005_bs64,2,0.1555,0.235,32.5334,28.4493,32.3545,207
hourly,validation,lstm_seq48_h128_l2_d0p0_lr0p0005_bs64,3,0.1392,0.2106,32.3289,27.1709,32.0972,207
hourly,validation,lstm_seq48_h128_l2_d0p0_lr0p0005_bs64,4,0.1281,0.2,29.7741,26.822,31.0351,207
hourly,validation,lstm_seq48_h128_l2_d0p0_lr0p0005_bs64,5,0.1448,0.219,30.6824,29.3564,33.0802,207
hourly,validation,lstm_seq48_h128_l2_d0p0_lr0p0005_bs64,6,0.3114,0.4176,39.4148,37.1335,37.6114,207
hourly,validation,lstm_seq48_h128_l2_d0p0_lr0p0005_bs64,7,0.5034,0.6526,41.8629,33.7251,28.45,208
hourly,validation,lstm_seq48_h128_l2_d0p0_lr0p0005_bs64,8,0.3802,0.5012,31.2328,25.6408,23.1244,208
hourly,validation,lstm_seq48_h128_l2_d0p0_lr0p0005_bs64,9,0.3344,0.4497,30.8562,23.8719,21.605,208
hourly,validation,lstm_seq48_h128_l2_d0p0_lr0p0005_bs64,10,0.3527,0.4867,29.1034,24.9571,23.3753,208
hourly,validation,lstm_seq48_h128_l2_d0p0_lr0p0005_bs64,11,0.4109,0.622,38.5003,30.0746,27.3571,208
hourly,validation,lstm_seq48_h128_l2_d0p0_lr0p0005_bs64,12,0.4242,0.617,41.8375,31.7101,29.3392,208
hourly,validation,lstm_seq48_h128_l2_d0p0_lr0p0005_bs64,13,0.4238,0.5684,46.0046,36.2175,31.4212,208
hourly,validation,lstm_seq48_h128_l2_d0p0_lr0p0005_bs64,14,0.425,0.6072,47.8486,36.8422,34.0641,208
hourly,validation,lstm_seq48_h128_l2_d0p0_lr0p0005_bs64,15,0.4409,0.6455,46.3366,38.205,37.2852,207
hourly,validation,lstm_seq48_h128_l2_d0p0_lr0p0005_bs64,16,0.3803,0.5588,37.5542,33.912,32.4671,207
hourly,validation,lstm_seq48_h128_l2_d0p0_lr0p0005_bs64,17,0.4624,0.6814,38.5045,34.9132,34.5671,207
hourly,validation,lstm_seq48_h128_l2_d0p0_lr0p0005_bs64,18,0.5177,0.6837,41.9661,35.5855,31.4766,207
hourly,validation,lstm_seq48_h128_l2_d0p0_lr0p0005_bs64,19,0.6285,0.7887,36.6375,32.8418,30.197,207
hourly,validation,lstm_seq48_h128_l2_d0p0_lr0p0005_bs64,20,0.6158,0.7743,38.3405,30.5066,27.0738,207
hourly,validation,lstm_seq48_h128_l2_d0p0_lr0p0005_bs64,21,0.5079,0.6497,33.9211,27.6955,24.832,207
hourly,validation,lstm_seq48_h128_l2_d0p0_lr0p0005_bs64,22,0.4628,0.5799,42.7467,34.13,30.6171,207
hourly,validation,lstm_seq48_h128_l2_d0p0_lr0p0005_bs64,23,0.3755,0.4827,54.7147,41.4694,42.0628,207
summary,test,lstm_seq48_h128_l2_d0p0_lr0p0005_bs64,,0.3314,0.4805,42.9065,35.3242,34.4504,4977
hourly,test,lstm_seq48_h128_l2_d0p0_lr0p0005_bs64,0,0.2465,0.3964,37.6457,33.4874,37.2363,207
hourly,test,lstm_seq48_h128_l2_d0p0_lr0p0005_bs64,1,0.1925,0.3033,32.1075,30.4864,33.8214,207
hourly,test,lstm_seq48_h128_l2_d0p0_lr0p0005_bs64,2,0.1759,0.2666,31.9366,30.4014,33.3293,207
hourly,test,lstm_seq48_h128_l2_d0p0_lr0p0005_bs64,3,0.1562,0.2446,32.4447,29.3762,33.5331,207
hourly,test,lstm_seq48_h128_l2_d0p0_lr0p0005_bs64,4,0.1572,0.2439,32.2218,30.1065,33.9617,207
hourly,test,lstm_seq48_h128_l2_d0p0_lr0p0005_bs64,5,0.1552,0.2579,32.6255,29.6062,34.5964,207
hourly,test,lstm_seq48_h128_l2_d0p0_lr0p0005_bs64,6,0.2148,0.2888,37.8567,32.7379,33.039,207
hourly,test,lstm_seq48_h128_l2_d0p0_lr0p0005_bs64,7,0.4451,0.5767,50.2074,38.2962,33.9245,207
hourly,test,lstm_seq48_h128_l2_d0p0_lr0p0005_bs64,8,0.3187,0.4252,37.4009,28.1196,25.4395,207
hourly,test,lstm_seq48_h128_l2_d0p0_lr0p0005_bs64,9,0.3406,0.4705,43.2503,31.8567,28.3741,207
hourly,test,lstm_seq48_h128_l2_d0p0_lr0p0005_bs64,10,0.3877,0.5235,51.0081,37.4945,33.9522,207
hourly,test,lstm_seq48_h128_l2_d0p0_lr0p0005_bs64,11,0.3793,0.5269,46.7386,36.9794,33.1841,207
hourly,test,lstm_seq48_h128_l2_d0p0_lr0p0005_bs64,12,0.4087,0.5758,46.773,38.6094,36.6494,207
hourly,test,lstm_seq48_h128_l2_d0p0_lr0p0005_bs64,13,0.3519,0.4663,42.1829,35.9034,33.4025,207
hourly,test,lstm_seq48_h128_l2_d0p0_lr0p0005_bs64,14,0.3809,0.5147,50.5815,40.8173,38.4955,207
hourly,test,lstm_seq48_h128_l2_d0p0_lr0p0005_bs64,15,0.338,0.4744,43.7998,37.3104,37.1022,208
hourly,test,lstm_seq48_h128_l2_d0p0_lr0p0005_bs64,16,0.322,0.4246,48.5385,39.783,39.0542,208
hourly,test,lstm_seq48_h128_l2_d0p0_lr0p0005_bs64,17,0.359,0.509,46.78,40.4125,40.463,208
hourly,test,lstm_seq48_h128_l2_d0p0_lr0p0005_bs64,18,0.4203,0.6359,47.4864,40.1036,39.3954,208
hourly,test,lstm_seq48_h128_l2_d0p0_lr0p0005_bs64,19,0.4389,0.6119,48.2495,37.2435,33.5597,208
hourly,test,lstm_seq48_h128_l2_d0p0_lr0p0005_bs64,20,0.4418,0.5963,47.6827,33.9841,29.761,208
hourly,test,lstm_seq48_h128_l2_d0p0_lr0p0005_bs64,21,0.5307,0.6829,48.6164,38.0855,34.644,208
hourly,test,lstm_seq48_h128_l2_d0p0_lr0p0005_bs64,22,0.4361,0.5694,45.7615,36.7136,35.8255,208
hourly,test,lstm_seq48_h128_l2_d0p0_lr0p0005_bs64,23,0.3519,0.5087,47.6737,39.7422,41.2524,208
summary,validation,lstm_seq48_h128_l2_d0p2_lr0p001_bs64,,0.3729,0.5388,38.5778,31.9918,29.9085,4976
hourly,validation,lstm_seq48_h128_l2_d0p2_lr0p001_bs64,0,0.2269,0.3267,40.6532,33.3291,35.7191,207
hourly,validation,lstm_seq48_h128_l2_d0p2_lr0p001_bs64,1,0.18,0.2883,34.8238,29.7282,33.9534,207
hourly,validation,lstm_seq48_h128_l2_d0p2_lr0p001_bs64,2,0.1576,0.2362,33.4007,28.733,32.7817,207
hourly,validation,lstm_seq48_h128_l2_d0p2_lr0p001_bs64,3,0.1459,0.2093,34.5174,28.993,33.6402,207
hourly,validation,lstm_seq48_h128_l2_d0p2_lr0p001_bs64,4,0.1316,0.196,30.7609,27.9453,31.8713,207
hourly,validation,lstm_seq48_h128_l2_d0p2_lr0p001_bs64,5,0.1413,0.2198,28.4715,28.6832,32.288,207
hourly,validation,lstm_seq48_h128_l2_d0p2_lr0p001_bs64,6,0.316,0.4266,38.999,38.0793,38.1638,207
hourly,validation,lstm_seq48_h128_l2_d0p2_lr0p001_bs64,7,0.492,0.6549,39.8902,32.7517,27.8058,208
hourly,validation,lstm_seq48_h128_l2_d0p2_lr0p001_bs64,8,0.3734,0.4975,29.9927,25.0222,22.71,208
hourly,validation,lstm_seq48_h128_l2_d0p2_lr0p001_bs64,9,0.3363,0.4532,30.186,23.9876,21.7261,208
hourly,validation,lstm_seq48_h128_l2_d0p2_lr0p001_bs64,10,0.3488,0.4864,28.7815,24.6857,23.1199,208
hourly,validation,lstm_seq48_h128_l2_d0p2_lr0p001_bs64,11,0.4127,0.6235,38.5321,29.9862,27.4772,208
hourly,validation,lstm_seq48_h128_l2_d0p2_lr0p001_bs64,12,0.4246,0.6137,42.4294,32.0751,29.3635,208
hourly,validation,lstm_seq48_h128_l2_d0p2_lr0p001_bs64,13,0.4206,0.5637,45.8645,35.6742,31.1804,208
hourly,validation,lstm_seq48_h128_l2_d0p2_lr0p001_bs64,14,0.425,0.6037,47.7953,36.8326,34.0681,208
hourly,validation,lstm_seq48_h128_l2_d0p2_lr0p001_bs64,15,0.4449,0.6478,47.0945,38.4711,37.6217,207
hourly,validation,lstm_seq48_h128_l2_d0p2_lr0p001_bs64,16,0.3856,0.557,39.7902,34.8409,32.9197,207
hourly,validation,lstm_seq48_h128_l2_d0p2_lr0p001_bs64,17,0.4641,0.6733,41.2924,35.3054,34.6957,207
hourly,validation,lstm_seq48_h128_l2_d0p2_lr0p001_bs64,18,0.5152,0.668,43.818,35.284,31.3235,207
hourly,validation,lstm_seq48_h128_l2_d0p2_lr0p001_bs64,19,0.6296,0.7796,37.3598,32.5271,30.2483,207
hourly,validation,lstm_seq48_h128_l2_d0p2_lr0p001_bs64,20,0.625,0.7853,38.6781,30.6227,27.48,207
hourly,validation,lstm_seq48_h128_l2_d0p2_lr0p001_bs64,21,0.5029,0.6438,33.4483,27.6339,24.5875,207
hourly,validation,lstm_seq48_h128_l2_d0p2_lr0p001_bs64,22,0.4699,0.5845,43.2177,34.6326,31.0832,207
hourly,validation,lstm_seq48_h128_l2_d0p2_lr0p001_bs64,23,0.379,0.4828,56.0955,42.051,42.4506,207
summary,test,lstm_seq48_h128_l2_d0p2_lr0p001_bs64,,0.3284,0.4774,42.2231,34.8588,34.1437,4977
hourly,test,lstm_seq48_h128_l2_d0p2_lr0p001_bs64,0,0.2442,0.3939,38.0221,33.0862,36.8908,207
hourly,test,lstm_seq48_h128_l2_d0p2_lr0p001_bs64,1,0.1921,0.3034,31.9013,30.2374,33.7473,207
hourly,test,lstm_seq48_h128_l2_d0p2_lr0p001_bs64,2,0.1788,0.2673,32.5741,31.0179,33.8709,207
hourly,test,lstm_seq48_h128_l2_d0p2_lr0p001_bs64,3,0.1564,0.2399,32.7166,29.9502,33.579,207
hourly,test,lstm_seq48_h128_l2_d0p2_lr0p001_bs64,4,0.1594,0.2446,32.4475,30.7365,34.423,207
hourly,test,lstm_seq48_h128_l2_d0p2_lr0p001_bs64,5,0.1485,0.2571,29.326,28.3492,33.0985,207
hourly,test,lstm_seq48_h128_l2_d0p2_lr0p001_bs64,6,0.2124,0.2867,35.0968,32.536,32.6726,207
hourly,test,lstm_seq48_h128_l2_d0p2_lr0p001_bs64,7,0.4431,0.5808,48.2718,37.7139,33.7724,207
hourly,test,lstm_seq48_h128_l2_d0p2_lr0p001_bs64,8,0.3143,0.4237,37.063,27.8792,25.0926,207
hourly,test,lstm_seq48_h128_l2_d0p2_lr0p001_bs64,9,0.3395,0.4736,42.0255,31.5614,28.2832,207
hourly,test,lstm_seq48_h128_l2_d0p2_lr0p001_bs64,10,0.3808,0.5232,48.9446,36.4309,33.3523,207
hourly,test,lstm_seq48_h128_l2_d0p2_lr0p001_bs64,11,0.3778,0.5273,46.1199,36.4055,33.05,207
hourly,test,lstm_seq48_h128_l2_d0p2_lr0p001_bs64,12,0.4017,0.5659,45.7753,37.7773,36.0221,207
hourly,test,lstm_seq48_h128_l2_d0p2_lr0p001_bs64,13,0.3534,0.4642,42.4895,35.996,33.5471,207
hourly,test,lstm_seq48_h128_l2_d0p2_lr0p001_bs64,14,0.3787,0.5123,50.2451,40.5256,38.274,207
hourly,test,lstm_seq48_h128_l2_d0p2_lr0p001_bs64,15,0.3342,0.4713,43.2242,36.7645,36.6887,208
hourly,test,lstm_seq48_h128_l2_d0p2_lr0p001_bs64,16,0.3199,0.4265,47.3558,38.8985,38.7969,208
hourly,test,lstm_seq48_h128_l2_d0p2_lr0p001_bs64,17,0.3578,0.5093,46.7284,39.8872,40.3319,208
hourly,test,lstm_seq48_h128_l2_d0p2_lr0p001_bs64,18,0.4138,0.6217,47.3334,38.924,38.7797,208
hourly,test,lstm_seq48_h128_l2_d0p2_lr0p001_bs64,19,0.4382,0.6089,48.565,36.8441,33.5099,208
hourly,test,lstm_seq48_h128_l2_d0p2_lr0p001_bs64,20,0.4395,0.5925,46.7468,33.1082,29.6078,208
hourly,test,lstm_seq48_h128_l2_d0p2_lr0p001_bs64,21,0.5198,0.675,47.208,36.9958,33.9367,208
hourly,test,lstm_seq48_h128_l2_d0p2_lr0p001_bs64,22,0.4245,0.5603,44.5711,35.4996,34.8673,208
hourly,test,lstm_seq48_h128_l2_d0p2_lr0p001_bs64,23,0.3503,0.5002,48.4095,39.3772,41.0637,208
summary,validation,lstm_seq48_h128_l2_d0p2_lr0p0005_bs64,,0.3727,0.5391,38.4958,31.677,29.8953,4976
hourly,validation,lstm_seq48_h128_l2_d0p2_lr0p0005_bs64,0,0.2268,0.3275,38.8097,32.7448,35.7107,207
hourly,validation,lstm_seq48_h128_l2_d0p2_lr0p0005_bs64,1,0.1739,0.2872,31.9291,28.0807,32.8,207
hourly,validation,lstm_seq48_h128_l2_d0p2_lr0p0005_bs64,2,0.1428,0.2338,27.6773,25.218,29.7182,207
hourly,validation,lstm_seq48_h128_l2_d0p2_lr0p0005_bs64,3,0.131,0.2101,29.1966,25.1553,30.2105,207
hourly,validation,lstm_seq48_h128_l2_d0p2_lr0p0005_bs64,4,0.1207,0.1977,26.945,25.0556,29.2256,207
hourly,validation,lstm_seq48_h128_l2_d0p2_lr0p0005_bs64,5,0.159,0.2227,36.3018,32.5515,36.3205,207
hourly,validation,lstm_seq48_h128_l2_d0p2_lr0p0005_bs64,6,0.3072,0.4051,41.3625,36.282,37.1095,207
hourly,validation,lstm_seq48_h128_l2_d0p2_lr0p0005_bs64,7,0.505,0.6506,44.0967,34.4012,28.5395,208
hourly,validation,lstm_seq48_h128_l2_d0p2_lr0p0005_bs64,8,0.3856,0.5003,32.4096,26.1601,23.4519,208
hourly,validation,lstm_seq48_h128_l2_d0p2_lr0p0005_bs64,9,0.3372,0.4511,30.5637,24.0855,21.785,208
hourly,validation,lstm_seq48_h128_l2_d0p2_lr0p0005_bs64,10,0.3543,0.4868,28.8579,25.1476,23.479,208
hourly,validation,lstm_seq48_h128_l2_d0p2_lr0p0005_bs64,11,0.4193,0.6274,38.7808,30.6174,27.9169,208
hourly,validation,lstm_seq48_h128_l2_d0p2_lr0p0005_bs64,12,0.4258,0.6153,42.2222,31.9343,29.4457,208
hourly,validation,lstm_seq48_h128_l2_d0p2_lr0p0005_bs64,13,0.4252,0.5699,46.2111,36.1581,31.525,208
hourly,validation,lstm_seq48_h128_l2_d0p2_lr0p0005_bs64,14,0.423,0.6058,48.4502,36.4724,33.9052,208
hourly,validation,lstm_seq48_h128_l2_d0p2_lr0p0005_bs64,15,0.4379,0.6421,47.092,37.9443,37.0338,207
hourly,validation,lstm_seq48_h128_l2_d0p2_lr0p0005_bs64,16,0.3805,0.5528,38.8591,34.0997,32.488,207
hourly,validation,lstm_seq48_h128_l2_d0p2_lr0p0005_bs64,17,0.4666,0.6773,41.5976,35.6526,34.8818,207
hourly,validation,lstm_seq48_h128_l2_d0p2_lr0p0005_bs64,18,0.5162,0.6773,43.7118,35.1441,31.3852,207
hourly,validation,lstm_seq48_h128_l2_d0p2_lr0p0005_bs64,19,0.6269,0.7825,37.1843,32.3564,30.1198,207
hourly,validation,lstm_seq48_h128_l2_d0p2_lr0p0005_bs64,20,0.6241,0.7791,38.8633,30.8407,27.4382,207
hourly,validation,lstm_seq48_h128_l2_d0p2_lr0p0005_bs64,21,0.5052,0.6467,34.3189,27.7405,24.7007,207
hourly,validation,lstm_seq48_h128_l2_d0p2_lr0p0005_bs64,22,0.4711,0.5835,42.8136,34.662,31.1642,207
hourly,validation,lstm_seq48_h128_l2_d0p2_lr0p0005_bs64,23,0.3793,0.4902,55.6262,41.7829,42.4801,207
summary,test,lstm_seq48_h128_l2_d0p2_lr0p0005_bs64,,0.3285,0.4773,42.2153,34.7949,34.1551,4977
hourly,test,lstm_seq48_h128_l2_d0p2_lr0p0005_bs64,0,0.2435,0.3913,37.3343,33.2097,36.7878,207
hourly,test,lstm_seq48_h128_l2_d0p2_lr0p0005_bs64,1,0.1878,0.3095,29.6732,29.0913,33.0032,207
hourly,test,lstm_seq48_h128_l2_d0p2_lr0p0005_bs64,2,0.17,0.274,28.5429,28.6607,32.2099,207
hourly,test,lstm_seq48_h128_l2_d0p2_lr0p0005_bs64,3,0.1452,0.2447,28.1038,26.7142,31.1688,207
hourly,test,lstm_seq48_h128_l2_d0p2_lr0p0005_bs64,4,0.1531,0.2503,29.7506,28.8999,33.0769,207
hourly,test,lstm_seq48_h128_l2_d0p2_lr0p0005_bs64,5,0.1616,0.2612,34.931,30.8403,36.0213,207
hourly,test,lstm_seq48_h128_l2_d0p2_lr0p0005_bs64,6,0.2175,0.2848,38.856,32.9602,33.4562,207
hourly,test,lstm_seq48_h128_l2_d0p2_lr0p0005_bs64,7,0.4397,0.5636,49.8628,38.2168,33.5174,207
hourly,test,lstm_seq48_h128_l2_d0p2_lr0p0005_bs64,8,0.3214,0.4263,38.1151,28.329,25.6543,207
hourly,test,lstm_seq48_h128_l2_d0p2_lr0p0005_bs64,9,0.3429,0.4719,43.0297,32.1256,28.5682,207
hourly,test,lstm_seq48_h128_l2_d0p2_lr0p0005_bs64,10,0.3849,0.5257,49.0096,36.5831,33.7101,207
hourly,test,lstm_seq48_h128_l2_d0p2_lr0p0005_bs64,11,0.3802,0.5295,46.196,36.7155,33.2604,207
hourly,test,lstm_seq48_h128_l2_d0p2_lr0p0005_bs64,12,0.407,0.5734,46.2615,38.237,36.4938,207
hourly,test,lstm_seq48_h128_l2_d0p2_lr0p0005_bs64,13,0.3554,0.4665,42.2708,36.247,33.7375,207
hourly,test,lstm_seq48_h128_l2_d0p2_lr0p0005_bs64,14,0.3777,0.512,49.8859,40.3253,38.1723,207
hourly,test,lstm_seq48_h128_l2_d0p2_lr0p0005_bs64,15,0.3336,0.4714,43.1399,36.5441,36.6247,208
hourly,test,lstm_seq48_h128_l2_d0p2_lr0p0005_bs64,16,0.3192,0.4246,48.0796,39.1947,38.717,208
hourly,test,lstm_seq48_h128_l2_d0p2_lr0p0005_bs64,17,0.3542,0.5051,46.6231,39.6741,39.9229,208
hourly,test,lstm_seq48_h128_l2_d0p2_lr0p0005_bs64,18,0.4158,0.6323,47.6657,39.2988,38.9739,208
hourly,test,lstm_seq48_h128_l2_d0p2_lr0p0005_bs64,19,0.436,0.6069,48.0824,36.8106,33.3404,208
hourly,test,lstm_seq48_h128_l2_d0p2_lr0p0005_bs64,20,0.4443,0.5938,46.6018,33.6214,29.9293,208
hourly,test,lstm_seq48_h128_l2_d0p2_lr0p0005_bs64,21,0.5142,0.6643,47.3709,37.1521,33.567,208
hourly,test,lstm_seq48_h128_l2_d0p2_lr0p0005_bs64,22,0.4211,0.5532,44.7275,35.4032,34.5903,208
hourly,test,lstm_seq48_h128_l2_d0p2_lr0p0005_bs64,23,0.3553,0.5056,48.8539,40.1046,41.6507,208
summary,validation,lstm_seq48_h128_l2_d0p3_lr0p001_bs64,,0.3738,0.5404,38.4322,31.9162,29.9777,4976
hourly,validation,lstm_seq48_h128_l2_d0p3_lr0p001_bs64,0,0.2272,0.3319,39.7152,33.0122,35.7674,207
hourly,validation,lstm_seq48_h128_l2_d0p3_lr0p001_bs64,1,0.1761,0.2864,33.1756,28.8169,33.2088,207
hourly,validation,lstm_seq48_h128_l2_d0p3_lr0p001_bs64,2,0.1571,0.2382,33.0702,28.4503,32.693,207
hourly,validation,lstm_seq48_h128_l2_d0p3_lr0p001_bs64,3,0.1388,0.2081,32.5771,27.4169,32.0186,207
hourly,validation,lstm_seq48_h128_l2_d0p3_lr0p001_bs64,4,0.1288,0.1948,30.0651,27.3389,31.1919,207
hourly,validation,lstm_seq48_h128_l2_d0p3_lr0p001_bs64,5,0.1404,0.2167,28.5262,28.6476,32.0674,207
hourly,validation,lstm_seq48_h128_l2_d0p3_lr0p001_bs64,6,0.3129,0.4204,39.2226,37.3067,37.799,207
hourly,validation,lstm_seq48_h128_l2_d0p3_lr0p001_bs64,7,0.498,0.6527,40.7712,33.3607,28.145,208
hourly,validation,lstm_seq48_h128_l2_d0p3_lr0p001_bs64,8,0.3693,0.4913,30.1798,24.9721,22.4613,208
hourly,validation,lstm_seq48_h128_l2_d0p3_lr0p001_bs64,9,0.3423,0.4571,30.2895,24.3885,22.1116,208
hourly,validation,lstm_seq48_h128_l2_d0p3_lr0p001_bs64,10,0.3528,0.4901,28.6653,25.0322,23.384,208
hourly,validation,lstm_seq48_h128_l2_d0p3_lr0p001_bs64,11,0.4166,0.6271,38.097,30.2959,27.7414,208
hourly,validation,lstm_seq48_h128_l2_d0p3_lr0p001_bs64,12,0.4256,0.6172,41.6981,31.8514,29.4295,208
hourly,validation,lstm_seq48_h128_l2_d0p3_lr0p001_bs64,13,0.422,0.5677,45.7749,35.7939,31.2838,208
hourly,validation,lstm_seq48_h128_l2_d0p3_lr0p001_bs64,14,0.4284,0.6081,48.3653,37.0617,34.3383,208
hourly,validation,lstm_seq48_h128_l2_d0p3_lr0p001_bs64,15,0.443,0.6419,47.967,38.6336,37.4613,207
hourly,validation,lstm_seq48_h128_l2_d0p3_lr0p001_bs64,16,0.3842,0.5525,40.648,35.2288,32.7993,207
hourly,validation,lstm_seq48_h128_l2_d0p3_lr0p001_bs64,17,0.4695,0.6736,42.1514,35.7975,35.0997,207
hourly,validation,lstm_seq48_h128_l2_d0p3_lr0p001_bs64,18,0.5215,0.6746,44.4015,35.5517,31.7034,207
hourly,validation,lstm_seq48_h128_l2_d0p3_lr0p001_bs64,19,0.6343,0.788,37.4309,32.7103,30.4713,207
hourly,validation,lstm_seq48_h128_l2_d0p3_lr0p001_bs64,20,0.6326,0.7954,38.9421,30.882,27.8104,207
hourly,validation,lstm_seq48_h128_l2_d0p3_lr0p001_bs64,21,0.5025,0.6442,33.2565,27.508,24.5693,207
hourly,validation,lstm_seq48_h128_l2_d0p3_lr0p001_bs64,22,0.4671,0.5814,42.6771,34.4266,30.8967,207
hourly,validation,lstm_seq48_h128_l2_d0p3_lr0p001_bs64,23,0.3787,0.4892,54.7238,41.5664,42.4117,207
summary,test,lstm_seq48_h128_l2_d0p3_lr0p001_bs64,,0.3284,0.4788,41.9101,34.7593,34.1417,4977
hourly,test,lstm_seq48_h128_l2_d0p3_lr0p001_bs64,0,0.2403,0.3917,37.0196,32.4046,36.3049,207
hourly,test,lstm_seq48_h128_l2_d0p3_lr0p001_bs64,1,0.1923,0.3079,31.437,29.9712,33.7833,207
hourly,test,lstm_seq48_h128_l2_d0p3_lr0p001_bs64,2,0.1779,0.2664,32.3192,30.8863,33.7021,207
hourly,test,lstm_seq48_h128_l2_d0p3_lr0p001_bs64,3,0.1521,0.2384,31.4268,29.0358,32.6451,207
hourly,test,lstm_seq48_h128_l2_d0p3_lr0p001_bs64,4,0.1563,0.2429,31.6336,30.1301,33.767,207
hourly,test,lstm_seq48_h128_l2_d0p3_lr0p001_bs64,5,0.1487,0.2572,29.4041,28.4274,33.1489,207
hourly,test,lstm_seq48_h128_l2_d0p3_lr0p001_bs64,6,0.2084,0.2835,34.7042,31.7625,32.0579,207
hourly,test,lstm_seq48_h128_l2_d0p3_lr0p001_bs64,7,0.4422,0.577,47.7179,37.6548,33.7051,207
hourly,test,lstm_seq48_h128_l2_d0p3_lr0p001_bs64,8,0.3056,0.4173,35.5917,27.1849,24.3949,207
hourly,test,lstm_seq48_h128_l2_d0p3_lr0p001_bs64,9,0.3431,0.4772,41.3472,31.4692,28.5779,207
hourly,test,lstm_seq48_h128_l2_d0p3_lr0p001_bs64,10,0.3799,0.5273,47.1743,35.9082,33.2715,207
hourly,test,lstm_seq48_h128_l2_d0p3_lr0p001_bs64,11,0.3817,0.5327,45.0727,36.479,33.3916,207
hourly,test,lstm_seq48_h128_l2_d0p3_lr0p001_bs64,12,0.4024,0.5669,45.1906,37.7604,36.0802,207
hourly,test,lstm_seq48_h128_l2_d0p3_lr0p001_bs64,13,0.3537,0.4662,42.0059,35.8026,33.5782,207
hourly,test,lstm_seq48_h128_l2_d0p3_lr0p001_bs64,14,0.3814,0.517,50.5869,40.82,38.5443,207
hourly,test,lstm_seq48_h128_l2_d0p3_lr0p001_bs64,15,0.3345,0.4705,43.849,36.8734,36.7203,208
hourly,test,lstm_seq48_h128_l2_d0p3_lr0p001_bs64,16,0.3226,0.4288,48.2944,39.0891,39.1298,208
hourly,test,lstm_seq48_h128_l2_d0p3_lr0p001_bs64,17,0.3573,0.5074,47.4985,40.0345,40.2771,208
hourly,test,lstm_seq48_h128_l2_d0p3_lr0p001_bs64,18,0.4179,0.6267,47.9575,39.2726,39.1662,208
hourly,test,lstm_seq48_h128_l2_d0p3_lr0p001_bs64,19,0.44,0.6108,48.689,37.201,33.6471,208
hourly,test,lstm_seq48_h128_l2_d0p3_lr0p001_bs64,20,0.4455,0.5991,46.998,33.7866,30.0084,208
hourly,test,lstm_seq48_h128_l2_d0p3_lr0p001_bs64,21,0.5255,0.6818,47.6891,37.7179,34.3079,208
hourly,test,lstm_seq48_h128_l2_d0p3_lr0p001_bs64,22,0.4202,0.5576,43.9455,35.0761,34.5199,208
hourly,test,lstm_seq48_h128_l2_d0p3_lr0p001_bs64,23,0.3491,0.5014,48.0677,39.3515,40.918,208
summary,validation,lstm_seq48_h128_l2_d0p3_lr0p0005_bs64,,0.3725,0.5383,38.2892,31.6143,29.8763,4976
hourly,validation,lstm_seq48_h128_l2_d0p3_lr0p0005_bs64,0,0.2255,0.3309,37.2346,32.1914,35.512,207
hourly,validation,lstm_seq48_h128_l2_d0p3_lr0p0005_bs64,1,0.1713,0.2861,30.8455,27.5353,32.3127,207
hourly,validation,lstm_seq48_h128_l2_d0p3_lr0p0005_bs64,2,0.1417,0.2348,26.9746,24.7917,29.4816,207
hourly,validation,lstm_seq48_h128_l2_d0p3_lr0p0005_bs64,3,0.1291,0.2112,28.3648,24.6091,29.7687,207
hourly,validation,lstm_seq48_h128_l2_d0p3_lr0p0005_bs64,4,0.1185,0.1974,26.0854,24.4897,28.7064,207
hourly,validation,lstm_seq48_h128_l2_d0p3_lr0p0005_bs64,5,0.1568,0.2203,35.5363,32.1522,35.818,207
hourly,validation,lstm_seq48_h128_l2_d0p3_lr0p0005_bs64,6,0.3078,0.4057,41.2717,36.3605,37.177,207
hourly,validation,lstm_seq48_h128_l2_d0p3_lr0p0005_bs64,7,0.5062,0.6516,44.2203,34.6279,28.612,208
hourly,validation,lstm_seq48_h128_l2_d0p3_lr0p0005_bs64,8,0.3823,0.4989,32.6234,26.1642,23.25,208
hourly,validation,lstm_seq48_h128_l2_d0p3_lr0p0005_bs64,9,0.3391,0.4507,30.5879,24.2938,21.9097,208
hourly,validation,lstm_seq48_h128_l2_d0p3_lr0p0005_bs64,10,0.3542,0.4899,28.6387,25.1659,23.4786,208
hourly,validation,lstm_seq48_h128_l2_d0p3_lr0p0005_bs64,11,0.4188,0.6248,38.7718,30.6324,27.886,208
hourly,validation,lstm_seq48_h128_l2_d0p3_lr0p0005_bs64,12,0.4273,0.6157,42.6211,32.08,29.5513,208
hourly,validation,lstm_seq48_h128_l2_d0p3_lr0p0005_bs64,13,0.4244,0.5698,46.8092,36.1927,31.4637,208
hourly,validation,lstm_seq48_h128_l2_d0p3_lr0p0005_bs64,14,0.4272,0.6076,48.9868,36.919,34.2426,208
hourly,validation,lstm_seq48_h128_l2_d0p3_lr0p0005_bs64,15,0.4397,0.6427,46.9949,38.1117,37.1881,207
hourly,validation,lstm_seq48_h128_l2_d0p3_lr0p0005_bs64,16,0.3809,0.5508,39.4197,34.3542,32.5194,207
hourly,validation,lstm_seq48_h128_l2_d0p3_lr0p0005_bs64,17,0.4666,0.6713,42.3563,35.9163,34.8828,207
hourly,validation,lstm_seq48_h128_l2_d0p3_lr0p0005_bs64,18,0.5252,0.6793,45.1053,35.7334,31.9332,207
hourly,validation,lstm_seq48_h128_l2_d0p3_lr0p0005_bs64,19,0.6226,0.774,37.7909,32.3164,29.9107,207
hourly,validation,lstm_seq48_h128_l2_d0p3_lr0p0005_bs64,20,0.6231,0.7783,39.244,30.9088,27.3952,207
hourly,validation,lstm_seq48_h128_l2_d0p3_lr0p0005_bs64,21,0.5069,0.6473,33.9276,27.8066,24.7853,207
hourly,validation,lstm_seq48_h128_l2_d0p3_lr0p0005_bs64,22,0.4697,0.5839,41.3757,34.4939,31.0736,207
hourly,validation,lstm_seq48_h128_l2_d0p3_lr0p0005_bs64,23,0.3736,0.4878,53.1207,40.9295,41.8504,207
summary,test,lstm_seq48_h128_l2_d0p3_lr0p0005_bs64,,0.328,0.477,42.0898,34.7583,34.0972,4977
hourly,test,lstm_seq48_h128_l2_d0p3_lr0p0005_bs64,0,0.2404,0.3915,35.9865,32.6782,36.327,207
hourly,test,lstm_seq48_h128_l2_d0p3_lr0p0005_bs64,1,0.1894,0.3135,29.3826,29.2773,33.2781,207
hourly,test,lstm_seq48_h128_l2_d0p3_lr0p0005_bs64,2,0.1681,0.2743,27.803,28.1805,31.8447,207
hourly,test,lstm_seq48_h128_l2_d0p3_lr0p0005_bs64,3,0.1423,0.2431,27.1148,26.0769,30.5452,207
hourly,test,lstm_seq48_h128_l2_d0p3_lr0p0005_bs64,4,0.1531,0.2511,29.5093,28.9509,33.0774,207
hourly,test,lstm_seq48_h128_l2_d0p3_lr0p0005_bs64,5,0.1598,0.2587,34.3243,30.5516,35.6332,207
hourly,test,lstm_seq48_h128_l2_d0p3_lr0p0005_bs64,6,0.2128,0.2795,38.0843,32.4663,32.7311,207
hourly,test,lstm_seq48_h128_l2_d0p3_lr0p0005_bs64,7,0.4413,0.5634,50.1531,38.3989,33.6373,207
hourly,test,lstm_seq48_h128_l2_d0p3_lr0p0005_bs64,8,0.319,0.4243,38.747,28.4036,25.4649,207
hourly,test,lstm_seq48_h128_l2_d0p3_lr0p0005_bs64,9,0.3425,0.4709,42.9032,32.0092,28.5353,207
hourly,test,lstm_seq48_h128_l2_d0p3_lr0p0005_bs64,10,0.3848,0.5281,48.8538,36.7227,33.7018,207
hourly,test,lstm_seq48_h128_l2_d0p3_lr0p0005_bs64,11,0.3815,0.5297,46.1702,36.8674,33.3792,207
hourly,test,lstm_seq48_h128_l2_d0p3_lr0p0005_bs64,12,0.4074,0.5733,46.5406,38.3899,36.5306,207
hourly,test,lstm_seq48_h128_l2_d0p3_lr0p0005_bs64,13,0.3568,0.4677,42.6374,36.3614,33.8683,207
hourly,test,lstm_seq48_h128_l2_d0p3_lr0p0005_bs64,14,0.3792,0.5127,50.2305,40.6812,38.3201,207
hourly,test,lstm_seq48_h128_l2_d0p3_lr0p0005_bs64,15,0.3328,0.4718,42.7539,36.3756,36.5393,208
hourly,test,lstm_seq48_h128_l2_d0p3_lr0p0005_bs64,16,0.3191,0.4243,48.1817,39.1717,38.6983,208
hourly,test,lstm_seq48_h128_l2_d0p3_lr0p0005_bs64,17,0.3545,0.5055,46.9216,39.8465,39.9556,208
hourly,test,lstm_seq48_h128_l2_d0p3_lr0p0005_bs64,18,0.4179,0.6309,48.479,39.4285,39.1682,208
hourly,test,lstm_seq48_h128_l2_d0p3_lr0p0005_bs64,19,0.4387,0.605,49.5175,37.2093,33.5454,208
hourly,test,lstm_seq48_h128_l2_d0p3_lr0p0005_bs64,20,0.4482,0.5945,47.6808,34.2033,30.1938,208
hourly,test,lstm_seq48_h128_l2_d0p3_lr0p0005_bs64,21,0.5133,0.6657,47.4329,37.1558,33.5092,208
hourly,test,lstm_seq48_h128_l2_d0p3_lr0p0005_bs64,22,0.4152,0.5476,43.3865,35.0726,34.1039,208
hourly,test,lstm_seq48_h128_l2_d0p3_lr0p0005_bs64,23,0.3502,0.5053,47.1553,39.5982,41.0477,208
