Report_Type,Dataset,Model,Hour,MAE,RMSE,MAPE,sMAPE,WAPE,Broj_redova
summary,validation,gru_seq12_h32_l1_d0p0_lr0p001_bs64,,0.3766,0.5393,40.0634,32.2618,30.1213,5048
hourly,validation,gru_seq12_h32_l1_d0p0_lr0p001_bs64,0,0.2406,0.3381,44.104,35.8463,38.0508,209
hourly,validation,gru_seq12_h32_l1_d0p0_lr0p001_bs64,1,0.1762,0.2766,32.7637,28.9079,33.1544,209
hourly,validation,gru_seq12_h32_l1_d0p0_lr0p001_bs64,2,0.1513,0.2468,30.1581,26.7153,31.5548,209
hourly,validation,gru_seq12_h32_l1_d0p0_lr0p001_bs64,3,0.1426,0.2187,33.2319,28.1786,32.9351,209
hourly,validation,gru_seq12_h32_l1_d0p0_lr0p001_bs64,4,0.1439,0.2227,33.7041,30.4688,34.9261,209
hourly,validation,gru_seq12_h32_l1_d0p0_lr0p001_bs64,5,0.155,0.2234,33.6124,31.9983,35.3062,209
hourly,validation,gru_seq12_h32_l1_d0p0_lr0p001_bs64,6,0.307,0.3953,44.8246,35.9479,37.1991,209
hourly,validation,gru_seq12_h32_l1_d0p0_lr0p001_bs64,7,0.4981,0.62,44.8142,34.1474,28.1306,210
hourly,validation,gru_seq12_h32_l1_d0p0_lr0p001_bs64,8,0.3892,0.5057,33.3724,26.9706,23.6037,210
hourly,validation,gru_seq12_h32_l1_d0p0_lr0p001_bs64,9,0.3309,0.4444,29.721,23.4411,21.3327,210
hourly,validation,gru_seq12_h32_l1_d0p0_lr0p001_bs64,10,0.3603,0.489,29.8942,25.0729,23.8341,210
hourly,validation,gru_seq12_h32_l1_d0p0_lr0p001_bs64,11,0.402,0.6142,37.9412,28.8673,26.6218,210
hourly,validation,gru_seq12_h32_l1_d0p0_lr0p001_bs64,12,0.4247,0.6071,43.2816,31.9375,29.1239,212
hourly,validation,gru_seq12_h32_l1_d0p0_lr0p001_bs64,13,0.4118,0.5598,47.2858,34.8846,30.3429,212
hourly,validation,gru_seq12_h32_l1_d0p0_lr0p001_bs64,14,0.4317,0.5962,50.8219,37.1156,34.4287,212
hourly,validation,gru_seq12_h32_l1_d0p0_lr0p001_bs64,15,0.4387,0.6389,49.4402,37.9516,36.905,211
hourly,validation,gru_seq12_h32_l1_d0p0_lr0p001_bs64,16,0.4048,0.5834,42.444,36.3207,34.5871,211
hourly,validation,gru_seq12_h32_l1_d0p0_lr0p001_bs64,17,0.4628,0.6714,40.6316,35.5617,34.8441,211
hourly,validation,gru_seq12_h32_l1_d0p0_lr0p001_bs64,18,0.5378,0.6951,45.2003,36.4561,32.9296,211
hourly,validation,gru_seq12_h32_l1_d0p0_lr0p001_bs64,19,0.629,0.7766,39.7313,32.5347,30.2388,211
hourly,validation,gru_seq12_h32_l1_d0p0_lr0p001_bs64,20,0.6176,0.7733,38.0733,30.069,26.9601,211
hourly,validation,gru_seq12_h32_l1_d0p0_lr0p001_bs64,21,0.5099,0.6586,33.9374,27.3517,24.7443,211
hourly,validation,gru_seq12_h32_l1_d0p0_lr0p001_bs64,22,0.485,0.6091,44.2033,35.3898,32.1552,211
hourly,validation,gru_seq12_h32_l1_d0p0_lr0p001_bs64,23,0.3741,0.48,57.8453,41.9321,42.0833,211
summary,test,gru_seq12_h32_l1_d0p0_lr0p001_bs64,,0.3332,0.4833,42.3175,35.8719,34.7502,5049
hourly,test,gru_seq12_h32_l1_d0p0_lr0p001_bs64,0,0.2477,0.4071,35.6865,34.2192,37.5447,209
hourly,test,gru_seq12_h32_l1_d0p0_lr0p001_bs64,1,0.1935,0.3111,29.8631,31.3309,34.0511,209
hourly,test,gru_seq12_h32_l1_d0p0_lr0p001_bs64,2,0.175,0.2805,29.3384,31.1143,33.1799,209
hourly,test,gru_seq12_h32_l1_d0p0_lr0p001_bs64,3,0.1517,0.2496,30.2173,30.8618,32.5953,209
hourly,test,gru_seq12_h32_l1_d0p0_lr0p001_bs64,4,0.1677,0.2632,33.1621,33.4632,36.2197,209
hourly,test,gru_seq12_h32_l1_d0p0_lr0p001_bs64,5,0.1584,0.259,32.6029,31.5948,35.2177,209
hourly,test,gru_seq12_h32_l1_d0p0_lr0p001_bs64,6,0.2315,0.3022,40.9318,35.188,35.5002,209
hourly,test,gru_seq12_h32_l1_d0p0_lr0p001_bs64,7,0.4348,0.5484,50.2752,38.3106,33.0226,209
hourly,test,gru_seq12_h32_l1_d0p0_lr0p001_bs64,8,0.3227,0.424,37.6571,29.7803,25.7081,209
hourly,test,gru_seq12_h32_l1_d0p0_lr0p001_bs64,9,0.3374,0.4657,40.0079,31.4926,28.1405,209
hourly,test,gru_seq12_h32_l1_d0p0_lr0p001_bs64,10,0.3712,0.5144,45.6912,35.4037,32.5722,209
hourly,test,gru_seq12_h32_l1_d0p0_lr0p001_bs64,11,0.3786,0.5339,46.0442,37.0996,33.2326,209
hourly,test,gru_seq12_h32_l1_d0p0_lr0p001_bs64,12,0.3993,0.5725,45.7983,37.8501,36.1438,211
hourly,test,gru_seq12_h32_l1_d0p0_lr0p001_bs64,13,0.3535,0.4639,43.5705,36.6679,33.9403,211
hourly,test,gru_seq12_h32_l1_d0p0_lr0p001_bs64,14,0.3708,0.5132,49.212,39.5249,37.7438,211
hourly,test,gru_seq12_h32_l1_d0p0_lr0p001_bs64,15,0.338,0.4811,44.4601,37.7527,37.2465,212
hourly,test,gru_seq12_h32_l1_d0p0_lr0p001_bs64,16,0.3213,0.4315,46.2611,38.9155,39.1431,212
hourly,test,gru_seq12_h32_l1_d0p0_lr0p001_bs64,17,0.3559,0.5096,44.2899,40.1906,40.263,212
hourly,test,gru_seq12_h32_l1_d0p0_lr0p001_bs64,18,0.437,0.6406,50.7103,41.4906,40.7904,212
hourly,test,gru_seq12_h32_l1_d0p0_lr0p001_bs64,19,0.4838,0.6353,59.7024,39.8626,37.3614,212
hourly,test,gru_seq12_h32_l1_d0p0_lr0p001_bs64,20,0.458,0.6025,48.0759,34.5288,31.1326,212
hourly,test,gru_seq12_h32_l1_d0p0_lr0p001_bs64,21,0.5122,0.6699,44.7584,37.3903,33.7751,212
hourly,test,gru_seq12_h32_l1_d0p0_lr0p001_bs64,22,0.4287,0.5763,40.8278,36.2904,35.4771,212
hourly,test,gru_seq12_h32_l1_d0p0_lr0p001_bs64,23,0.3563,0.5222,45.7331,40.1985,41.9585,212
summary,validation,gru_seq12_h32_l1_d0p0_lr0p0005_bs64,,0.376,0.5398,39.1321,32.3352,30.0795,5048
hourly,validation,gru_seq12_h32_l1_d0p0_lr0p0005_bs64,0,0.2447,0.3476,42.444,37.2974,38.6939,209
hourly,validation,gru_seq12_h32_l1_d0p0_lr0p0005_bs64,1,0.1778,0.2795,32.1087,29.5557,33.4543,209
hourly,validation,gru_seq12_h32_l1_d0p0_lr0p0005_bs64,2,0.1486,0.2397,29.4177,26.4293,31.0056,209
hourly,validation,gru_seq12_h32_l1_d0p0_lr0p0005_bs64,3,0.1411,0.2117,32.9307,27.8683,32.5994,209
hourly,validation,gru_seq12_h32_l1_d0p0_lr0p0005_bs64,4,0.1417,0.2124,33.8462,30.0305,34.4051,209
hourly,validation,gru_seq12_h32_l1_d0p0_lr0p0005_bs64,5,0.1543,0.2266,33.102,31.9116,35.1414,209
hourly,validation,gru_seq12_h32_l1_d0p0_lr0p0005_bs64,6,0.2939,0.3847,39.5403,35.5652,35.6161,209
hourly,validation,gru_seq12_h32_l1_d0p0_lr0p0005_bs64,7,0.5033,0.6393,40.4918,33.4149,28.4235,210
hourly,validation,gru_seq12_h32_l1_d0p0_lr0p0005_bs64,8,0.3862,0.507,31.7612,26.2835,23.4233,210
hourly,validation,gru_seq12_h32_l1_d0p0_lr0p0005_bs64,9,0.3288,0.4399,29.96,23.5624,21.1967,210
hourly,validation,gru_seq12_h32_l1_d0p0_lr0p0005_bs64,10,0.3526,0.4825,29.578,24.7558,23.3254,210
hourly,validation,gru_seq12_h32_l1_d0p0_lr0p0005_bs64,11,0.4048,0.6134,37.858,29.1401,26.8061,210
hourly,validation,gru_seq12_h32_l1_d0p0_lr0p0005_bs64,12,0.4256,0.6084,42.4005,31.7507,29.1832,212
hourly,validation,gru_seq12_h32_l1_d0p0_lr0p0005_bs64,13,0.4102,0.5549,46.5563,35.1546,30.2221,212
hourly,validation,gru_seq12_h32_l1_d0p0_lr0p0005_bs64,14,0.4318,0.6015,50.0829,37.5778,34.4368,212
hourly,validation,gru_seq12_h32_l1_d0p0_lr0p0005_bs64,15,0.4437,0.6425,49.1262,38.7768,37.3249,211
hourly,validation,gru_seq12_h32_l1_d0p0_lr0p0005_bs64,16,0.408,0.5861,43.008,36.7228,34.8617,211
hourly,validation,gru_seq12_h32_l1_d0p0_lr0p0005_bs64,17,0.4707,0.6805,42.625,36.5904,35.4424,211
hourly,validation,gru_seq12_h32_l1_d0p0_lr0p0005_bs64,18,0.5353,0.7008,45.1212,36.2392,32.7764,211
hourly,validation,gru_seq12_h32_l1_d0p0_lr0p0005_bs64,19,0.6298,0.7757,38.9735,33.0206,30.2797,211
hourly,validation,gru_seq12_h32_l1_d0p0_lr0p0005_bs64,20,0.6152,0.7656,37.0934,30.2488,26.8558,211
hourly,validation,gru_seq12_h32_l1_d0p0_lr0p0005_bs64,21,0.5129,0.6571,33.3006,27.8372,24.8886,211
hourly,validation,gru_seq12_h32_l1_d0p0_lr0p0005_bs64,22,0.4811,0.6007,42.3743,34.9307,31.8934,211
hourly,validation,gru_seq12_h32_l1_d0p0_lr0p0005_bs64,23,0.3701,0.4844,54.9538,41.1558,41.6374,211
summary,test,gru_seq12_h32_l1_d0p0_lr0p0005_bs64,,0.3342,0.4839,42.9691,35.8968,34.8621,5049
hourly,test,gru_seq12_h32_l1_d0p0_lr0p0005_bs64,0,0.2517,0.4071,36.2395,35.0861,38.1504,209
hourly,test,gru_seq12_h32_l1_d0p0_lr0p0005_bs64,1,0.1954,0.3175,29.4664,31.0191,34.3997,209
hourly,test,gru_seq12_h32_l1_d0p0_lr0p0005_bs64,2,0.1747,0.2829,29.1408,30.0799,33.1188,209
hourly,test,gru_seq12_h32_l1_d0p0_lr0p0005_bs64,3,0.1543,0.2546,30.9151,29.03,33.1661,209
hourly,test,gru_seq12_h32_l1_d0p0_lr0p0005_bs64,4,0.1662,0.2594,34.03,31.956,35.9138,209
hourly,test,gru_seq12_h32_l1_d0p0_lr0p0005_bs64,5,0.1543,0.2585,31.6826,29.2485,34.3017,209
hourly,test,gru_seq12_h32_l1_d0p0_lr0p0005_bs64,6,0.221,0.2927,38.0565,33.5774,33.8875,209
hourly,test,gru_seq12_h32_l1_d0p0_lr0p0005_bs64,7,0.4507,0.5683,50.6562,39.5016,34.2316,209
hourly,test,gru_seq12_h32_l1_d0p0_lr0p0005_bs64,8,0.3231,0.4252,37.5503,29.1483,25.7414,209
hourly,test,gru_seq12_h32_l1_d0p0_lr0p0005_bs64,9,0.3372,0.466,41.5407,31.4318,28.1202,209
hourly,test,gru_seq12_h32_l1_d0p0_lr0p0005_bs64,10,0.3773,0.5147,49.0065,36.7714,33.1108,209
hourly,test,gru_seq12_h32_l1_d0p0_lr0p0005_bs64,11,0.3768,0.5324,45.6263,35.8828,33.072,209
hourly,test,gru_seq12_h32_l1_d0p0_lr0p0005_bs64,12,0.4044,0.5745,47.3446,38.6944,36.6019,211
hourly,test,gru_seq12_h32_l1_d0p0_lr0p0005_bs64,13,0.3551,0.4647,43.7884,36.3316,34.098,211
hourly,test,gru_seq12_h32_l1_d0p0_lr0p0005_bs64,14,0.3744,0.5156,50.6106,40.257,38.1111,211
hourly,test,gru_seq12_h32_l1_d0p0_lr0p0005_bs64,15,0.3425,0.4802,45.2636,38.3086,37.7382,212
hourly,test,gru_seq12_h32_l1_d0p0_lr0p0005_bs64,16,0.3259,0.4299,48.6138,39.9917,39.7071,212
hourly,test,gru_seq12_h32_l1_d0p0_lr0p0005_bs64,17,0.3608,0.5069,47.1323,41.2015,40.8247,212
hourly,test,gru_seq12_h32_l1_d0p0_lr0p0005_bs64,18,0.4398,0.6443,52.7201,42.233,41.0557,212
hourly,test,gru_seq12_h32_l1_d0p0_lr0p0005_bs64,19,0.4759,0.6288,61.4459,41.083,36.7558,212
hourly,test,gru_seq12_h32_l1_d0p0_lr0p0005_bs64,20,0.4556,0.5921,48.804,35.8789,30.9671,212
hourly,test,gru_seq12_h32_l1_d0p0_lr0p0005_bs64,21,0.5115,0.677,44.793,38.0242,33.7299,212
hourly,test,gru_seq12_h32_l1_d0p0_lr0p0005_bs64,22,0.4298,0.5751,41.0916,36.6449,35.5602,212
hourly,test,gru_seq12_h32_l1_d0p0_lr0p0005_bs64,23,0.3522,0.5224,44.926,39.638,41.4716,212
summary,validation,gru_seq12_h32_l2_d0p0_lr0p001_bs64,,0.3806,0.5441,40.5174,32.7633,30.4425,5048
hourly,validation,gru_seq12_h32_l2_d0p0_lr0p001_bs64,0,0.2534,0.3397,48.9035,37.262,40.0716,209
hourly,validation,gru_seq12_h32_l2_d0p0_lr0p001_bs64,1,0.1855,0.2855,36.4777,30.7467,34.9041,209
hourly,validation,gru_seq12_h32_l2_d0p0_lr0p001_bs64,2,0.1575,0.2495,33.177,27.8227,32.8633,209
hourly,validation,gru_seq12_h32_l2_d0p0_lr0p001_bs64,3,0.1458,0.222,34.3999,28.4827,33.6752,209
hourly,validation,gru_seq12_h32_l2_d0p0_lr0p001_bs64,4,0.142,0.2148,34.1036,29.6815,34.4666,209
hourly,validation,gru_seq12_h32_l2_d0p0_lr0p001_bs64,5,0.1684,0.2201,39.0586,34.7626,38.3562,209
hourly,validation,gru_seq12_h32_l2_d0p0_lr0p001_bs64,6,0.3116,0.4033,44.3741,37.1361,37.7564,209
hourly,validation,gru_seq12_h32_l2_d0p0_lr0p001_bs64,7,0.4885,0.6268,41.5159,33.017,27.5881,210
hourly,validation,gru_seq12_h32_l2_d0p0_lr0p001_bs64,8,0.3903,0.5137,33.0593,26.8002,23.6723,210
hourly,validation,gru_seq12_h32_l2_d0p0_lr0p001_bs64,9,0.3316,0.4401,30.1704,23.6927,21.376,210
hourly,validation,gru_seq12_h32_l2_d0p0_lr0p001_bs64,10,0.3628,0.4954,29.9304,25.3717,23.9969,210
hourly,validation,gru_seq12_h32_l2_d0p0_lr0p001_bs64,11,0.414,0.62,38.9813,30.035,27.4166,210
hourly,validation,gru_seq12_h32_l2_d0p0_lr0p001_bs64,12,0.4319,0.6135,42.4967,32.3499,29.6169,212
hourly,validation,gru_seq12_h32_l2_d0p0_lr0p001_bs64,13,0.4238,0.564,46.2398,36.241,31.2298,212
hourly,validation,gru_seq12_h32_l2_d0p0_lr0p001_bs64,14,0.4214,0.5933,47.7289,36.3882,33.6065,212
hourly,validation,gru_seq12_h32_l2_d0p0_lr0p001_bs64,15,0.4401,0.6413,48.0009,38.095,37.0237,211
hourly,validation,gru_seq12_h32_l2_d0p0_lr0p001_bs64,16,0.4025,0.5757,41.855,35.8879,34.3938,211
hourly,validation,gru_seq12_h32_l2_d0p0_lr0p001_bs64,17,0.471,0.6824,41.9989,36.7923,35.4656,211
hourly,validation,gru_seq12_h32_l2_d0p0_lr0p001_bs64,18,0.5252,0.6984,43.434,35.7641,32.1587,211
hourly,validation,gru_seq12_h32_l2_d0p0_lr0p001_bs64,19,0.6371,0.7907,38.2381,33.1193,30.6304,211
hourly,validation,gru_seq12_h32_l2_d0p0_lr0p001_bs64,20,0.6428,0.8062,38.6982,31.4813,28.0627,211
hourly,validation,gru_seq12_h32_l2_d0p0_lr0p001_bs64,21,0.5195,0.6587,34.819,28.1854,25.2105,211
hourly,validation,gru_seq12_h32_l2_d0p0_lr0p001_bs64,22,0.4699,0.5895,44.7658,34.4731,31.148,211
hourly,validation,gru_seq12_h32_l2_d0p0_lr0p001_bs64,23,0.3847,0.495,59.6573,42.5492,43.2794,211
summary,test,gru_seq12_h32_l2_d0p0_lr0p001_bs64,,0.3373,0.4872,43.6051,35.956,35.1855,5049
hourly,test,gru_seq12_h32_l2_d0p0_lr0p001_bs64,0,0.2571,0.4124,39.8035,35.1572,38.9786,209
hourly,test,gru_seq12_h32_l2_d0p0_lr0p001_bs64,1,0.2039,0.3194,33.1755,32.262,35.8971,209
hourly,test,gru_seq12_h32_l2_d0p0_lr0p001_bs64,2,0.1709,0.2642,30.1022,29.3357,32.4054,209
hourly,test,gru_seq12_h32_l2_d0p0_lr0p001_bs64,3,0.149,0.2384,30.1695,28.3306,32.0308,209
hourly,test,gru_seq12_h32_l2_d0p0_lr0p001_bs64,4,0.1661,0.2582,33.3033,31.852,35.8884,209
hourly,test,gru_seq12_h32_l2_d0p0_lr0p001_bs64,5,0.1728,0.2559,38.4563,33.7251,38.4188,209
hourly,test,gru_seq12_h32_l2_d0p0_lr0p001_bs64,6,0.2558,0.3275,48.4631,36.7724,39.2323,209
hourly,test,gru_seq12_h32_l2_d0p0_lr0p001_bs64,7,0.4638,0.5891,56.5715,40.5316,35.2224,209
hourly,test,gru_seq12_h32_l2_d0p0_lr0p001_bs64,8,0.3211,0.4262,41.0525,29.7835,25.5799,209
hourly,test,gru_seq12_h32_l2_d0p0_lr0p001_bs64,9,0.3359,0.4578,42.0392,31.4432,28.0137,209
hourly,test,gru_seq12_h32_l2_d0p0_lr0p001_bs64,10,0.3742,0.5149,46.0849,35.2259,32.835,209
hourly,test,gru_seq12_h32_l2_d0p0_lr0p001_bs64,11,0.3819,0.5296,45.3927,36.3752,33.5235,209
hourly,test,gru_seq12_h32_l2_d0p0_lr0p001_bs64,12,0.415,0.5869,47.4531,39.2594,37.5579,211
hourly,test,gru_seq12_h32_l2_d0p0_lr0p001_bs64,13,0.357,0.4641,42.8136,36.7078,34.2802,211
hourly,test,gru_seq12_h32_l2_d0p0_lr0p001_bs64,14,0.3793,0.5198,48.8555,40.4051,38.6091,211
hourly,test,gru_seq12_h32_l2_d0p0_lr0p001_bs64,15,0.3405,0.4803,43.8501,37.405,37.5154,212
hourly,test,gru_seq12_h32_l2_d0p0_lr0p001_bs64,16,0.3256,0.4322,48.2123,39.5865,39.6695,212
hourly,test,gru_seq12_h32_l2_d0p0_lr0p001_bs64,17,0.3575,0.5106,46.3984,40.2081,40.4433,212
hourly,test,gru_seq12_h32_l2_d0p0_lr0p001_bs64,18,0.433,0.6481,48.727,40.6755,40.4207,212
hourly,test,gru_seq12_h32_l2_d0p0_lr0p001_bs64,19,0.4489,0.6204,52.8978,37.6771,34.6677,212
hourly,test,gru_seq12_h32_l2_d0p0_lr0p001_bs64,20,0.4616,0.6129,46.4903,34.8281,31.3748,212
hourly,test,gru_seq12_h32_l2_d0p0_lr0p001_bs64,21,0.5143,0.6774,45.0,37.4739,33.9107,212
hourly,test,gru_seq12_h32_l2_d0p0_lr0p001_bs64,22,0.4413,0.5801,43.2664,37.2773,36.5197,212
hourly,test,gru_seq12_h32_l2_d0p0_lr0p001_bs64,23,0.359,0.5273,47.4369,40.2513,42.2805,212
summary,validation,gru_seq12_h32_l2_d0p0_lr0p0005_bs64,,0.3803,0.5442,40.1015,32.8517,30.4239,5048
hourly,validation,gru_seq12_h32_l2_d0p0_lr0p0005_bs64,0,0.2432,0.3501,39.8627,35.5179,38.4515,209
hourly,validation,gru_seq12_h32_l2_d0p0_lr0p0005_bs64,1,0.183,0.297,31.6303,31.0686,34.4201,209
hourly,validation,gru_seq12_h32_l2_d0p0_lr0p0005_bs64,2,0.1503,0.2436,29.6702,27.2196,31.3554,209
hourly,validation,gru_seq12_h32_l2_d0p0_lr0p0005_bs64,3,0.14,0.2156,32.3098,27.8109,32.3442,209
hourly,validation,gru_seq12_h32_l2_d0p0_lr0p0005_bs64,4,0.1364,0.2097,32.1815,28.69,33.1053,209
hourly,validation,gru_seq12_h32_l2_d0p0_lr0p0005_bs64,5,0.1866,0.2325,45.8889,38.1709,42.5121,209
hourly,validation,gru_seq12_h32_l2_d0p0_lr0p0005_bs64,6,0.3315,0.4253,49.691,38.2402,40.1699,209
hourly,validation,gru_seq12_h32_l2_d0p0_lr0p0005_bs64,7,0.4868,0.6161,44.2826,33.177,27.4931,210
hourly,validation,gru_seq12_h32_l2_d0p0_lr0p0005_bs64,8,0.391,0.5109,33.8497,26.7981,23.7149,210
hourly,validation,gru_seq12_h32_l2_d0p0_lr0p0005_bs64,9,0.3349,0.4414,30.7928,24.0369,21.5875,210
hourly,validation,gru_seq12_h32_l2_d0p0_lr0p0005_bs64,10,0.3545,0.4836,29.6231,24.8285,23.4479,210
hourly,validation,gru_seq12_h32_l2_d0p0_lr0p0005_bs64,11,0.4123,0.6197,39.681,29.7755,27.3041,210
hourly,validation,gru_seq12_h32_l2_d0p0_lr0p0005_bs64,12,0.4278,0.6151,42.8808,32.0609,29.3329,212
hourly,validation,gru_seq12_h32_l2_d0p0_lr0p0005_bs64,13,0.422,0.5631,47.4156,36.2997,31.0927,212
hourly,validation,gru_seq12_h32_l2_d0p0_lr0p0005_bs64,14,0.4237,0.5969,48.847,36.9548,33.7886,212
hourly,validation,gru_seq12_h32_l2_d0p0_lr0p0005_bs64,15,0.4358,0.6363,48.5576,38.2165,36.6649,211
hourly,validation,gru_seq12_h32_l2_d0p0_lr0p0005_bs64,16,0.4118,0.5842,44.1156,37.6562,35.1852,211
hourly,validation,gru_seq12_h32_l2_d0p0_lr0p0005_bs64,17,0.4711,0.676,42.6607,36.942,35.4706,211
hourly,validation,gru_seq12_h32_l2_d0p0_lr0p0005_bs64,18,0.5194,0.6918,44.7662,35.7287,31.8058,211
hourly,validation,gru_seq12_h32_l2_d0p0_lr0p0005_bs64,19,0.6448,0.7864,39.3963,33.5378,31.0016,211
hourly,validation,gru_seq12_h32_l2_d0p0_lr0p0005_bs64,20,0.6206,0.7763,37.4055,30.4652,27.0923,211
hourly,validation,gru_seq12_h32_l2_d0p0_lr0p0005_bs64,21,0.5316,0.6877,33.5967,28.8056,25.7948,211
hourly,validation,gru_seq12_h32_l2_d0p0_lr0p0005_bs64,22,0.4904,0.6138,42.1562,35.7043,32.5077,211
hourly,validation,gru_seq12_h32_l2_d0p0_lr0p0005_bs64,23,0.3665,0.4905,50.7957,40.5502,41.2364,211
summary,test,gru_seq12_h32_l2_d0p0_lr0p0005_bs64,,0.3411,0.4858,46.0223,36.8796,35.5775,5049
hourly,test,gru_seq12_h32_l2_d0p0_lr0p0005_bs64,0,0.2562,0.4139,38.0856,35.4353,38.8414,209
hourly,test,gru_seq12_h32_l2_d0p0_lr0p0005_bs64,1,0.2068,0.3327,31.4517,33.0579,36.3924,209
hourly,test,gru_seq12_h32_l2_d0p0_lr0p0005_bs64,2,0.1717,0.2764,28.8384,29.0742,32.5509,209
hourly,test,gru_seq12_h32_l2_d0p0_lr0p0005_bs64,3,0.1491,0.2427,29.951,28.0692,32.0464,209
hourly,test,gru_seq12_h32_l2_d0p0_lr0p0005_bs64,4,0.165,0.2546,33.5112,31.8558,35.6547,209
hourly,test,gru_seq12_h32_l2_d0p0_lr0p0005_bs64,5,0.189,0.2664,44.5836,36.7848,42.0165,209
hourly,test,gru_seq12_h32_l2_d0p0_lr0p0005_bs64,6,0.2757,0.341,51.9967,38.7734,42.2741,209
hourly,test,gru_seq12_h32_l2_d0p0_lr0p0005_bs64,7,0.4555,0.5702,58.4384,40.7303,34.5964,209
hourly,test,gru_seq12_h32_l2_d0p0_lr0p0005_bs64,8,0.3278,0.4247,42.9747,30.8721,26.1183,209
hourly,test,gru_seq12_h32_l2_d0p0_lr0p0005_bs64,9,0.343,0.4634,44.8454,32.8937,28.6045,209
hourly,test,gru_seq12_h32_l2_d0p0_lr0p0005_bs64,10,0.3841,0.518,50.5661,37.4834,33.7111,209
hourly,test,gru_seq12_h32_l2_d0p0_lr0p0005_bs64,11,0.3804,0.5301,48.3238,37.1112,33.3867,209
hourly,test,gru_seq12_h32_l2_d0p0_lr0p0005_bs64,12,0.4115,0.5771,49.8564,39.2336,37.2465,211
hourly,test,gru_seq12_h32_l2_d0p0_lr0p0005_bs64,13,0.3541,0.4621,45.085,36.3876,34.0034,211
hourly,test,gru_seq12_h32_l2_d0p0_lr0p0005_bs64,14,0.3844,0.5227,53.474,41.3127,39.13,211
hourly,test,gru_seq12_h32_l2_d0p0_lr0p0005_bs64,15,0.3481,0.4767,47.9558,38.7147,38.359,212
hourly,test,gru_seq12_h32_l2_d0p0_lr0p0005_bs64,16,0.3305,0.4276,52.012,40.786,40.2685,212
hourly,test,gru_seq12_h32_l2_d0p0_lr0p0005_bs64,17,0.3652,0.5065,50.3215,41.702,41.3144,212
hourly,test,gru_seq12_h32_l2_d0p0_lr0p0005_bs64,18,0.4266,0.6361,52.3058,41.0354,39.8222,212
hourly,test,gru_seq12_h32_l2_d0p0_lr0p0005_bs64,19,0.4781,0.6276,61.3467,40.8738,36.9243,212
hourly,test,gru_seq12_h32_l2_d0p0_lr0p0005_bs64,20,0.4569,0.599,50.515,35.8421,31.0543,212
hourly,test,gru_seq12_h32_l2_d0p0_lr0p0005_bs64,21,0.5191,0.6741,47.705,38.7037,34.2307,212
hourly,test,gru_seq12_h32_l2_d0p0_lr0p0005_bs64,22,0.4405,0.5779,43.3666,37.6074,36.4524,212
hourly,test,gru_seq12_h32_l2_d0p0_lr0p0005_bs64,23,0.3563,0.53,46.3847,40.3701,41.9645,212
summary,validation,gru_seq12_h32_l2_d0p2_lr0p001_bs64,,0.3804,0.544,39.6882,32.8351,30.4316,5048
hourly,validation,gru_seq12_h32_l2_d0p2_lr0p001_bs64,0,0.2294,0.334,38.3052,33.2273,36.2738,209
hourly,validation,gru_seq12_h32_l2_d0p2_lr0p001_bs64,1,0.1801,0.2958,31.5575,28.8339,33.8717,209
hourly,validation,gru_seq12_h32_l2_d0p2_lr0p001_bs64,2,0.1502,0.2361,30.2765,26.6323,31.3276,209
hourly,validation,gru_seq12_h32_l2_d0p2_lr0p001_bs64,3,0.1451,0.2097,34.5697,28.9197,33.5244,209
hourly,validation,gru_seq12_h32_l2_d0p2_lr0p001_bs64,4,0.148,0.2072,36.8741,31.4916,35.9187,209
hourly,validation,gru_seq12_h32_l2_d0p2_lr0p001_bs64,5,0.1902,0.2286,47.0323,39.3647,43.3338,209
hourly,validation,gru_seq12_h32_l2_d0p2_lr0p001_bs64,6,0.3121,0.3887,46.7304,37.7746,37.8236,209
hourly,validation,gru_seq12_h32_l2_d0p2_lr0p001_bs64,7,0.4981,0.6214,46.0171,35.0343,28.133,210
hourly,validation,gru_seq12_h32_l2_d0p2_lr0p001_bs64,8,0.3976,0.5094,34.2211,27.0269,24.1155,210
hourly,validation,gru_seq12_h32_l2_d0p2_lr0p001_bs64,9,0.324,0.4334,29.9403,23.0775,20.8889,210
hourly,validation,gru_seq12_h32_l2_d0p2_lr0p001_bs64,10,0.356,0.4845,29.3756,24.9784,23.547,210
hourly,validation,gru_seq12_h32_l2_d0p2_lr0p001_bs64,11,0.4219,0.6238,38.8622,30.633,27.943,210
hourly,validation,gru_seq12_h32_l2_d0p2_lr0p001_bs64,12,0.4355,0.6197,42.8629,32.647,29.8649,212
hourly,validation,gru_seq12_h32_l2_d0p2_lr0p001_bs64,13,0.4232,0.5655,44.3981,35.7963,31.1811,212
hourly,validation,gru_seq12_h32_l2_d0p2_lr0p001_bs64,14,0.4255,0.603,46.6598,36.3408,33.9328,212
hourly,validation,gru_seq12_h32_l2_d0p2_lr0p001_bs64,15,0.4448,0.6484,47.4726,38.376,37.4207,211
hourly,validation,gru_seq12_h32_l2_d0p2_lr0p001_bs64,16,0.4015,0.5709,41.4969,36.3654,34.307,211
hourly,validation,gru_seq12_h32_l2_d0p2_lr0p001_bs64,17,0.4679,0.6883,40.1729,36.2453,35.232,211
hourly,validation,gru_seq12_h32_l2_d0p2_lr0p001_bs64,18,0.5355,0.709,42.9758,36.4677,32.7936,211
hourly,validation,gru_seq12_h32_l2_d0p2_lr0p001_bs64,19,0.6361,0.7923,38.0642,33.354,30.5796,211
hourly,validation,gru_seq12_h32_l2_d0p2_lr0p001_bs64,20,0.6284,0.7976,36.9602,30.9014,27.4319,211
hourly,validation,gru_seq12_h32_l2_d0p2_lr0p001_bs64,21,0.5293,0.6705,34.387,28.7758,25.6862,211
hourly,validation,gru_seq12_h32_l2_d0p2_lr0p001_bs64,22,0.4702,0.5911,41.3475,34.7123,31.1679,211
hourly,validation,gru_seq12_h32_l2_d0p2_lr0p001_bs64,23,0.3674,0.4817,51.6722,40.8917,41.3286,211
summary,test,gru_seq12_h32_l2_d0p2_lr0p001_bs64,,0.334,0.4832,42.859,35.6721,34.8397,5049
hourly,test,gru_seq12_h32_l2_d0p2_lr0p001_bs64,0,0.247,0.408,35.5282,33.3229,37.439,209
hourly,test,gru_seq12_h32_l2_d0p2_lr0p001_bs64,1,0.1934,0.3193,29.2332,30.2359,34.0494,209
hourly,test,gru_seq12_h32_l2_d0p2_lr0p001_bs64,2,0.1676,0.2621,29.0382,29.045,31.7871,209
hourly,test,gru_seq12_h32_l2_d0p2_lr0p001_bs64,3,0.1456,0.2292,30.4663,28.2492,31.3001,209
hourly,test,gru_seq12_h32_l2_d0p2_lr0p001_bs64,4,0.1719,0.2479,36.6721,33.6747,37.1373,209
hourly,test,gru_seq12_h32_l2_d0p2_lr0p001_bs64,5,0.1795,0.2512,41.9657,35.6686,39.923,209
hourly,test,gru_seq12_h32_l2_d0p2_lr0p001_bs64,6,0.232,0.297,44.0851,34.4023,35.5811,209
hourly,test,gru_seq12_h32_l2_d0p2_lr0p001_bs64,7,0.4521,0.572,54.0551,39.3995,34.3329,209
hourly,test,gru_seq12_h32_l2_d0p2_lr0p001_bs64,8,0.333,0.4258,40.5265,30.0529,26.5275,209
hourly,test,gru_seq12_h32_l2_d0p2_lr0p001_bs64,9,0.3259,0.4566,40.6884,30.5288,27.1817,209
hourly,test,gru_seq12_h32_l2_d0p2_lr0p001_bs64,10,0.3803,0.5246,47.236,36.0358,33.3745,209
hourly,test,gru_seq12_h32_l2_d0p2_lr0p001_bs64,11,0.382,0.5325,45.4664,36.6501,33.5338,209
hourly,test,gru_seq12_h32_l2_d0p2_lr0p001_bs64,12,0.4059,0.5718,46.9834,38.5198,36.7357,211
hourly,test,gru_seq12_h32_l2_d0p2_lr0p001_bs64,13,0.3581,0.4698,42.2468,36.7702,34.382,211
hourly,test,gru_seq12_h32_l2_d0p2_lr0p001_bs64,14,0.3808,0.5198,48.1382,40.7993,38.759,211
hourly,test,gru_seq12_h32_l2_d0p2_lr0p001_bs64,15,0.3368,0.4757,42.8976,37.086,37.1149,212
hourly,test,gru_seq12_h32_l2_d0p2_lr0p001_bs64,16,0.3201,0.4326,46.5001,38.6141,38.9915,212
hourly,test,gru_seq12_h32_l2_d0p2_lr0p001_bs64,17,0.3575,0.5116,46.2046,40.469,40.4443,212
hourly,test,gru_seq12_h32_l2_d0p2_lr0p001_bs64,18,0.4418,0.6574,49.6996,41.5018,41.2376,212
hourly,test,gru_seq12_h32_l2_d0p2_lr0p001_bs64,19,0.4599,0.6231,55.9815,39.1012,35.5197,212
hourly,test,gru_seq12_h32_l2_d0p2_lr0p001_bs64,20,0.4495,0.5932,46.1395,34.3201,30.5556,212
hourly,test,gru_seq12_h32_l2_d0p2_lr0p001_bs64,21,0.5154,0.6786,44.257,37.2216,33.985,212
hourly,test,gru_seq12_h32_l2_d0p2_lr0p001_bs64,22,0.426,0.5653,40.9402,35.9211,35.2457,212
hourly,test,gru_seq12_h32_l2_d0p2_lr0p001_bs64,23,0.3438,0.517,43.1514,38.1468,40.4904,212
summary,validation,gru_seq12_h32_l2_d0p2_lr0p0005_bs64,,0.3774,0.5428,39.0831,32.2751,30.1856,5048
hourly,validation,gru_seq12_h32_l2_d0p2_lr0p0005_bs64,0,0.2275,0.3427,35.6494,32.082,35.9672,209
hourly,validation,gru_seq12_h32_l2_d0p2_lr0p0005_bs64,1,0.1821,0.3056,29.9148,28.8601,34.2615,209
hourly,validation,gru_seq12_h32_l2_d0p2_lr0p0005_bs64,2,0.1444,0.2367,27.6496,25.305,30.1188,209
hourly,validation,gru_seq12_h32_l2_d0p2_lr0p0005_bs64,3,0.135,0.2075,30.5756,26.5095,31.1735,209
hourly,validation,gru_seq12_h32_l2_d0p2_lr0p0005_bs64,4,0.1309,0.2024,30.3468,27.4263,31.7805,209
hourly,validation,gru_seq12_h32_l2_d0p2_lr0p0005_bs64,5,0.1823,0.2284,44.2487,37.4093,41.5295,209
hourly,validation,gru_seq12_h32_l2_d0p2_lr0p0005_bs64,6,0.3303,0.4209,49.1888,38.6085,40.0267,209
hourly,validation,gru_seq12_h32_l2_d0p2_lr0p0005_bs64,7,0.4852,0.6083,45.5271,33.5763,27.4045,210
hourly,validation,gru_seq12_h32_l2_d0p2_lr0p0005_bs64,8,0.3901,0.5106,34.0894,26.503,23.6576,210
hourly,validation,gru_seq12_h32_l2_d0p2_lr0p0005_bs64,9,0.3342,0.4464,31.251,23.9396,21.5472,210
hourly,validation,gru_seq12_h32_l2_d0p2_lr0p0005_bs64,10,0.3502,0.4765,29.0725,24.7021,23.1664,210
hourly,validation,gru_seq12_h32_l2_d0p2_lr0p0005_bs64,11,0.4277,0.628,38.8926,30.9201,28.3286,210
hourly,validation,gru_seq12_h32_l2_d0p2_lr0p0005_bs64,12,0.4305,0.6198,42.4664,32.3476,29.5169,212
hourly,validation,gru_seq12_h32_l2_d0p2_lr0p0005_bs64,13,0.4231,0.5637,45.2359,35.9175,31.1777,212
hourly,validation,gru_seq12_h32_l2_d0p2_lr0p0005_bs64,14,0.4248,0.6053,47.3522,36.7115,33.8818,212
hourly,validation,gru_seq12_h32_l2_d0p2_lr0p0005_bs64,15,0.443,0.6452,47.6705,38.4637,37.2704,211
hourly,validation,gru_seq12_h32_l2_d0p2_lr0p0005_bs64,16,0.4007,0.5743,41.4093,36.4907,34.2403,211
hourly,validation,gru_seq12_h32_l2_d0p2_lr0p0005_bs64,17,0.4661,0.6856,40.3397,36.1417,35.0946,211
hourly,validation,gru_seq12_h32_l2_d0p2_lr0p0005_bs64,18,0.5275,0.705,44.1201,35.852,32.3029,211
hourly,validation,gru_seq12_h32_l2_d0p2_lr0p0005_bs64,19,0.6372,0.7806,39.7005,33.3176,30.6351,211
hourly,validation,gru_seq12_h32_l2_d0p2_lr0p0005_bs64,20,0.6163,0.7725,36.9851,30.3015,26.905,211
hourly,validation,gru_seq12_h32_l2_d0p2_lr0p0005_bs64,21,0.5187,0.6686,33.3883,28.2882,25.1708,211
hourly,validation,gru_seq12_h32_l2_d0p2_lr0p0005_bs64,22,0.4685,0.5899,41.0835,34.327,31.0605,211
hourly,validation,gru_seq12_h32_l2_d0p2_lr0p0005_bs64,23,0.3677,0.4915,51.4272,40.3687,41.3645,211
summary,test,gru_seq12_h32_l2_d0p2_lr0p0005_bs64,,0.3374,0.4817,45.2431,36.2968,35.1891,5049
hourly,test,gru_seq12_h32_l2_d0p2_lr0p0005_bs64,0,0.2501,0.4035,37.7627,34.0,37.9173,209
hourly,test,gru_seq12_h32_l2_d0p2_lr0p0005_bs64,1,0.1969,0.322,29.9346,31.0766,34.666,209
hourly,test,gru_seq12_h32_l2_d0p2_lr0p0005_bs64,2,0.1666,0.2653,28.3072,28.5813,31.5975,209
hourly,test,gru_seq12_h32_l2_d0p2_lr0p0005_bs64,3,0.1365,0.2258,27.4141,26.0979,29.327,209
hourly,test,gru_seq12_h32_l2_d0p2_lr0p0005_bs64,4,0.1596,0.2457,32.1416,30.9105,34.487,209
hourly,test,gru_seq12_h32_l2_d0p2_lr0p0005_bs64,5,0.1763,0.2538,41.0512,34.6967,39.2049,209
hourly,test,gru_seq12_h32_l2_d0p2_lr0p0005_bs64,6,0.252,0.3199,48.2011,36.2677,38.6493,209
hourly,test,gru_seq12_h32_l2_d0p2_lr0p0005_bs64,7,0.4532,0.5696,57.7263,39.7061,34.4162,209
hourly,test,gru_seq12_h32_l2_d0p2_lr0p0005_bs64,8,0.3303,0.4252,42.669,30.6663,26.3156,209
hourly,test,gru_seq12_h32_l2_d0p2_lr0p0005_bs64,9,0.3408,0.468,44.3188,32.5229,28.4222,209
hourly,test,gru_seq12_h32_l2_d0p2_lr0p0005_bs64,10,0.3891,0.5268,50.7528,37.9924,34.1491,209
hourly,test,gru_seq12_h32_l2_d0p2_lr0p0005_bs64,11,0.3869,0.535,48.0967,37.9131,33.9626,209
hourly,test,gru_seq12_h32_l2_d0p2_lr0p0005_bs64,12,0.4082,0.5675,49.7545,39.1449,36.9467,211
hourly,test,gru_seq12_h32_l2_d0p2_lr0p0005_bs64,13,0.3556,0.4623,44.349,36.6245,34.1435,211
hourly,test,gru_seq12_h32_l2_d0p2_lr0p0005_bs64,14,0.3847,0.5212,52.1132,41.4161,39.1535,211
hourly,test,gru_seq12_h32_l2_d0p2_lr0p0005_bs64,15,0.3436,0.4738,46.0916,37.9591,37.8635,212
hourly,test,gru_seq12_h32_l2_d0p2_lr0p0005_bs64,16,0.3261,0.4288,49.9274,40.0256,39.7257,212
hourly,test,gru_seq12_h32_l2_d0p2_lr0p0005_bs64,17,0.3635,0.5082,49.433,41.8672,41.1318,212
hourly,test,gru_seq12_h32_l2_d0p2_lr0p0005_bs64,18,0.4354,0.6402,52.9593,41.9809,40.6412,212
hourly,test,gru_seq12_h32_l2_d0p2_lr0p0005_bs64,19,0.4944,0.6382,64.585,42.2202,38.1797,212
hourly,test,gru_seq12_h32_l2_d0p2_lr0p0005_bs64,20,0.4491,0.5932,50.2101,35.4476,30.5278,212
hourly,test,gru_seq12_h32_l2_d0p2_lr0p0005_bs64,21,0.5123,0.6675,46.734,37.9473,33.7807,212
hourly,test,gru_seq12_h32_l2_d0p2_lr0p0005_bs64,22,0.4199,0.5538,42.8183,35.6965,34.7456,212
hourly,test,gru_seq12_h32_l2_d0p2_lr0p0005_bs64,23,0.3549,0.5095,47.7615,39.9041,41.7907,212
summary,validation,gru_seq12_h32_l2_d0p3_lr0p001_bs64,,0.376,0.5424,38.6825,32.2176,30.0727,5048
hourly,validation,gru_seq12_h32_l2_d0p3_lr0p001_bs64,0,0.2179,0.3296,34.417,31.0219,34.4561,209
hourly,validation,gru_seq12_h32_l2_d0p3_lr0p001_bs64,1,0.1738,0.2962,29.0892,27.5018,32.698,209
hourly,validation,gru_seq12_h32_l2_d0p3_lr0p001_bs64,2,0.1424,0.2347,27.1559,24.9179,29.7008,209
hourly,validation,gru_seq12_h32_l2_d0p3_lr0p001_bs64,3,0.1357,0.2071,31.1507,26.8001,31.3466,209
hourly,validation,gru_seq12_h32_l2_d0p3_lr0p001_bs64,4,0.14,0.2004,34.0228,29.88,33.9837,209
hourly,validation,gru_seq12_h32_l2_d0p3_lr0p001_bs64,5,0.1886,0.2278,46.3742,39.0066,42.9569,209
hourly,validation,gru_seq12_h32_l2_d0p3_lr0p001_bs64,6,0.3239,0.4034,49.1337,38.4838,39.2532,209
hourly,validation,gru_seq12_h32_l2_d0p3_lr0p001_bs64,7,0.5008,0.6237,47.1945,35.0469,28.2868,210
hourly,validation,gru_seq12_h32_l2_d0p3_lr0p001_bs64,8,0.395,0.5125,34.2082,26.8124,23.9577,210
hourly,validation,gru_seq12_h32_l2_d0p3_lr0p001_bs64,9,0.3281,0.4416,30.6697,23.4315,21.1541,210
hourly,validation,gru_seq12_h32_l2_d0p3_lr0p001_bs64,10,0.3506,0.4829,29.0034,24.7109,23.1936,210
hourly,validation,gru_seq12_h32_l2_d0p3_lr0p001_bs64,11,0.4211,0.6259,38.3301,30.545,27.8919,210
hourly,validation,gru_seq12_h32_l2_d0p3_lr0p001_bs64,12,0.425,0.6126,41.6157,31.852,29.1451,212
hourly,validation,gru_seq12_h32_l2_d0p3_lr0p001_bs64,13,0.4134,0.5572,43.8113,34.9167,30.4577,212
hourly,validation,gru_seq12_h32_l2_d0p3_lr0p001_bs64,14,0.4212,0.6044,46.1875,35.7327,33.5893,212
hourly,validation,gru_seq12_h32_l2_d0p3_lr0p001_bs64,15,0.4434,0.6491,47.4822,38.2735,37.3022,211
hourly,validation,gru_seq12_h32_l2_d0p3_lr0p001_bs64,16,0.3996,0.5684,41.2744,36.4128,34.1478,211
hourly,validation,gru_seq12_h32_l2_d0p3_lr0p001_bs64,17,0.4678,0.6895,39.4141,36.1753,35.2216,211
hourly,validation,gru_seq12_h32_l2_d0p3_lr0p001_bs64,18,0.5364,0.711,41.6122,36.5096,32.8468,211
hourly,validation,gru_seq12_h32_l2_d0p3_lr0p001_bs64,19,0.6348,0.7923,37.5865,33.2693,30.5175,211
hourly,validation,gru_seq12_h32_l2_d0p3_lr0p001_bs64,20,0.6183,0.7875,36.0499,30.3142,26.9899,211
hourly,validation,gru_seq12_h32_l2_d0p3_lr0p001_bs64,21,0.5117,0.6494,32.8709,27.7318,24.8292,211
hourly,validation,gru_seq12_h32_l2_d0p3_lr0p001_bs64,22,0.4619,0.5898,40.276,34.0022,30.6223,211
hourly,validation,gru_seq12_h32_l2_d0p3_lr0p001_bs64,23,0.359,0.4798,49.1263,39.6728,40.383,211
summary,test,gru_seq12_h32_l2_d0p3_lr0p001_bs64,,0.3326,0.4841,42.0378,35.4098,34.6905,5049
hourly,test,gru_seq12_h32_l2_d0p3_lr0p001_bs64,0,0.2429,0.4056,33.6192,32.4801,36.8169,209
hourly,test,gru_seq12_h32_l2_d0p3_lr0p001_bs64,1,0.1937,0.324,27.8652,30.5271,34.0967,209
hourly,test,gru_seq12_h32_l2_d0p3_lr0p001_bs64,2,0.1624,0.2664,26.1586,27.7598,30.787,209
hourly,test,gru_seq12_h32_l2_d0p3_lr0p001_bs64,3,0.1369,0.2324,26.8375,26.0379,29.4303,209
hourly,test,gru_seq12_h32_l2_d0p3_lr0p001_bs64,4,0.1696,0.2515,35.202,33.1357,36.6282,209
hourly,test,gru_seq12_h32_l2_d0p3_lr0p001_bs64,5,0.178,0.2514,41.4938,35.2743,39.5694,209
hourly,test,gru_seq12_h32_l2_d0p3_lr0p001_bs64,6,0.2428,0.3092,46.0635,35.4398,37.2332,209
hourly,test,gru_seq12_h32_l2_d0p3_lr0p001_bs64,7,0.4508,0.5693,55.2238,39.4565,34.2349,209
hourly,test,gru_seq12_h32_l2_d0p3_lr0p001_bs64,8,0.3321,0.4267,40.8144,30.2354,26.4554,209
hourly,test,gru_seq12_h32_l2_d0p3_lr0p001_bs64,9,0.3317,0.4597,41.4522,31.1157,27.6592,209
hourly,test,gru_seq12_h32_l2_d0p3_lr0p001_bs64,10,0.3848,0.5261,47.3487,36.7451,33.7704,209
hourly,test,gru_seq12_h32_l2_d0p3_lr0p001_bs64,11,0.3806,0.5329,44.0863,36.3449,33.4103,209
hourly,test,gru_seq12_h32_l2_d0p3_lr0p001_bs64,12,0.4014,0.5711,45.7807,38.1624,36.332,211
hourly,test,gru_seq12_h32_l2_d0p3_lr0p001_bs64,13,0.3527,0.4657,41.2738,36.216,33.8612,211
hourly,test,gru_seq12_h32_l2_d0p3_lr0p001_bs64,14,0.3738,0.5192,46.9077,39.7825,38.0437,211
hourly,test,gru_seq12_h32_l2_d0p3_lr0p001_bs64,15,0.3341,0.4771,42.3242,36.6664,36.817,212
hourly,test,gru_seq12_h32_l2_d0p3_lr0p001_bs64,16,0.323,0.438,46.307,38.8541,39.3447,212
hourly,test,gru_seq12_h32_l2_d0p3_lr0p001_bs64,17,0.3543,0.5115,45.0639,40.007,40.0828,212
hourly,test,gru_seq12_h32_l2_d0p3_lr0p001_bs64,18,0.4431,0.662,48.4794,41.4189,41.3622,212
hourly,test,gru_seq12_h32_l2_d0p3_lr0p001_bs64,19,0.4636,0.6277,55.162,39.6121,35.8034,212
hourly,test,gru_seq12_h32_l2_d0p3_lr0p001_bs64,20,0.4488,0.5916,45.1077,34.2156,30.5048,212
hourly,test,gru_seq12_h32_l2_d0p3_lr0p001_bs64,21,0.5098,0.677,43.7619,37.0158,33.6161,212
hourly,test,gru_seq12_h32_l2_d0p3_lr0p001_bs64,22,0.4218,0.5625,40.2514,35.5346,34.9063,212
hourly,test,gru_seq12_h32_l2_d0p3_lr0p001_bs64,23,0.3393,0.5154,41.8169,37.4049,39.9569,212
summary,validation,gru_seq12_h32_l2_d0p3_lr0p0005_bs64,,0.3752,0.5412,38.8879,32.0156,30.0162,5048
hourly,validation,gru_seq12_h32_l2_d0p3_lr0p0005_bs64,0,0.224,0.3387,35.5028,31.7174,35.4136,209
hourly,validation,gru_seq12_h32_l2_d0p3_lr0p0005_bs64,1,0.183,0.3077,30.0016,29.1942,34.4296,209
hourly,validation,gru_seq12_h32_l2_d0p3_lr0p0005_bs64,2,0.1416,0.2372,26.3418,24.6936,29.5335,209
hourly,validation,gru_seq12_h32_l2_d0p3_lr0p0005_bs64,3,0.1303,0.2078,28.6156,25.3723,30.1072,209
hourly,validation,gru_seq12_h32_l2_d0p3_lr0p0005_bs64,4,0.1265,0.2007,28.53,26.4725,30.7077,209
hourly,validation,gru_seq12_h32_l2_d0p3_lr0p0005_bs64,5,0.1869,0.2314,45.9293,38.2051,42.5861,209
hourly,validation,gru_seq12_h32_l2_d0p3_lr0p0005_bs64,6,0.3392,0.4356,51.4612,38.7512,41.1087,209
hourly,validation,gru_seq12_h32_l2_d0p3_lr0p0005_bs64,7,0.4868,0.6062,46.2627,33.803,27.4958,210
hourly,validation,gru_seq12_h32_l2_d0p3_lr0p0005_bs64,8,0.3858,0.5076,33.8251,26.3064,23.3987,210
hourly,validation,gru_seq12_h32_l2_d0p3_lr0p0005_bs64,9,0.3344,0.4486,31.3296,23.9553,21.5563,210
hourly,validation,gru_seq12_h32_l2_d0p3_lr0p0005_bs64,10,0.3448,0.4737,28.5099,24.2962,22.8083,210
hourly,validation,gru_seq12_h32_l2_d0p3_lr0p0005_bs64,11,0.4265,0.6299,38.2593,30.7929,28.2463,210
hourly,validation,gru_seq12_h32_l2_d0p3_lr0p0005_bs64,12,0.4219,0.6137,41.174,31.5368,28.9289,212
hourly,validation,gru_seq12_h32_l2_d0p3_lr0p0005_bs64,13,0.4166,0.5594,44.4365,35.3204,30.6949,212
hourly,validation,gru_seq12_h32_l2_d0p3_lr0p0005_bs64,14,0.4223,0.606,46.7507,36.1813,33.6778,212
hourly,validation,gru_seq12_h32_l2_d0p3_lr0p0005_bs64,15,0.4389,0.6451,47.4406,38.0399,36.9266,211
hourly,validation,gru_seq12_h32_l2_d0p3_lr0p0005_bs64,16,0.3991,0.5726,41.4679,36.3624,34.1053,211
hourly,validation,gru_seq12_h32_l2_d0p3_lr0p0005_bs64,17,0.462,0.6813,40.1394,35.8029,34.7861,211
hourly,validation,gru_seq12_h32_l2_d0p3_lr0p0005_bs64,18,0.5283,0.7021,44.0475,35.7472,32.3493,211
hourly,validation,gru_seq12_h32_l2_d0p3_lr0p0005_bs64,19,0.6401,0.7814,39.9861,33.3997,30.7755,211
hourly,validation,gru_seq12_h32_l2_d0p3_lr0p0005_bs64,20,0.6098,0.7672,36.6251,29.9982,26.6192,211
hourly,validation,gru_seq12_h32_l2_d0p3_lr0p0005_bs64,21,0.5117,0.6538,32.8128,27.8641,24.8318,211
hourly,validation,gru_seq12_h32_l2_d0p3_lr0p0005_bs64,22,0.4639,0.5871,41.1214,33.8982,30.7559,211
hourly,validation,gru_seq12_h32_l2_d0p3_lr0p0005_bs64,23,0.369,0.4942,52.3416,40.4396,41.5128,211
summary,test,gru_seq12_h32_l2_d0p3_lr0p0005_bs64,,0.3372,0.4819,45.2182,36.3089,35.1681,5049
hourly,test,gru_seq12_h32_l2_d0p3_lr0p0005_bs64,0,0.2507,0.3979,38.691,34.0846,38.0092,209
hourly,test,gru_seq12_h32_l2_d0p3_lr0p0005_bs64,1,0.1952,0.3182,29.9346,30.9905,34.3595,209
hourly,test,gru_seq12_h32_l2_d0p3_lr0p0005_bs64,2,0.1662,0.2653,27.9022,28.4666,31.5232,209
hourly,test,gru_seq12_h32_l2_d0p3_lr0p0005_bs64,3,0.133,0.2275,25.9189,25.243,28.577,209
hourly,test,gru_seq12_h32_l2_d0p3_lr0p0005_bs64,4,0.1592,0.2472,31.7043,30.7993,34.3842,209
hourly,test,gru_seq12_h32_l2_d0p3_lr0p0005_bs64,5,0.1786,0.2569,42.1212,35.0448,39.7017,209
hourly,test,gru_seq12_h32_l2_d0p3_lr0p0005_bs64,6,0.2661,0.3379,50.7054,37.5805,40.8153,209
hourly,test,gru_seq12_h32_l2_d0p3_lr0p0005_bs64,7,0.451,0.5658,57.8608,39.7572,34.2537,209
hourly,test,gru_seq12_h32_l2_d0p3_lr0p0005_bs64,8,0.3264,0.4212,41.8554,30.5003,26.0078,209
hourly,test,gru_seq12_h32_l2_d0p3_lr0p0005_bs64,9,0.3402,0.4698,43.9613,32.4675,28.3731,209
hourly,test,gru_seq12_h32_l2_d0p3_lr0p0005_bs64,10,0.3887,0.5277,49.8949,37.7924,34.1126,209
hourly,test,gru_seq12_h32_l2_d0p3_lr0p0005_bs64,11,0.3854,0.5372,46.7386,37.6065,33.8258,209
hourly,test,gru_seq12_h32_l2_d0p3_lr0p0005_bs64,12,0.4038,0.5677,48.3149,38.725,36.5446,211
hourly,test,gru_seq12_h32_l2_d0p3_lr0p0005_bs64,13,0.3534,0.4634,43.3709,36.3532,33.9316,211
hourly,test,gru_seq12_h32_l2_d0p3_lr0p0005_bs64,14,0.381,0.5196,51.2126,40.9701,38.7853,211
hourly,test,gru_seq12_h32_l2_d0p3_lr0p0005_bs64,15,0.3393,0.4705,45.3552,37.5063,37.3887,212
hourly,test,gru_seq12_h32_l2_d0p3_lr0p0005_bs64,16,0.3259,0.4313,50.0611,40.0168,39.6971,212
hourly,test,gru_seq12_h32_l2_d0p3_lr0p0005_bs64,17,0.3613,0.5037,49.7882,41.9078,40.8752,212
hourly,test,gru_seq12_h32_l2_d0p3_lr0p0005_bs64,18,0.4417,0.6441,54.339,42.6826,41.2273,212
hourly,test,gru_seq12_h32_l2_d0p3_lr0p0005_bs64,19,0.4999,0.6436,65.8894,42.843,38.6079,212
hourly,test,gru_seq12_h32_l2_d0p3_lr0p0005_bs64,20,0.4504,0.5917,50.257,35.7449,30.6143,212
hourly,test,gru_seq12_h32_l2_d0p3_lr0p0005_bs64,21,0.5105,0.6664,46.6057,38.0072,33.6618,212
hourly,test,gru_seq12_h32_l2_d0p3_lr0p0005_bs64,22,0.4178,0.5524,43.0971,35.7195,34.5722,212
hourly,test,gru_seq12_h32_l2_d0p3_lr0p0005_bs64,23,0.3557,0.5074,48.9089,40.1362,41.8833,212
summary,validation,gru_seq12_h64_l1_d0p0_lr0p001_bs64,,0.3729,0.5405,38.2907,31.8821,29.8322,5048
hourly,validation,gru_seq12_h64_l1_d0p0_lr0p001_bs64,0,0.2183,0.3182,37.9751,32.0034,34.5255,209
hourly,validation,gru_seq12_h64_l1_d0p0_lr0p001_bs64,1,0.1737,0.2896,30.3158,28.7985,32.6745,209
hourly,validation,gru_seq12_h64_l1_d0p0_lr0p001_bs64,2,0.1551,0.2501,29.6958,29.7518,32.3492,209
hourly,validation,gru_seq12_h64_l1_d0p0_lr0p001_bs64,3,0.1337,0.2236,29.6975,26.4719,30.8805,209
hourly,validation,gru_seq12_h64_l1_d0p0_lr0p001_bs64,4,0.1333,0.2227,29.7847,27.5506,32.3689,209
hourly,validation,gru_seq12_h64_l1_d0p0_lr0p001_bs64,5,0.15,0.2329,29.9855,30.37,34.1708,209
hourly,validation,gru_seq12_h64_l1_d0p0_lr0p001_bs64,6,0.2903,0.3897,37.4535,35.467,35.1801,209
hourly,validation,gru_seq12_h64_l1_d0p0_lr0p001_bs64,7,0.4927,0.6425,38.4892,31.7097,27.8282,210
hourly,validation,gru_seq12_h64_l1_d0p0_lr0p001_bs64,8,0.3964,0.5094,34.1179,27.2853,24.0435,210
hourly,validation,gru_seq12_h64_l1_d0p0_lr0p001_bs64,9,0.3335,0.4447,30.5898,23.9204,21.498,210
hourly,validation,gru_seq12_h64_l1_d0p0_lr0p001_bs64,10,0.3476,0.4805,28.9028,24.4662,22.9906,210
hourly,validation,gru_seq12_h64_l1_d0p0_lr0p001_bs64,11,0.4116,0.6197,38.7495,29.8561,27.2622,210
hourly,validation,gru_seq12_h64_l1_d0p0_lr0p001_bs64,12,0.424,0.612,41.8127,31.824,29.0758,212
hourly,validation,gru_seq12_h64_l1_d0p0_lr0p001_bs64,13,0.4106,0.5549,45.9376,35.4085,30.2541,212
hourly,validation,gru_seq12_h64_l1_d0p0_lr0p001_bs64,14,0.4285,0.5997,49.848,36.9371,34.1737,212
hourly,validation,gru_seq12_h64_l1_d0p0_lr0p001_bs64,15,0.4407,0.6462,50.3534,38.3553,37.0734,211
hourly,validation,gru_seq12_h64_l1_d0p0_lr0p001_bs64,16,0.4003,0.5676,44.1663,36.5739,34.2028,211
hourly,validation,gru_seq12_h64_l1_d0p0_lr0p001_bs64,17,0.4675,0.6756,44.1951,36.5514,35.2003,211
hourly,validation,gru_seq12_h64_l1_d0p0_lr0p001_bs64,18,0.5333,0.7023,45.0481,36.0844,32.6551,211
hourly,validation,gru_seq12_h64_l1_d0p0_lr0p001_bs64,19,0.6278,0.7731,37.4301,32.7889,30.1803,211
hourly,validation,gru_seq12_h64_l1_d0p0_lr0p001_bs64,20,0.6236,0.7887,37.2795,30.5238,27.2232,211
hourly,validation,gru_seq12_h64_l1_d0p0_lr0p001_bs64,21,0.5141,0.6598,33.4373,27.9862,24.9482,211
hourly,validation,gru_seq12_h64_l1_d0p0_lr0p001_bs64,22,0.4756,0.5914,41.2609,34.8263,31.53,211
hourly,validation,gru_seq12_h64_l1_d0p0_lr0p001_bs64,23,0.3555,0.4701,51.8359,39.393,39.9996,211
summary,test,gru_seq12_h64_l1_d0p0_lr0p001_bs64,,0.3303,0.4808,41.9157,35.672,34.4552,5049
hourly,test,gru_seq12_h64_l1_d0p0_lr0p001_bs64,0,0.2459,0.4084,36.2298,34.5435,37.2794,209
hourly,test,gru_seq12_h64_l1_d0p0_lr0p001_bs64,1,0.2021,0.3265,30.4766,34.2955,35.5732,209
hourly,test,gru_seq12_h64_l1_d0p0_lr0p001_bs64,2,0.1858,0.2935,30.2845,34.4693,35.2347,209
hourly,test,gru_seq12_h64_l1_d0p0_lr0p001_bs64,3,0.1454,0.2544,26.9671,28.3203,31.2454,209
hourly,test,gru_seq12_h64_l1_d0p0_lr0p001_bs64,4,0.1649,0.2649,31.3666,32.9665,35.6285,209
hourly,test,gru_seq12_h64_l1_d0p0_lr0p001_bs64,5,0.1481,0.2571,28.2299,29.0777,32.9304,209
hourly,test,gru_seq12_h64_l1_d0p0_lr0p001_bs64,6,0.2216,0.3033,35.2946,34.6731,33.9789,209
hourly,test,gru_seq12_h64_l1_d0p0_lr0p001_bs64,7,0.447,0.5767,47.2096,38.8178,33.9452,209
hourly,test,gru_seq12_h64_l1_d0p0_lr0p001_bs64,8,0.3132,0.4173,37.2405,28.1729,24.9489,209
hourly,test,gru_seq12_h64_l1_d0p0_lr0p001_bs64,9,0.3413,0.4725,41.765,31.8732,28.4592,209
hourly,test,gru_seq12_h64_l1_d0p0_lr0p001_bs64,10,0.3788,0.5224,47.981,36.2801,33.2416,209
hourly,test,gru_seq12_h64_l1_d0p0_lr0p001_bs64,11,0.3739,0.5312,44.8153,35.6978,32.8185,209
hourly,test,gru_seq12_h64_l1_d0p0_lr0p001_bs64,12,0.4036,0.5732,45.9444,38.4304,36.5296,211
hourly,test,gru_seq12_h64_l1_d0p0_lr0p001_bs64,13,0.3515,0.4679,42.5231,35.9781,33.755,211
hourly,test,gru_seq12_h64_l1_d0p0_lr0p001_bs64,14,0.373,0.5163,49.6983,39.7824,37.9658,211
hourly,test,gru_seq12_h64_l1_d0p0_lr0p001_bs64,15,0.3388,0.4791,44.8505,37.2374,37.331,212
hourly,test,gru_seq12_h64_l1_d0p0_lr0p001_bs64,16,0.3195,0.4257,49.8001,39.2854,38.923,212
hourly,test,gru_seq12_h64_l1_d0p0_lr0p001_bs64,17,0.3498,0.4932,47.7988,39.677,39.5749,212
hourly,test,gru_seq12_h64_l1_d0p0_lr0p001_bs64,18,0.4423,0.6447,52.4607,41.6742,41.2832,212
hourly,test,gru_seq12_h64_l1_d0p0_lr0p001_bs64,19,0.4528,0.6019,55.5641,39.0211,34.971,212
hourly,test,gru_seq12_h64_l1_d0p0_lr0p001_bs64,20,0.4667,0.6022,48.1811,35.7521,31.7218,212
hourly,test,gru_seq12_h64_l1_d0p0_lr0p001_bs64,21,0.4996,0.657,45.0369,36.3152,32.9463,212
hourly,test,gru_seq12_h64_l1_d0p0_lr0p001_bs64,22,0.4048,0.5405,40.9809,34.4606,33.4962,212
hourly,test,gru_seq12_h64_l1_d0p0_lr0p001_bs64,23,0.3472,0.5159,44.4142,38.951,40.8855,212
summary,validation,gru_seq12_h64_l1_d0p0_lr0p0005_bs64,,0.3717,0.5379,38.973,31.7031,29.7341,5048
hourly,validation,gru_seq12_h64_l1_d0p0_lr0p0005_bs64,0,0.2282,0.3249,40.2318,33.5166,36.0808,209
hourly,validation,gru_seq12_h64_l1_d0p0_lr0p0005_bs64,1,0.1817,0.2881,34.9125,29.829,34.187,209
hourly,validation,gru_seq12_h64_l1_d0p0_lr0p0005_bs64,2,0.1436,0.2404,27.3951,24.9525,29.9612,209
hourly,validation,gru_seq12_h64_l1_d0p0_lr0p0005_bs64,3,0.1359,0.222,30.7687,26.0771,31.3976,209
hourly,validation,gru_seq12_h64_l1_d0p0_lr0p0005_bs64,4,0.1309,0.2202,28.8317,26.9425,31.7794,209
hourly,validation,gru_seq12_h64_l1_d0p0_lr0p0005_bs64,5,0.1502,0.2293,30.9432,30.2626,34.2055,209
hourly,validation,gru_seq12_h64_l1_d0p0_lr0p0005_bs64,6,0.3011,0.3974,43.0842,35.3466,36.4872,209
hourly,validation,gru_seq12_h64_l1_d0p0_lr0p0005_bs64,7,0.495,0.626,41.9157,32.8153,27.9583,210
hourly,validation,gru_seq12_h64_l1_d0p0_lr0p0005_bs64,8,0.3854,0.504,32.8995,26.5882,23.374,210
hourly,validation,gru_seq12_h64_l1_d0p0_lr0p0005_bs64,9,0.3327,0.4438,30.3318,23.9618,21.4469,210
hourly,validation,gru_seq12_h64_l1_d0p0_lr0p0005_bs64,10,0.3429,0.4759,29.1226,24.2171,22.6834,210
hourly,validation,gru_seq12_h64_l1_d0p0_lr0p0005_bs64,11,0.411,0.6217,40.0494,29.7321,27.2214,210
hourly,validation,gru_seq12_h64_l1_d0p0_lr0p0005_bs64,12,0.4273,0.6168,43.1014,32.3331,29.2996,212
hourly,validation,gru_seq12_h64_l1_d0p0_lr0p0005_bs64,13,0.4116,0.5547,46.495,35.4488,30.325,212
hourly,validation,gru_seq12_h64_l1_d0p0_lr0p0005_bs64,14,0.4321,0.6081,50.2427,37.5318,34.4586,212
hourly,validation,gru_seq12_h64_l1_d0p0_lr0p0005_bs64,15,0.4365,0.6399,49.2642,38.1322,36.7245,211
hourly,validation,gru_seq12_h64_l1_d0p0_lr0p0005_bs64,16,0.389,0.5589,41.7439,35.175,33.2389,211
hourly,validation,gru_seq12_h64_l1_d0p0_lr0p0005_bs64,17,0.458,0.674,41.7665,35.6379,34.4815,211
hourly,validation,gru_seq12_h64_l1_d0p0_lr0p0005_bs64,18,0.5365,0.711,44.6774,36.4071,32.8502,211
hourly,validation,gru_seq12_h64_l1_d0p0_lr0p0005_bs64,19,0.6148,0.7576,37.7245,32.2438,29.5578,211
hourly,validation,gru_seq12_h64_l1_d0p0_lr0p0005_bs64,20,0.6222,0.7798,38.4626,30.559,27.1598,211
hourly,validation,gru_seq12_h64_l1_d0p0_lr0p0005_bs64,21,0.5161,0.6602,34.7239,28.1062,25.0455,211
hourly,validation,gru_seq12_h64_l1_d0p0_lr0p0005_bs64,22,0.4605,0.5774,42.0747,34.0667,30.5295,211
hourly,validation,gru_seq12_h64_l1_d0p0_lr0p0005_bs64,23,0.3653,0.4771,54.0356,40.6999,41.1014,211
summary,test,gru_seq12_h64_l1_d0p0_lr0p0005_bs64,,0.3318,0.4786,43.576,35.5153,34.6108,5049
hourly,test,gru_seq12_h64_l1_d0p0_lr0p0005_bs64,0,0.2441,0.4017,37.0414,33.3754,36.9988,209
hourly,test,gru_seq12_h64_l1_d0p0_lr0p0005_bs64,1,0.1974,0.3037,33.5512,31.8529,34.7507,209
hourly,test,gru_seq12_h64_l1_d0p0_lr0p0005_bs64,2,0.1729,0.2743,29.2984,29.5014,32.7771,209
hourly,test,gru_seq12_h64_l1_d0p0_lr0p0005_bs64,3,0.1441,0.2432,28.1442,26.6109,30.9653,209
hourly,test,gru_seq12_h64_l1_d0p0_lr0p0005_bs64,4,0.1596,0.2588,30.8974,30.2816,34.4761,209
hourly,test,gru_seq12_h64_l1_d0p0_lr0p0005_bs64,5,0.1496,0.2567,29.8519,28.4549,33.2735,209
hourly,test,gru_seq12_h64_l1_d0p0_lr0p0005_bs64,6,0.2407,0.311,41.9453,35.186,36.9077,209
hourly,test,gru_seq12_h64_l1_d0p0_lr0p0005_bs64,7,0.4476,0.5683,51.8635,39.1116,33.9956,209
hourly,test,gru_seq12_h64_l1_d0p0_lr0p0005_bs64,8,0.317,0.4194,38.1273,29.0674,25.2544,209
hourly,test,gru_seq12_h64_l1_d0p0_lr0p0005_bs64,9,0.3406,0.4673,41.5922,32.1917,28.4017,209
hourly,test,gru_seq12_h64_l1_d0p0_lr0p0005_bs64,10,0.3815,0.5214,50.5198,37.3409,33.4797,209
hourly,test,gru_seq12_h64_l1_d0p0_lr0p0005_bs64,11,0.3719,0.5222,46.2448,35.8839,32.6406,209
hourly,test,gru_seq12_h64_l1_d0p0_lr0p0005_bs64,12,0.404,0.572,46.9748,38.2579,36.5633,211
hourly,test,gru_seq12_h64_l1_d0p0_lr0p0005_bs64,13,0.3538,0.4692,43.8142,36.292,33.9684,211
hourly,test,gru_seq12_h64_l1_d0p0_lr0p0005_bs64,14,0.372,0.5114,50.3558,39.7749,37.86,211
hourly,test,gru_seq12_h64_l1_d0p0_lr0p0005_bs64,15,0.3429,0.4827,45.5136,37.8639,37.7812,212
hourly,test,gru_seq12_h64_l1_d0p0_lr0p0005_bs64,16,0.3198,0.4268,50.1706,39.4515,38.9576,212
hourly,test,gru_seq12_h64_l1_d0p0_lr0p0005_bs64,17,0.3506,0.4986,47.6739,40.0163,39.6634,212
hourly,test,gru_seq12_h64_l1_d0p0_lr0p0005_bs64,18,0.4386,0.6443,52.0999,41.4366,40.9393,212
hourly,test,gru_seq12_h64_l1_d0p0_lr0p0005_bs64,19,0.4764,0.6166,60.4015,41.2911,36.7947,212
hourly,test,gru_seq12_h64_l1_d0p0_lr0p0005_bs64,20,0.4647,0.5966,50.9994,36.4677,31.5855,212
hourly,test,gru_seq12_h64_l1_d0p0_lr0p0005_bs64,21,0.5027,0.6519,48.3204,37.4852,33.1521,212
hourly,test,gru_seq12_h64_l1_d0p0_lr0p0005_bs64,22,0.4082,0.5416,42.6095,34.7112,33.7744,212
hourly,test,gru_seq12_h64_l1_d0p0_lr0p0005_bs64,23,0.3526,0.5132,46.9585,39.9679,41.5214,212
summary,validation,gru_seq12_h64_l2_d0p0_lr0p001_bs64,,0.3739,0.5422,38.0603,31.769,29.9068,5048
hourly,validation,gru_seq12_h64_l2_d0p0_lr0p001_bs64,0,0.2175,0.3176,38.4438,32.5413,34.3925,209
hourly,validation,gru_seq12_h64_l2_d0p0_lr0p001_bs64,1,0.1805,0.2967,31.6646,29.9341,33.954,209
hourly,validation,gru_seq12_h64_l2_d0p0_lr0p001_bs64,2,0.1561,0.2535,30.1443,29.6445,32.5714,209
hourly,validation,gru_seq12_h64_l2_d0p0_lr0p001_bs64,3,0.1298,0.218,27.4689,25.6975,29.9704,209
hourly,validation,gru_seq12_h64_l2_d0p0_lr0p001_bs64,4,0.1236,0.2138,26.553,25.491,30.0092,209
hourly,validation,gru_seq12_h64_l2_d0p0_lr0p001_bs64,5,0.1433,0.2227,28.3708,29.0832,32.6471,209
hourly,validation,gru_seq12_h64_l2_d0p0_lr0p001_bs64,6,0.2809,0.374,37.9769,34.137,34.0422,209
hourly,validation,gru_seq12_h64_l2_d0p0_lr0p001_bs64,7,0.4943,0.6246,39.5719,32.8121,27.9153,210
hourly,validation,gru_seq12_h64_l2_d0p0_lr0p001_bs64,8,0.3706,0.4899,30.4173,25.2211,22.4773,210
hourly,validation,gru_seq12_h64_l2_d0p0_lr0p001_bs64,9,0.3155,0.4249,28.8928,22.8065,20.3368,210
hourly,validation,gru_seq12_h64_l2_d0p0_lr0p001_bs64,10,0.3571,0.478,29.616,25.428,23.6191,210
hourly,validation,gru_seq12_h64_l2_d0p0_lr0p001_bs64,11,0.4134,0.6157,37.826,29.7815,27.3767,210
hourly,validation,gru_seq12_h64_l2_d0p0_lr0p001_bs64,12,0.4222,0.6125,40.9876,31.3044,28.9538,212
hourly,validation,gru_seq12_h64_l2_d0p0_lr0p001_bs64,13,0.4145,0.5605,44.6258,35.1115,30.5417,212
hourly,validation,gru_seq12_h64_l2_d0p0_lr0p001_bs64,14,0.4222,0.6011,47.7719,36.2727,33.6711,212
hourly,validation,gru_seq12_h64_l2_d0p0_lr0p001_bs64,15,0.4349,0.6427,47.5228,37.7405,36.5921,211
hourly,validation,gru_seq12_h64_l2_d0p0_lr0p001_bs64,16,0.3933,0.5589,41.1493,35.3203,33.605,211
hourly,validation,gru_seq12_h64_l2_d0p0_lr0p001_bs64,17,0.4742,0.6886,42.494,36.7438,35.7051,211
hourly,validation,gru_seq12_h64_l2_d0p0_lr0p001_bs64,18,0.5217,0.6832,44.3109,35.8452,31.9451,211
hourly,validation,gru_seq12_h64_l2_d0p0_lr0p001_bs64,19,0.6583,0.8112,40.3661,33.7896,31.6506,211
hourly,validation,gru_seq12_h64_l2_d0p0_lr0p001_bs64,20,0.6561,0.8136,39.9063,31.7199,28.6401,211
hourly,validation,gru_seq12_h64_l2_d0p0_lr0p001_bs64,21,0.5167,0.6724,35.4499,28.2256,25.0719,211
hourly,validation,gru_seq12_h64_l2_d0p0_lr0p001_bs64,22,0.4859,0.6012,45.7286,35.7369,32.21,211
hourly,validation,gru_seq12_h64_l2_d0p0_lr0p001_bs64,23,0.3772,0.4844,55.55,41.7738,42.4374,211
summary,test,gru_seq12_h64_l2_d0p0_lr0p001_bs64,,0.3315,0.4818,42.631,35.1886,34.5739,5049
hourly,test,gru_seq12_h64_l2_d0p0_lr0p001_bs64,0,0.2391,0.3937,34.9509,32.4322,36.2501,209
hourly,test,gru_seq12_h64_l2_d0p0_lr0p001_bs64,1,0.1935,0.3216,28.0927,31.2761,34.0637,209
hourly,test,gru_seq12_h64_l2_d0p0_lr0p001_bs64,2,0.1709,0.2727,27.6492,30.4143,32.3974,209
hourly,test,gru_seq12_h64_l2_d0p0_lr0p001_bs64,3,0.1326,0.2374,23.7517,24.8371,28.4991,209
hourly,test,gru_seq12_h64_l2_d0p0_lr0p001_bs64,4,0.1533,0.2519,28.6859,29.2873,33.1198,209
hourly,test,gru_seq12_h64_l2_d0p0_lr0p001_bs64,5,0.1414,0.2501,26.553,26.9537,31.4393,209
hourly,test,gru_seq12_h64_l2_d0p0_lr0p001_bs64,6,0.2184,0.2861,37.7981,33.4098,33.4871,209
hourly,test,gru_seq12_h64_l2_d0p0_lr0p001_bs64,7,0.4413,0.571,47.4035,37.6396,33.5132,209
hourly,test,gru_seq12_h64_l2_d0p0_lr0p001_bs64,8,0.3108,0.4099,37.259,28.2558,24.7618,209
hourly,test,gru_seq12_h64_l2_d0p0_lr0p001_bs64,9,0.339,0.4657,43.9042,32.3377,28.2752,209
hourly,test,gru_seq12_h64_l2_d0p0_lr0p001_bs64,10,0.3823,0.5135,49.3929,36.7891,33.5457,209
hourly,test,gru_seq12_h64_l2_d0p0_lr0p001_bs64,11,0.3775,0.5328,46.8523,36.6912,33.1373,209
hourly,test,gru_seq12_h64_l2_d0p0_lr0p001_bs64,12,0.4105,0.5831,47.6455,38.6919,37.151,211
hourly,test,gru_seq12_h64_l2_d0p0_lr0p001_bs64,13,0.3537,0.4595,43.5347,36.2926,33.959,211
hourly,test,gru_seq12_h64_l2_d0p0_lr0p001_bs64,14,0.3776,0.5133,51.056,40.5972,38.4391,211
hourly,test,gru_seq12_h64_l2_d0p0_lr0p001_bs64,15,0.3432,0.4774,46.1387,37.9177,37.8216,212
hourly,test,gru_seq12_h64_l2_d0p0_lr0p001_bs64,16,0.3192,0.4261,48.7463,38.9508,38.8805,212
hourly,test,gru_seq12_h64_l2_d0p0_lr0p001_bs64,17,0.3693,0.5108,50.1411,41.4975,41.7851,212
hourly,test,gru_seq12_h64_l2_d0p0_lr0p001_bs64,18,0.4503,0.6483,53.8474,42.8161,42.0357,212
hourly,test,gru_seq12_h64_l2_d0p0_lr0p001_bs64,19,0.4568,0.6191,56.5685,38.4162,35.2752,212
hourly,test,gru_seq12_h64_l2_d0p0_lr0p001_bs64,20,0.4728,0.6217,51.4077,35.7039,32.139,212
hourly,test,gru_seq12_h64_l2_d0p0_lr0p001_bs64,21,0.5184,0.6635,50.2596,37.5233,34.1857,212
hourly,test,gru_seq12_h64_l2_d0p0_lr0p001_bs64,22,0.4223,0.5653,44.5421,35.8106,34.9415,212
hourly,test,gru_seq12_h64_l2_d0p0_lr0p001_bs64,23,0.3495,0.5182,45.9085,39.4399,41.1598,212
summary,validation,gru_seq12_h64_l2_d0p0_lr0p0005_bs64,,0.3718,0.5407,37.7116,31.7273,29.7435,5048
hourly,validation,gru_seq12_h64_l2_d0p0_lr0p0005_bs64,0,0.2205,0.317,38.89,32.1113,34.8654,209
hourly,validation,gru_seq12_h64_l2_d0p0_lr0p0005_bs64,1,0.1746,0.2939,30.8325,28.3742,32.842,209
hourly,validation,gru_seq12_h64_l2_d0p0_lr0p0005_bs64,2,0.1555,0.2492,29.7391,29.3174,32.4433,209
hourly,validation,gru_seq12_h64_l2_d0p0_lr0p0005_bs64,3,0.1337,0.2182,28.4367,26.8582,30.8754,209
hourly,validation,gru_seq12_h64_l2_d0p0_lr0p0005_bs64,4,0.1296,0.2174,27.441,28.1283,31.456,209
hourly,validation,gru_seq12_h64_l2_d0p0_lr0p0005_bs64,5,0.1421,0.2363,26.1882,28.9061,32.3784,209
hourly,validation,gru_seq12_h64_l2_d0p0_lr0p0005_bs64,6,0.2895,0.395,35.3512,35.0439,35.0863,209
hourly,validation,gru_seq12_h64_l2_d0p0_lr0p0005_bs64,7,0.5076,0.6464,38.4681,32.7393,28.6671,210
hourly,validation,gru_seq12_h64_l2_d0p0_lr0p0005_bs64,8,0.3822,0.5034,31.3791,26.415,23.1828,210
hourly,validation,gru_seq12_h64_l2_d0p0_lr0p0005_bs64,9,0.3289,0.4413,30.0842,23.729,21.2019,210
hourly,validation,gru_seq12_h64_l2_d0p0_lr0p0005_bs64,10,0.3472,0.4783,28.3256,24.4953,22.965,210
hourly,validation,gru_seq12_h64_l2_d0p0_lr0p0005_bs64,11,0.4162,0.6241,38.4946,29.9254,27.5632,210
hourly,validation,gru_seq12_h64_l2_d0p0_lr0p0005_bs64,12,0.4227,0.6125,42.0908,31.5535,28.9865,212
hourly,validation,gru_seq12_h64_l2_d0p0_lr0p0005_bs64,13,0.4114,0.5608,45.4867,35.3097,30.3175,212
hourly,validation,gru_seq12_h64_l2_d0p0_lr0p0005_bs64,14,0.4274,0.6117,47.8628,36.4722,34.0857,212
hourly,validation,gru_seq12_h64_l2_d0p0_lr0p0005_bs64,15,0.4281,0.6447,47.1288,36.935,36.0154,211
hourly,validation,gru_seq12_h64_l2_d0p0_lr0p0005_bs64,16,0.3815,0.5524,39.8013,34.1546,32.5982,211
hourly,validation,gru_seq12_h64_l2_d0p0_lr0p0005_bs64,17,0.4618,0.6775,42.2687,36.1031,34.7675,211
hourly,validation,gru_seq12_h64_l2_d0p0_lr0p0005_bs64,18,0.5299,0.6924,45.1695,36.3272,32.4501,211
hourly,validation,gru_seq12_h64_l2_d0p0_lr0p0005_bs64,19,0.6357,0.7826,38.5949,33.1666,30.5614,211
hourly,validation,gru_seq12_h64_l2_d0p0_lr0p0005_bs64,20,0.6263,0.7898,37.9851,30.682,27.3418,211
hourly,validation,gru_seq12_h64_l2_d0p0_lr0p0005_bs64,21,0.5112,0.6511,34.6677,27.9967,24.8058,211
hourly,validation,gru_seq12_h64_l2_d0p0_lr0p0005_bs64,22,0.4733,0.59,42.9255,34.7612,31.3762,211
hourly,validation,gru_seq12_h64_l2_d0p0_lr0p0005_bs64,23,0.3742,0.4792,56.8099,41.6848,42.1037,211
summary,test,gru_seq12_h64_l2_d0p0_lr0p0005_bs64,,0.3289,0.4796,41.867,35.0022,34.3085,5049
hourly,test,gru_seq12_h64_l2_d0p0_lr0p0005_bs64,0,0.2435,0.4041,36.105,32.4385,36.9167,209
hourly,test,gru_seq12_h64_l2_d0p0_lr0p0005_bs64,1,0.1931,0.3207,28.3074,30.757,33.9828,209
hourly,test,gru_seq12_h64_l2_d0p0_lr0p0005_bs64,2,0.1683,0.2743,26.5685,29.2051,31.9075,209
hourly,test,gru_seq12_h64_l2_d0p0_lr0p0005_bs64,3,0.1343,0.2415,24.0816,24.9805,28.8657,209
hourly,test,gru_seq12_h64_l2_d0p0_lr0p0005_bs64,4,0.1607,0.2627,29.4729,30.9642,34.7234,209
hourly,test,gru_seq12_h64_l2_d0p0_lr0p0005_bs64,5,0.1431,0.2565,25.9323,27.2034,31.827,209
hourly,test,gru_seq12_h64_l2_d0p0_lr0p0005_bs64,6,0.2157,0.2948,34.0179,33.0992,33.0819,209
hourly,test,gru_seq12_h64_l2_d0p0_lr0p0005_bs64,7,0.4615,0.5915,47.2215,39.1937,35.0468,209
hourly,test,gru_seq12_h64_l2_d0p0_lr0p0005_bs64,8,0.3073,0.4099,35.7748,27.8553,24.4846,209
hourly,test,gru_seq12_h64_l2_d0p0_lr0p0005_bs64,9,0.3412,0.4661,42.8539,32.3551,28.4528,209
hourly,test,gru_seq12_h64_l2_d0p0_lr0p0005_bs64,10,0.3801,0.5211,49.0327,36.8183,33.3597,209
hourly,test,gru_seq12_h64_l2_d0p0_lr0p0005_bs64,11,0.3727,0.5305,45.5426,35.804,32.7186,209
hourly,test,gru_seq12_h64_l2_d0p0_lr0p0005_bs64,12,0.4043,0.5765,47.7116,38.5559,36.589,211
hourly,test,gru_seq12_h64_l2_d0p0_lr0p0005_bs64,13,0.3522,0.4619,43.2129,35.9441,33.8147,211
hourly,test,gru_seq12_h64_l2_d0p0_lr0p0005_bs64,14,0.3719,0.5091,50.4484,40.1587,37.8569,211
hourly,test,gru_seq12_h64_l2_d0p0_lr0p0005_bs64,15,0.3406,0.4743,45.4743,37.7949,37.5359,212
hourly,test,gru_seq12_h64_l2_d0p0_lr0p0005_bs64,16,0.3206,0.4243,50.346,39.748,39.0527,212
hourly,test,gru_seq12_h64_l2_d0p0_lr0p0005_bs64,17,0.3561,0.4985,48.9878,40.4779,40.2889,212
hourly,test,gru_seq12_h64_l2_d0p0_lr0p0005_bs64,18,0.4388,0.6431,52.5632,41.6985,40.9614,212
hourly,test,gru_seq12_h64_l2_d0p0_lr0p0005_bs64,19,0.448,0.6052,55.4634,38.2481,34.595,212
hourly,test,gru_seq12_h64_l2_d0p0_lr0p0005_bs64,20,0.4612,0.6038,49.107,35.0782,31.3468,212
hourly,test,gru_seq12_h64_l2_d0p0_lr0p0005_bs64,21,0.5027,0.6536,46.6441,36.8511,33.1498,212
hourly,test,gru_seq12_h64_l2_d0p0_lr0p0005_bs64,22,0.4143,0.5529,42.3324,34.9199,34.2855,212
hourly,test,gru_seq12_h64_l2_d0p0_lr0p0005_bs64,23,0.3511,0.5129,46.5833,39.3912,41.341,212
summary,validation,gru_seq12_h64_l2_d0p2_lr0p001_bs64,,0.3761,0.5421,38.3461,31.9217,30.0873,5048
hourly,validation,gru_seq12_h64_l2_d0p2_lr0p001_bs64,0,0.224,0.321,38.6168,32.8373,35.4169,209
hourly,validation,gru_seq12_h64_l2_d0p2_lr0p001_bs64,1,0.1768,0.2965,29.9857,28.081,33.2561,209
hourly,validation,gru_seq12_h64_l2_d0p2_lr0p001_bs64,2,0.146,0.2384,27.6436,25.8607,30.4643,209
hourly,validation,gru_seq12_h64_l2_d0p2_lr0p001_bs64,3,0.1266,0.2087,26.8948,24.1668,29.2464,209
hourly,validation,gru_seq12_h64_l2_d0p2_lr0p001_bs64,4,0.119,0.2029,25.1385,24.4828,28.8932,209
hourly,validation,gru_seq12_h64_l2_d0p2_lr0p001_bs64,5,0.1511,0.2219,31.8737,30.9119,34.4209,209
hourly,validation,gru_seq12_h64_l2_d0p2_lr0p001_bs64,6,0.3203,0.4204,46.3175,36.7998,38.8171,209
hourly,validation,gru_seq12_h64_l2_d0p2_lr0p001_bs64,7,0.523,0.6401,47.0194,35.9148,29.5363,210
hourly,validation,gru_seq12_h64_l2_d0p2_lr0p001_bs64,8,0.3752,0.5036,31.0495,26.2065,22.7546,210
hourly,validation,gru_seq12_h64_l2_d0p2_lr0p001_bs64,9,0.3377,0.4533,29.0547,24.4453,21.773,210
hourly,validation,gru_seq12_h64_l2_d0p2_lr0p001_bs64,10,0.3556,0.4898,28.187,25.2435,23.5247,210
hourly,validation,gru_seq12_h64_l2_d0p2_lr0p001_bs64,11,0.4441,0.6442,38.3611,32.0097,29.4108,210
hourly,validation,gru_seq12_h64_l2_d0p2_lr0p001_bs64,12,0.4354,0.6232,40.2629,32.5457,29.8533,212
hourly,validation,gru_seq12_h64_l2_d0p2_lr0p001_bs64,13,0.4173,0.5587,41.9521,35.3117,30.7513,212
hourly,validation,gru_seq12_h64_l2_d0p2_lr0p001_bs64,14,0.4288,0.6093,45.2683,36.6539,34.2009,212
hourly,validation,gru_seq12_h64_l2_d0p2_lr0p001_bs64,15,0.4416,0.6434,45.751,38.1192,37.1502,211
hourly,validation,gru_seq12_h64_l2_d0p2_lr0p001_bs64,16,0.3898,0.5608,39.6701,35.0916,33.3121,211
hourly,validation,gru_seq12_h64_l2_d0p2_lr0p001_bs64,17,0.4677,0.6828,43.1974,36.7436,35.2148,211
hourly,validation,gru_seq12_h64_l2_d0p2_lr0p001_bs64,18,0.549,0.7129,49.4412,37.424,33.6212,211
hourly,validation,gru_seq12_h64_l2_d0p2_lr0p001_bs64,19,0.6174,0.7591,39.1747,32.3666,29.6826,211
hourly,validation,gru_seq12_h64_l2_d0p2_lr0p001_bs64,20,0.6175,0.7796,38.3776,30.3979,26.956,211
hourly,validation,gru_seq12_h64_l2_d0p2_lr0p001_bs64,21,0.5039,0.6449,34.7075,27.568,24.453,211
hourly,validation,gru_seq12_h64_l2_d0p2_lr0p001_bs64,22,0.4653,0.5853,44.2096,34.1684,30.8459,211
hourly,validation,gru_seq12_h64_l2_d0p2_lr0p001_bs64,23,0.381,0.4891,57.6092,42.4603,42.8645,211
summary,test,gru_seq12_h64_l2_d0p2_lr0p001_bs64,,0.3345,0.482,43.7117,35.6333,34.8852,5049
hourly,test,gru_seq12_h64_l2_d0p2_lr0p001_bs64,0,0.2448,0.4054,36.4191,32.8991,37.1152,209
hourly,test,gru_seq12_h64_l2_d0p2_lr0p001_bs64,1,0.1904,0.3221,27.5773,29.3891,33.5078,209
hourly,test,gru_seq12_h64_l2_d0p2_lr0p001_bs64,2,0.1647,0.2691,27.0965,27.9223,31.2296,209
hourly,test,gru_seq12_h64_l2_d0p2_lr0p001_bs64,3,0.1334,0.2316,25.6858,24.9454,28.6607,209
hourly,test,gru_seq12_h64_l2_d0p2_lr0p001_bs64,4,0.1564,0.2527,29.8621,29.627,33.7934,209
hourly,test,gru_seq12_h64_l2_d0p2_lr0p001_bs64,5,0.1463,0.2544,28.9479,27.9109,32.526,209
hourly,test,gru_seq12_h64_l2_d0p2_lr0p001_bs64,6,0.2276,0.2983,38.8724,33.8079,34.9082,209
hourly,test,gru_seq12_h64_l2_d0p2_lr0p001_bs64,7,0.4508,0.5662,49.8364,39.1491,34.2339,209
hourly,test,gru_seq12_h64_l2_d0p2_lr0p001_bs64,8,0.2976,0.4043,35.9201,28.0488,23.7121,209
hourly,test,gru_seq12_h64_l2_d0p2_lr0p001_bs64,9,0.3457,0.473,40.7983,32.406,28.8317,209
hourly,test,gru_seq12_h64_l2_d0p2_lr0p001_bs64,10,0.3859,0.5322,47.324,37.2416,33.8689,209
hourly,test,gru_seq12_h64_l2_d0p2_lr0p001_bs64,11,0.3879,0.5375,44.6837,37.082,34.0458,209
hourly,test,gru_seq12_h64_l2_d0p2_lr0p001_bs64,12,0.4048,0.5748,46.4257,38.4174,36.6383,211
hourly,test,gru_seq12_h64_l2_d0p2_lr0p001_bs64,13,0.3495,0.4591,41.5148,35.9212,33.5544,211
hourly,test,gru_seq12_h64_l2_d0p2_lr0p001_bs64,14,0.3756,0.5124,49.458,40.3703,38.2315,211
hourly,test,gru_seq12_h64_l2_d0p2_lr0p001_bs64,15,0.3339,0.4724,43.8849,36.6807,36.7924,212
hourly,test,gru_seq12_h64_l2_d0p2_lr0p001_bs64,16,0.3196,0.4215,50.071,39.5611,38.9308,212
hourly,test,gru_seq12_h64_l2_d0p2_lr0p001_bs64,17,0.3651,0.5047,52.3002,42.2383,41.3071,212
hourly,test,gru_seq12_h64_l2_d0p2_lr0p001_bs64,18,0.4605,0.6429,61.4458,45.1045,42.9892,212
hourly,test,gru_seq12_h64_l2_d0p2_lr0p001_bs64,19,0.491,0.6354,68.5031,42.9762,37.9199,212
hourly,test,gru_seq12_h64_l2_d0p2_lr0p001_bs64,20,0.4669,0.6067,54.7614,36.881,31.7358,212
hourly,test,gru_seq12_h64_l2_d0p2_lr0p001_bs64,21,0.5242,0.6701,50.9731,38.7605,34.5701,212
hourly,test,gru_seq12_h64_l2_d0p2_lr0p001_bs64,22,0.4313,0.56,46.0476,36.5081,35.6886,212
hourly,test,gru_seq12_h64_l2_d0p2_lr0p001_bs64,23,0.3612,0.5141,49.4062,40.7198,42.5388,212
summary,validation,gru_seq12_h64_l2_d0p2_lr0p0005_bs64,,0.3741,0.5412,38.0003,31.7005,29.9214,5048
hourly,validation,gru_seq12_h64_l2_d0p2_lr0p0005_bs64,0,0.2178,0.3237,35.2102,31.0688,34.4337,209
hourly,validation,gru_seq12_h64_l2_d0p2_lr0p0005_bs64,1,0.1771,0.3017,28.818,27.8355,33.3145,209
hourly,validation,gru_seq12_h64_l2_d0p2_lr0p0005_bs64,2,0.1457,0.2443,26.6903,25.5201,30.3987,209
hourly,validation,gru_seq12_h64_l2_d0p2_lr0p0005_bs64,3,0.1291,0.2158,27.0547,24.5094,29.8189,209
hourly,validation,gru_seq12_h64_l2_d0p2_lr0p0005_bs64,4,0.1193,0.2036,25.2307,24.5499,28.9598,209
hourly,validation,gru_seq12_h64_l2_d0p2_lr0p0005_bs64,5,0.1679,0.2287,37.9373,34.1985,38.2408,209
hourly,validation,gru_seq12_h64_l2_d0p2_lr0p0005_bs64,6,0.3146,0.4073,46.2679,36.7824,38.129,209
hourly,validation,gru_seq12_h64_l2_d0p2_lr0p0005_bs64,7,0.5219,0.6319,49.4654,36.4697,29.4768,210
hourly,validation,gru_seq12_h64_l2_d0p2_lr0p0005_bs64,8,0.3766,0.4968,32.2442,26.313,22.8433,210
hourly,validation,gru_seq12_h64_l2_d0p2_lr0p0005_bs64,9,0.3397,0.4531,29.2075,24.4852,21.9008,210
hourly,validation,gru_seq12_h64_l2_d0p2_lr0p0005_bs64,10,0.3457,0.4862,27.471,24.5895,22.8681,210
hourly,validation,gru_seq12_h64_l2_d0p2_lr0p0005_bs64,11,0.442,0.6445,39.0593,31.9401,29.2698,210
hourly,validation,gru_seq12_h64_l2_d0p2_lr0p0005_bs64,12,0.4345,0.6271,40.5893,32.5862,29.7908,212
hourly,validation,gru_seq12_h64_l2_d0p2_lr0p0005_bs64,13,0.4196,0.5636,42.6108,35.5251,30.9164,212
hourly,validation,gru_seq12_h64_l2_d0p2_lr0p0005_bs64,14,0.4299,0.6105,44.9724,36.227,34.2864,212
hourly,validation,gru_seq12_h64_l2_d0p2_lr0p0005_bs64,15,0.4362,0.6422,45.0505,37.1953,36.6961,211
hourly,validation,gru_seq12_h64_l2_d0p2_lr0p0005_bs64,16,0.3881,0.5654,38.8417,34.3476,33.1634,211
hourly,validation,gru_seq12_h64_l2_d0p2_lr0p0005_bs64,17,0.4581,0.6786,41.4994,35.6305,34.4933,211
hourly,validation,gru_seq12_h64_l2_d0p2_lr0p0005_bs64,18,0.5442,0.7177,46.5083,36.7539,33.3222,211
hourly,validation,gru_seq12_h64_l2_d0p2_lr0p0005_bs64,19,0.6108,0.7549,38.3726,32.1937,29.3629,211
hourly,validation,gru_seq12_h64_l2_d0p2_lr0p0005_bs64,20,0.6125,0.7774,37.8549,30.2706,26.7397,211
hourly,validation,gru_seq12_h64_l2_d0p2_lr0p0005_bs64,21,0.5083,0.6456,34.2161,27.6297,24.6659,211
hourly,validation,gru_seq12_h64_l2_d0p2_lr0p0005_bs64,22,0.4568,0.5738,41.7778,33.4407,30.283,211
hourly,validation,gru_seq12_h64_l2_d0p2_lr0p0005_bs64,23,0.3684,0.4871,54.5632,40.4702,41.4436,211
summary,test,gru_seq12_h64_l2_d0p2_lr0p0005_bs64,,0.3324,0.4819,42.6881,35.325,34.6729,5049
hourly,test,gru_seq12_h64_l2_d0p2_lr0p0005_bs64,0,0.2412,0.4064,34.7036,32.3367,36.5718,209
hourly,test,gru_seq12_h64_l2_d0p2_lr0p0005_bs64,1,0.1942,0.3222,27.9119,30.6351,34.1784,209
hourly,test,gru_seq12_h64_l2_d0p2_lr0p0005_bs64,2,0.1634,0.2744,26.0621,27.9103,30.9928,209
hourly,test,gru_seq12_h64_l2_d0p2_lr0p0005_bs64,3,0.1314,0.2337,24.5626,24.5134,28.235,209
hourly,test,gru_seq12_h64_l2_d0p2_lr0p0005_bs64,4,0.1567,0.2562,29.5218,30.0121,33.8534,209
hourly,test,gru_seq12_h64_l2_d0p2_lr0p0005_bs64,5,0.1497,0.2541,30.6482,28.4571,33.2939,209
hourly,test,gru_seq12_h64_l2_d0p2_lr0p0005_bs64,6,0.2315,0.3025,39.9325,34.61,35.5071,209
hourly,test,gru_seq12_h64_l2_d0p2_lr0p0005_bs64,7,0.451,0.5601,52.9066,40.0307,34.2552,209
hourly,test,gru_seq12_h64_l2_d0p2_lr0p0005_bs64,8,0.3098,0.4128,37.2427,28.7833,24.6788,209
hourly,test,gru_seq12_h64_l2_d0p2_lr0p0005_bs64,9,0.3456,0.4731,41.128,32.6219,28.8192,209
hourly,test,gru_seq12_h64_l2_d0p2_lr0p0005_bs64,10,0.3863,0.5326,47.7573,37.3884,33.9038,209
hourly,test,gru_seq12_h64_l2_d0p2_lr0p0005_bs64,11,0.3889,0.5369,44.6963,37.1218,34.1328,209
hourly,test,gru_seq12_h64_l2_d0p2_lr0p0005_bs64,12,0.4076,0.5766,45.7742,38.3917,36.8907,211
hourly,test,gru_seq12_h64_l2_d0p2_lr0p0005_bs64,13,0.3481,0.4614,41.0436,35.8089,33.4285,211
hourly,test,gru_seq12_h64_l2_d0p2_lr0p0005_bs64,14,0.3705,0.5132,47.2241,39.1989,37.7111,211
hourly,test,gru_seq12_h64_l2_d0p2_lr0p0005_bs64,15,0.3296,0.4785,41.4674,35.5838,36.3136,212
hourly,test,gru_seq12_h64_l2_d0p2_lr0p0005_bs64,16,0.3142,0.4244,47.4673,38.2704,38.2805,212
hourly,test,gru_seq12_h64_l2_d0p2_lr0p0005_bs64,17,0.3526,0.5021,48.5637,40.2466,39.8881,212
hourly,test,gru_seq12_h64_l2_d0p2_lr0p0005_bs64,18,0.454,0.65,57.6801,43.6993,42.3792,212
hourly,test,gru_seq12_h64_l2_d0p2_lr0p0005_bs64,19,0.4981,0.6387,68.0364,42.9547,38.4671,212
hourly,test,gru_seq12_h64_l2_d0p2_lr0p0005_bs64,20,0.4646,0.5984,52.5247,36.5705,31.5783,212
hourly,test,gru_seq12_h64_l2_d0p2_lr0p0005_bs64,21,0.504,0.6558,46.8861,37.43,33.2346,212
hourly,test,gru_seq12_h64_l2_d0p2_lr0p0005_bs64,22,0.4208,0.5607,42.8124,35.2797,34.8185,212
hourly,test,gru_seq12_h64_l2_d0p2_lr0p0005_bs64,23,0.3531,0.5079,46.9251,39.4208,41.5832,212
summary,validation,gru_seq12_h64_l2_d0p3_lr0p001_bs64,,0.3744,0.5418,37.7883,31.7059,29.9513,5048
hourly,validation,gru_seq12_h64_l2_d0p3_lr0p001_bs64,0,0.2232,0.3257,37.3008,32.3221,35.2885,209
hourly,validation,gru_seq12_h64_l2_d0p3_lr0p001_bs64,1,0.1777,0.2996,29.6059,28.0951,33.4373,209
hourly,validation,gru_seq12_h64_l2_d0p3_lr0p001_bs64,2,0.1441,0.2387,26.8464,25.431,30.0637,209
hourly,validation,gru_seq12_h64_l2_d0p3_lr0p001_bs64,3,0.1255,0.209,26.3542,23.9142,28.9893,209
hourly,validation,gru_seq12_h64_l2_d0p3_lr0p001_bs64,4,0.1194,0.2036,25.0252,24.5806,28.979,209
hourly,validation,gru_seq12_h64_l2_d0p3_lr0p001_bs64,5,0.1465,0.224,29.6159,29.7143,33.3777,209
hourly,validation,gru_seq12_h64_l2_d0p3_lr0p001_bs64,6,0.306,0.402,42.4578,35.9066,37.0805,209
hourly,validation,gru_seq12_h64_l2_d0p3_lr0p001_bs64,7,0.5248,0.6465,46.4742,35.9083,29.6389,210
hourly,validation,gru_seq12_h64_l2_d0p3_lr0p001_bs64,8,0.3743,0.5048,31.0939,26.1187,22.7023,210
hourly,validation,gru_seq12_h64_l2_d0p3_lr0p001_bs64,9,0.3377,0.4539,29.1843,24.4343,21.7724,210
hourly,validation,gru_seq12_h64_l2_d0p3_lr0p001_bs64,10,0.3513,0.4866,28.1768,24.9287,23.2413,210
hourly,validation,gru_seq12_h64_l2_d0p3_lr0p001_bs64,11,0.4449,0.6437,38.742,32.0699,29.4639,210
hourly,validation,gru_seq12_h64_l2_d0p3_lr0p001_bs64,12,0.4367,0.6246,40.4882,32.6648,29.9428,212
hourly,validation,gru_seq12_h64_l2_d0p3_lr0p001_bs64,13,0.4174,0.559,41.5599,35.2974,30.7589,212
hourly,validation,gru_seq12_h64_l2_d0p3_lr0p001_bs64,14,0.4298,0.6118,44.8937,36.7277,34.2754,212
hourly,validation,gru_seq12_h64_l2_d0p3_lr0p001_bs64,15,0.442,0.6462,45.2826,38.1006,37.1872,211
hourly,validation,gru_seq12_h64_l2_d0p3_lr0p001_bs64,16,0.3904,0.5625,39.6082,35.1784,33.358,211
hourly,validation,gru_seq12_h64_l2_d0p3_lr0p001_bs64,17,0.4692,0.6864,43.3119,36.7765,35.3281,211
hourly,validation,gru_seq12_h64_l2_d0p3_lr0p001_bs64,18,0.5428,0.7079,48.5761,37.0319,33.2366,211
hourly,validation,gru_seq12_h64_l2_d0p3_lr0p001_bs64,19,0.615,0.7548,39.1283,32.2528,29.5674,211
hourly,validation,gru_seq12_h64_l2_d0p3_lr0p001_bs64,20,0.615,0.7774,38.4734,30.1837,26.8488,211
hourly,validation,gru_seq12_h64_l2_d0p3_lr0p001_bs64,21,0.5035,0.6439,34.771,27.5015,24.4338,211
hourly,validation,gru_seq12_h64_l2_d0p3_lr0p001_bs64,22,0.4623,0.5838,43.8134,33.9152,30.6469,211
hourly,validation,gru_seq12_h64_l2_d0p3_lr0p001_bs64,23,0.3738,0.4868,55.5511,41.5615,42.0536,211
summary,test,gru_seq12_h64_l2_d0p3_lr0p001_bs64,,0.3341,0.4819,43.5913,35.5706,34.8527,5049
hourly,test,gru_seq12_h64_l2_d0p3_lr0p001_bs64,0,0.2431,0.4063,35.4372,32.4186,36.8483,209
hourly,test,gru_seq12_h64_l2_d0p3_lr0p001_bs64,1,0.1906,0.3228,27.2215,29.2915,33.5531,209
hourly,test,gru_seq12_h64_l2_d0p3_lr0p001_bs64,2,0.1643,0.2707,26.5493,27.8114,31.1643,209
hourly,test,gru_seq12_h64_l2_d0p3_lr0p001_bs64,3,0.1301,0.2311,24.4981,24.2337,27.9522,209
hourly,test,gru_seq12_h64_l2_d0p3_lr0p001_bs64,4,0.1566,0.2541,29.3993,29.7571,33.8335,209
hourly,test,gru_seq12_h64_l2_d0p3_lr0p001_bs64,5,0.142,0.2557,27.0954,26.893,31.5762,209
hourly,test,gru_seq12_h64_l2_d0p3_lr0p001_bs64,6,0.216,0.2921,36.1346,32.8484,33.1242,209
hourly,test,gru_seq12_h64_l2_d0p3_lr0p001_bs64,7,0.4562,0.5743,50.285,39.6762,34.648,209
hourly,test,gru_seq12_h64_l2_d0p3_lr0p001_bs64,8,0.3004,0.4057,37.7629,28.5693,23.9325,209
hourly,test,gru_seq12_h64_l2_d0p3_lr0p001_bs64,9,0.3466,0.4729,42.8286,32.8948,28.9022,209
hourly,test,gru_seq12_h64_l2_d0p3_lr0p001_bs64,10,0.3886,0.5316,49.4836,37.9031,34.0979,209
hourly,test,gru_seq12_h64_l2_d0p3_lr0p001_bs64,11,0.391,0.538,46.2802,37.7155,34.3177,209
hourly,test,gru_seq12_h64_l2_d0p3_lr0p001_bs64,12,0.4095,0.5777,47.6987,38.9467,37.0633,211
hourly,test,gru_seq12_h64_l2_d0p3_lr0p001_bs64,13,0.3489,0.4587,41.5522,35.9395,33.496,211
hourly,test,gru_seq12_h64_l2_d0p3_lr0p001_bs64,14,0.3776,0.5151,49.353,40.4902,38.431,211
hourly,test,gru_seq12_h64_l2_d0p3_lr0p001_bs64,15,0.3362,0.4758,43.7645,36.7782,37.0461,212
hourly,test,gru_seq12_h64_l2_d0p3_lr0p001_bs64,16,0.3208,0.4248,49.8542,39.6113,39.0781,212
hourly,test,gru_seq12_h64_l2_d0p3_lr0p001_bs64,17,0.363,0.5022,51.6954,41.887,41.0667,212
hourly,test,gru_seq12_h64_l2_d0p3_lr0p001_bs64,18,0.4554,0.6369,60.2542,44.5459,42.5082,212
hourly,test,gru_seq12_h64_l2_d0p3_lr0p001_bs64,19,0.4941,0.6344,68.3163,42.9126,38.1589,212
hourly,test,gru_seq12_h64_l2_d0p3_lr0p001_bs64,20,0.4678,0.6068,54.7372,36.7872,31.7953,212
hourly,test,gru_seq12_h64_l2_d0p3_lr0p001_bs64,21,0.5223,0.666,50.835,38.5396,34.4394,212
hourly,test,gru_seq12_h64_l2_d0p3_lr0p001_bs64,22,0.4287,0.5562,45.7228,36.3759,35.4765,212
hourly,test,gru_seq12_h64_l2_d0p3_lr0p001_bs64,23,0.3581,0.5133,48.194,40.2458,42.1756,212
summary,validation,gru_seq12_h64_l2_d0p3_lr0p0005_bs64,,0.3742,0.5414,37.9752,31.7378,29.9314,5048
hourly,validation,gru_seq12_h64_l2_d0p3_lr0p0005_bs64,0,0.2184,0.3246,35.3339,31.2201,34.5324,209
hourly,validation,gru_seq12_h64_l2_d0p3_lr0p0005_bs64,1,0.1791,0.3052,29.0603,28.0789,33.6961,209
hourly,validation,gru_seq12_h64_l2_d0p3_lr0p0005_bs64,2,0.147,0.246,26.8892,25.7865,30.6712,209
hourly,validation,gru_seq12_h64_l2_d0p3_lr0p0005_bs64,3,0.1289,0.2144,26.9266,24.5706,29.7634,209
hourly,validation,gru_seq12_h64_l2_d0p3_lr0p0005_bs64,4,0.1198,0.2023,25.4343,24.7259,29.0762,209
hourly,validation,gru_seq12_h64_l2_d0p3_lr0p0005_bs64,5,0.1717,0.2301,39.3511,34.9694,39.121,209
hourly,validation,gru_seq12_h64_l2_d0p3_lr0p0005_bs64,6,0.3098,0.3994,45.3995,36.447,37.544,209
hourly,validation,gru_seq12_h64_l2_d0p3_lr0p0005_bs64,7,0.5201,0.6337,48.8351,36.222,29.3759,210
hourly,validation,gru_seq12_h64_l2_d0p3_lr0p0005_bs64,8,0.3762,0.4994,32.1906,26.2469,22.8152,210
hourly,validation,gru_seq12_h64_l2_d0p3_lr0p0005_bs64,9,0.3399,0.4528,29.1391,24.4868,21.9099,210
hourly,validation,gru_seq12_h64_l2_d0p3_lr0p0005_bs64,10,0.3435,0.4851,27.4313,24.4463,22.7256,210
hourly,validation,gru_seq12_h64_l2_d0p3_lr0p0005_bs64,11,0.4412,0.6445,39.1819,31.9093,29.2221,210
hourly,validation,gru_seq12_h64_l2_d0p3_lr0p0005_bs64,12,0.4352,0.6277,40.6729,32.6607,29.8389,212
hourly,validation,gru_seq12_h64_l2_d0p3_lr0p0005_bs64,13,0.4203,0.5643,42.3775,35.5456,30.9719,212
hourly,validation,gru_seq12_h64_l2_d0p3_lr0p0005_bs64,14,0.4308,0.6112,44.672,36.2801,34.3579,212
hourly,validation,gru_seq12_h64_l2_d0p3_lr0p0005_bs64,15,0.4376,0.644,44.6011,37.2732,36.8173,211
hourly,validation,gru_seq12_h64_l2_d0p3_lr0p0005_bs64,16,0.3896,0.5676,38.5682,34.4247,33.2904,211
hourly,validation,gru_seq12_h64_l2_d0p3_lr0p0005_bs64,17,0.4598,0.6805,41.386,35.6659,34.6168,211
hourly,validation,gru_seq12_h64_l2_d0p3_lr0p0005_bs64,18,0.5435,0.7169,46.4242,36.6512,33.2788,211
hourly,validation,gru_seq12_h64_l2_d0p3_lr0p0005_bs64,19,0.6117,0.7544,38.6143,32.2507,29.4104,211
hourly,validation,gru_seq12_h64_l2_d0p3_lr0p0005_bs64,20,0.6124,0.7781,37.8699,30.206,26.7333,211
hourly,validation,gru_seq12_h64_l2_d0p3_lr0p0005_bs64,21,0.5095,0.6462,34.1108,27.6318,24.723,211
hourly,validation,gru_seq12_h64_l2_d0p3_lr0p0005_bs64,22,0.4544,0.5709,41.8188,33.3397,30.1218,211
hourly,validation,gru_seq12_h64_l2_d0p3_lr0p0005_bs64,23,0.3673,0.4866,54.6346,40.3969,41.3242,211
summary,test,gru_seq12_h64_l2_d0p3_lr0p0005_bs64,,0.3329,0.4828,42.6833,35.3977,34.7199,5049
hourly,test,gru_seq12_h64_l2_d0p3_lr0p0005_bs64,0,0.2425,0.4079,34.8988,32.5012,36.7572,209
hourly,test,gru_seq12_h64_l2_d0p3_lr0p0005_bs64,1,0.1947,0.3235,27.9248,30.7771,34.2778,209
hourly,test,gru_seq12_h64_l2_d0p3_lr0p0005_bs64,2,0.1644,0.2754,26.1347,28.1529,31.1723,209
hourly,test,gru_seq12_h64_l2_d0p3_lr0p0005_bs64,3,0.1302,0.2328,24.3083,24.374,27.9742,209
hourly,test,gru_seq12_h64_l2_d0p3_lr0p0005_bs64,4,0.1567,0.2557,29.6169,30.1036,33.8619,209
hourly,test,gru_seq12_h64_l2_d0p3_lr0p0005_bs64,5,0.1518,0.2552,31.5811,28.9267,33.7643,209
hourly,test,gru_seq12_h64_l2_d0p3_lr0p0005_bs64,6,0.2314,0.3008,40.2176,34.8027,35.4872,209
hourly,test,gru_seq12_h64_l2_d0p3_lr0p0005_bs64,7,0.4525,0.5627,53.0858,40.2438,34.3629,209
hourly,test,gru_seq12_h64_l2_d0p3_lr0p0005_bs64,8,0.3117,0.4126,38.2877,29.1714,24.8361,209
hourly,test,gru_seq12_h64_l2_d0p3_lr0p0005_bs64,9,0.3451,0.4736,41.5471,32.7112,28.7817,209
hourly,test,gru_seq12_h64_l2_d0p3_lr0p0005_bs64,10,0.3853,0.5322,48.1565,37.3793,33.8168,209
hourly,test,gru_seq12_h64_l2_d0p3_lr0p0005_bs64,11,0.3885,0.5367,45.0401,37.2346,34.0993,209
hourly,test,gru_seq12_h64_l2_d0p3_lr0p0005_bs64,12,0.408,0.5769,45.6813,38.3975,36.9261,211
hourly,test,gru_seq12_h64_l2_d0p3_lr0p0005_bs64,13,0.3485,0.463,40.8506,35.912,33.4586,211
hourly,test,gru_seq12_h64_l2_d0p3_lr0p0005_bs64,14,0.3713,0.5155,46.6679,39.2236,37.7966,211
hourly,test,gru_seq12_h64_l2_d0p3_lr0p0005_bs64,15,0.3278,0.4802,40.4931,35.2295,36.1226,212
hourly,test,gru_seq12_h64_l2_d0p3_lr0p0005_bs64,16,0.3125,0.4249,46.5363,37.9933,38.0683,212
hourly,test,gru_seq12_h64_l2_d0p3_lr0p0005_bs64,17,0.3516,0.5032,48.0517,40.1328,39.7845,212
hourly,test,gru_seq12_h64_l2_d0p3_lr0p0005_bs64,18,0.4532,0.6504,57.4892,43.6385,42.3015,212
hourly,test,gru_seq12_h64_l2_d0p3_lr0p0005_bs64,19,0.5052,0.6435,68.7616,43.4137,39.0141,212
hourly,test,gru_seq12_h64_l2_d0p3_lr0p0005_bs64,20,0.4646,0.5989,52.2278,36.561,31.5786,212
hourly,test,gru_seq12_h64_l2_d0p3_lr0p0005_bs64,21,0.5066,0.6586,46.5903,37.5694,33.4083,212
hourly,test,gru_seq12_h64_l2_d0p3_lr0p0005_bs64,22,0.4206,0.5598,42.4876,35.2674,34.7991,212
hourly,test,gru_seq12_h64_l2_d0p3_lr0p0005_bs64,23,0.353,0.5078,46.7756,39.3179,41.5701,212
summary,validation,gru_seq12_h128_l1_d0p0_lr0p001_bs64,,0.3785,0.5438,39.6661,32.6088,30.2776,5048
hourly,validation,gru_seq12_h128_l1_d0p0_lr0p001_bs64,0,0.2359,0.3298,44.258,36.517,37.3074,209
hourly,validation,gru_seq12_h128_l1_d0p0_lr0p001_bs64,1,0.1893,0.2907,37.4673,31.4926,35.6076,209
hourly,validation,gru_seq12_h128_l1_d0p0_lr0p001_bs64,2,0.1506,0.239,30.3599,27.3213,31.4274,209
hourly,validation,gru_seq12_h128_l1_d0p0_lr0p001_bs64,3,0.1332,0.2158,29.5097,26.4486,30.7752,209
hourly,validation,gru_seq12_h128_l1_d0p0_lr0p001_bs64,4,0.1307,0.2116,29.1605,28.5425,31.7203,209
hourly,validation,gru_seq12_h128_l1_d0p0_lr0p001_bs64,5,0.1583,0.2318,34.0234,32.7696,36.0651,209
hourly,validation,gru_seq12_h128_l1_d0p0_lr0p001_bs64,6,0.3244,0.4252,48.3579,37.8492,39.3118,209
hourly,validation,gru_seq12_h128_l1_d0p0_lr0p001_bs64,7,0.4853,0.6148,46.6678,33.4125,27.409,210
hourly,validation,gru_seq12_h128_l1_d0p0_lr0p001_bs64,8,0.3884,0.4992,34.2642,26.7166,23.5555,210
hourly,validation,gru_seq12_h128_l1_d0p0_lr0p001_bs64,9,0.3242,0.4351,30.4075,23.3149,20.9016,210
hourly,validation,gru_seq12_h128_l1_d0p0_lr0p001_bs64,10,0.3736,0.4991,32.0081,25.6471,24.7105,210
hourly,validation,gru_seq12_h128_l1_d0p0_lr0p001_bs64,11,0.4195,0.6184,40.2559,30.2029,27.7835,210
hourly,validation,gru_seq12_h128_l1_d0p0_lr0p001_bs64,12,0.4273,0.6146,41.8717,31.501,29.3,212
hourly,validation,gru_seq12_h128_l1_d0p0_lr0p001_bs64,13,0.4227,0.568,45.3706,36.693,31.1487,212
hourly,validation,gru_seq12_h128_l1_d0p0_lr0p001_bs64,14,0.4256,0.6063,45.8871,36.6281,33.9474,212
hourly,validation,gru_seq12_h128_l1_d0p0_lr0p001_bs64,15,0.4359,0.648,44.8243,38.1948,36.6714,211
hourly,validation,gru_seq12_h128_l1_d0p0_lr0p001_bs64,16,0.3938,0.5689,38.5926,35.7014,33.647,211
hourly,validation,gru_seq12_h128_l1_d0p0_lr0p001_bs64,17,0.4707,0.6907,38.9514,36.2101,35.4364,211
hourly,validation,gru_seq12_h128_l1_d0p0_lr0p001_bs64,18,0.519,0.6883,41.9735,35.873,31.7784,211
hourly,validation,gru_seq12_h128_l1_d0p0_lr0p001_bs64,19,0.6331,0.7841,38.5366,33.1185,30.4353,211
hourly,validation,gru_seq12_h128_l1_d0p0_lr0p001_bs64,20,0.6275,0.7814,38.4482,30.6416,27.3919,211
hourly,validation,gru_seq12_h128_l1_d0p0_lr0p001_bs64,21,0.529,0.676,36.0905,28.6605,25.6693,211
hourly,validation,gru_seq12_h128_l1_d0p0_lr0p001_bs64,22,0.4864,0.6079,45.5938,36.1122,32.2421,211
hourly,validation,gru_seq12_h128_l1_d0p0_lr0p001_bs64,23,0.3873,0.4938,58.7357,42.8266,43.5718,211
summary,test,gru_seq12_h128_l1_d0p0_lr0p001_bs64,,0.3341,0.4845,43.0993,35.7981,34.8514,5049
hourly,test,gru_seq12_h128_l1_d0p0_lr0p001_bs64,0,0.2557,0.4027,38.9849,35.6393,38.7636,209
hourly,test,gru_seq12_h128_l1_d0p0_lr0p001_bs64,1,0.1986,0.3134,33.018,32.1344,34.9633,209
hourly,test,gru_seq12_h128_l1_d0p0_lr0p001_bs64,2,0.1735,0.2748,29.7003,29.88,32.8961,209
hourly,test,gru_seq12_h128_l1_d0p0_lr0p001_bs64,3,0.1561,0.2609,30.3981,29.2769,33.544,209
hourly,test,gru_seq12_h128_l1_d0p0_lr0p001_bs64,4,0.1594,0.2578,30.6701,30.8468,34.4319,209
hourly,test,gru_seq12_h128_l1_d0p0_lr0p001_bs64,5,0.1591,0.2593,32.6187,30.939,35.3761,209
hourly,test,gru_seq12_h128_l1_d0p0_lr0p001_bs64,6,0.2515,0.3234,46.5362,35.7367,38.5639,209
hourly,test,gru_seq12_h128_l1_d0p0_lr0p001_bs64,7,0.4403,0.5558,56.1113,38.3729,33.4419,209
hourly,test,gru_seq12_h128_l1_d0p0_lr0p001_bs64,8,0.3237,0.433,40.8647,29.6745,25.7868,209
hourly,test,gru_seq12_h128_l1_d0p0_lr0p001_bs64,9,0.3405,0.4582,43.6026,32.5127,28.3995,209
hourly,test,gru_seq12_h128_l1_d0p0_lr0p001_bs64,10,0.3804,0.5158,49.6965,36.8435,33.3822,209
hourly,test,gru_seq12_h128_l1_d0p0_lr0p001_bs64,11,0.3745,0.5265,46.1832,36.3601,32.8698,209
hourly,test,gru_seq12_h128_l1_d0p0_lr0p001_bs64,12,0.4106,0.5789,46.8597,39.3619,37.1606,211
hourly,test,gru_seq12_h128_l1_d0p0_lr0p001_bs64,13,0.3496,0.4685,41.4927,35.9489,33.5693,211
hourly,test,gru_seq12_h128_l1_d0p0_lr0p001_bs64,14,0.3752,0.5136,47.4187,40.1944,38.1889,211
hourly,test,gru_seq12_h128_l1_d0p0_lr0p001_bs64,15,0.329,0.4731,41.0498,36.8881,36.2498,212
hourly,test,gru_seq12_h128_l1_d0p0_lr0p001_bs64,16,0.3136,0.4284,44.8828,37.9942,38.2071,212
hourly,test,gru_seq12_h128_l1_d0p0_lr0p001_bs64,17,0.3476,0.5042,43.2984,39.0015,39.3269,212
hourly,test,gru_seq12_h128_l1_d0p0_lr0p001_bs64,18,0.4254,0.6455,46.4974,39.7285,39.7052,212
hourly,test,gru_seq12_h128_l1_d0p0_lr0p001_bs64,19,0.4432,0.6041,51.3788,38.0481,34.227,212
hourly,test,gru_seq12_h128_l1_d0p0_lr0p001_bs64,20,0.465,0.6064,48.9139,36.0165,31.6045,212
hourly,test,gru_seq12_h128_l1_d0p0_lr0p001_bs64,21,0.5315,0.687,50.1092,38.6804,35.0464,212
hourly,test,gru_seq12_h128_l1_d0p0_lr0p001_bs64,22,0.4478,0.5913,46.6348,37.9461,37.0535,212
hourly,test,gru_seq12_h128_l1_d0p0_lr0p001_bs64,23,0.357,0.5288,46.9431,40.7231,42.0425,212
summary,validation,gru_seq12_h128_l1_d0p0_lr0p0005_bs64,,0.3736,0.5387,39.3212,32.038,29.8864,5048
hourly,validation,gru_seq12_h128_l1_d0p0_lr0p0005_bs64,0,0.2321,0.3294,44.0541,35.7205,36.7017,209
hourly,validation,gru_seq12_h128_l1_d0p0_lr0p0005_bs64,1,0.1787,0.2833,34.6919,29.4016,33.6178,209
hourly,validation,gru_seq12_h128_l1_d0p0_lr0p0005_bs64,2,0.148,0.246,29.1089,25.8368,30.8805,209
hourly,validation,gru_seq12_h128_l1_d0p0_lr0p0005_bs64,3,0.1329,0.223,29.6034,25.5351,30.6994,209
hourly,validation,gru_seq12_h128_l1_d0p0_lr0p0005_bs64,4,0.1308,0.2184,28.7343,27.9563,31.7622,209
hourly,validation,gru_seq12_h128_l1_d0p0_lr0p0005_bs64,5,0.1586,0.2304,34.5793,32.5583,36.1219,209
hourly,validation,gru_seq12_h128_l1_d0p0_lr0p0005_bs64,6,0.3143,0.4118,46.5911,36.2162,38.0904,209
hourly,validation,gru_seq12_h128_l1_d0p0_lr0p0005_bs64,7,0.4965,0.6171,47.7936,34.4516,28.0392,210
hourly,validation,gru_seq12_h128_l1_d0p0_lr0p0005_bs64,8,0.3824,0.4979,33.39,26.5182,23.1904,210
hourly,validation,gru_seq12_h128_l1_d0p0_lr0p0005_bs64,9,0.3298,0.4414,30.0349,23.6774,21.259,210
hourly,validation,gru_seq12_h128_l1_d0p0_lr0p0005_bs64,10,0.3552,0.479,30.0936,24.9734,23.4944,210
hourly,validation,gru_seq12_h128_l1_d0p0_lr0p0005_bs64,11,0.4168,0.625,40.3214,30.1199,27.602,210
hourly,validation,gru_seq12_h128_l1_d0p0_lr0p0005_bs64,12,0.4288,0.6146,42.1196,31.8836,29.4024,212
hourly,validation,gru_seq12_h128_l1_d0p0_lr0p0005_bs64,13,0.4184,0.5629,45.3765,36.0907,30.8305,212
hourly,validation,gru_seq12_h128_l1_d0p0_lr0p0005_bs64,14,0.4275,0.6086,46.9155,36.8442,34.095,212
hourly,validation,gru_seq12_h128_l1_d0p0_lr0p0005_bs64,15,0.4363,0.6462,45.6857,37.7468,36.7081,211
hourly,validation,gru_seq12_h128_l1_d0p0_lr0p0005_bs64,16,0.3882,0.5618,39.3732,35.0879,33.1766,211
hourly,validation,gru_seq12_h128_l1_d0p0_lr0p0005_bs64,17,0.457,0.6799,40.0911,35.5751,34.4105,211
hourly,validation,gru_seq12_h128_l1_d0p0_lr0p0005_bs64,18,0.533,0.7004,44.1897,36.3445,32.6404,211
hourly,validation,gru_seq12_h128_l1_d0p0_lr0p0005_bs64,19,0.6256,0.7692,38.759,32.693,30.0761,211
hourly,validation,gru_seq12_h128_l1_d0p0_lr0p0005_bs64,20,0.6219,0.7744,38.1722,30.4042,27.1475,211
hourly,validation,gru_seq12_h128_l1_d0p0_lr0p0005_bs64,21,0.5125,0.6583,34.245,27.6406,24.8704,211
hourly,validation,gru_seq12_h128_l1_d0p0_lr0p0005_bs64,22,0.4539,0.5727,41.8117,33.8472,30.0902,211
hourly,validation,gru_seq12_h128_l1_d0p0_lr0p0005_bs64,23,0.375,0.4829,57.5587,41.5464,42.1914,211
summary,test,gru_seq12_h128_l1_d0p0_lr0p0005_bs64,,0.3339,0.484,43.2646,35.7512,34.8298,5049
hourly,test,gru_seq12_h128_l1_d0p0_lr0p0005_bs64,0,0.2529,0.402,38.4632,35.3404,38.34,209
hourly,test,gru_seq12_h128_l1_d0p0_lr0p0005_bs64,1,0.1998,0.3178,32.364,32.452,35.168,209
hourly,test,gru_seq12_h128_l1_d0p0_lr0p0005_bs64,2,0.1737,0.278,29.2807,29.6794,32.9291,209
hourly,test,gru_seq12_h128_l1_d0p0_lr0p0005_bs64,3,0.1502,0.2587,28.867,27.6085,32.2724,209
hourly,test,gru_seq12_h128_l1_d0p0_lr0p0005_bs64,4,0.1596,0.2625,30.3689,30.38,34.475,209
hourly,test,gru_seq12_h128_l1_d0p0_lr0p0005_bs64,5,0.1547,0.2587,31.8877,29.3359,34.4074,209
hourly,test,gru_seq12_h128_l1_d0p0_lr0p0005_bs64,6,0.2415,0.3148,43.6212,34.4883,37.0384,209
hourly,test,gru_seq12_h128_l1_d0p0_lr0p0005_bs64,7,0.441,0.5521,54.5899,38.7754,33.4922,209
hourly,test,gru_seq12_h128_l1_d0p0_lr0p0005_bs64,8,0.3188,0.4244,39.306,29.2914,25.4017,209
hourly,test,gru_seq12_h128_l1_d0p0_lr0p0005_bs64,9,0.3368,0.4613,41.7995,31.7994,28.0856,209
hourly,test,gru_seq12_h128_l1_d0p0_lr0p0005_bs64,10,0.3816,0.5182,49.9603,37.1483,33.4837,209
hourly,test,gru_seq12_h128_l1_d0p0_lr0p0005_bs64,11,0.3722,0.5237,45.9334,35.9255,32.6666,209
hourly,test,gru_seq12_h128_l1_d0p0_lr0p0005_bs64,12,0.4102,0.579,47.7271,39.3311,37.1254,211
hourly,test,gru_seq12_h128_l1_d0p0_lr0p0005_bs64,13,0.3547,0.471,42.6211,36.3489,34.0563,211
hourly,test,gru_seq12_h128_l1_d0p0_lr0p0005_bs64,14,0.3767,0.5161,49.1773,40.2889,38.3409,211
hourly,test,gru_seq12_h128_l1_d0p0_lr0p0005_bs64,15,0.3384,0.4816,43.3219,37.817,37.2918,212
hourly,test,gru_seq12_h128_l1_d0p0_lr0p0005_bs64,16,0.3162,0.4212,47.5911,39.2112,38.5252,212
hourly,test,gru_seq12_h128_l1_d0p0_lr0p0005_bs64,17,0.3491,0.5016,46.0841,40.1111,39.4958,212
hourly,test,gru_seq12_h128_l1_d0p0_lr0p0005_bs64,18,0.4298,0.6502,49.4234,40.3951,40.1237,212
hourly,test,gru_seq12_h128_l1_d0p0_lr0p0005_bs64,19,0.4707,0.6187,58.2027,39.9602,36.3532,212
hourly,test,gru_seq12_h128_l1_d0p0_lr0p0005_bs64,20,0.4624,0.605,50.1645,35.7746,31.4278,212
hourly,test,gru_seq12_h128_l1_d0p0_lr0p0005_bs64,21,0.5257,0.682,48.249,38.7712,34.6666,212
hourly,test,gru_seq12_h128_l1_d0p0_lr0p0005_bs64,22,0.4316,0.5744,42.489,36.9301,35.716,212
hourly,test,gru_seq12_h128_l1_d0p0_lr0p0005_bs64,23,0.355,0.5247,46.1568,40.3852,41.8071,212
summary,validation,gru_seq12_h128_l2_d0p0_lr0p001_bs64,,0.38,0.5462,40.6906,33.3878,30.3941,5048
hourly,validation,gru_seq12_h128_l2_d0p0_lr0p001_bs64,0,0.2218,0.3303,40.884,32.2554,35.0811,209
hourly,validation,gru_seq12_h128_l2_d0p0_lr0p001_bs64,1,0.1728,0.2887,30.7712,28.5678,32.5007,209
hourly,validation,gru_seq12_h128_l2_d0p0_lr0p001_bs64,2,0.163,0.2598,31.3276,30.9474,34.003,209
hourly,validation,gru_seq12_h128_l2_d0p0_lr0p001_bs64,3,0.1587,0.2385,34.9054,35.4147,36.6563,209
hourly,validation,gru_seq12_h128_l2_d0p0_lr0p001_bs64,4,0.1613,0.2443,35.3975,40.7636,39.1661,209
hourly,validation,gru_seq12_h128_l2_d0p0_lr0p001_bs64,5,0.1557,0.2536,28.825,33.9463,35.4599,209
hourly,validation,gru_seq12_h128_l2_d0p0_lr0p001_bs64,6,0.3055,0.4082,37.9412,37.1475,37.0243,209
hourly,validation,gru_seq12_h128_l2_d0p0_lr0p001_bs64,7,0.5381,0.6784,43.221,36.1066,30.3929,210
hourly,validation,gru_seq12_h128_l2_d0p0_lr0p001_bs64,8,0.3909,0.5083,33.0926,26.453,23.7101,210
hourly,validation,gru_seq12_h128_l2_d0p0_lr0p001_bs64,9,0.3355,0.4474,31.753,23.9962,21.6307,210
hourly,validation,gru_seq12_h128_l2_d0p0_lr0p001_bs64,10,0.3541,0.4823,31.5319,24.9576,23.4227,210
hourly,validation,gru_seq12_h128_l2_d0p0_lr0p001_bs64,11,0.4117,0.6219,41.5532,29.6991,27.2687,210
hourly,validation,gru_seq12_h128_l2_d0p0_lr0p001_bs64,12,0.4281,0.6119,45.0639,32.4492,29.3581,212
hourly,validation,gru_seq12_h128_l2_d0p0_lr0p001_bs64,13,0.4166,0.5718,47.9796,35.5489,30.6945,212
hourly,validation,gru_seq12_h128_l2_d0p0_lr0p001_bs64,14,0.4473,0.6292,52.8887,38.1717,35.6723,212
hourly,validation,gru_seq12_h128_l2_d0p0_lr0p001_bs64,15,0.4391,0.6417,51.4704,38.37,36.9399,211
hourly,validation,gru_seq12_h128_l2_d0p0_lr0p001_bs64,16,0.3886,0.5562,43.0119,35.165,33.2024,211
hourly,validation,gru_seq12_h128_l2_d0p0_lr0p001_bs64,17,0.467,0.6758,45.0751,36.9799,35.1595,211
hourly,validation,gru_seq12_h128_l2_d0p0_lr0p001_bs64,18,0.5477,0.7199,50.2187,37.116,33.5396,211
hourly,validation,gru_seq12_h128_l2_d0p0_lr0p001_bs64,19,0.6196,0.7593,39.9755,32.5189,29.7865,211
hourly,validation,gru_seq12_h128_l2_d0p0_lr0p001_bs64,20,0.6157,0.7766,37.7223,30.2035,26.8758,211
hourly,validation,gru_seq12_h128_l2_d0p0_lr0p001_bs64,21,0.5071,0.6529,33.5673,27.3122,24.6078,211
hourly,validation,gru_seq12_h128_l2_d0p0_lr0p001_bs64,22,0.4618,0.5799,43.8378,33.6885,30.6131,211
hourly,validation,gru_seq12_h128_l2_d0p0_lr0p001_bs64,23,0.399,0.514,63.9169,43.428,44.8885,211
summary,test,gru_seq12_h128_l2_d0p0_lr0p001_bs64,,0.3423,0.4897,45.7043,37.5367,35.6987,5049
hourly,test,gru_seq12_h128_l2_d0p0_lr0p001_bs64,0,0.2417,0.3838,37.8047,32.8582,36.6414,209
hourly,test,gru_seq12_h128_l2_d0p0_lr0p001_bs64,1,0.1953,0.316,30.5141,31.7907,34.3762,209
hourly,test,gru_seq12_h128_l2_d0p0_lr0p001_bs64,2,0.1823,0.283,30.6375,33.3365,34.5728,209
hourly,test,gru_seq12_h128_l2_d0p0_lr0p001_bs64,3,0.1586,0.2616,30.2,33.1967,34.0779,209
hourly,test,gru_seq12_h128_l2_d0p0_lr0p001_bs64,4,0.1932,0.289,36.6836,42.8915,41.7274,209
hourly,test,gru_seq12_h128_l2_d0p0_lr0p001_bs64,5,0.1774,0.2826,33.9499,38.9548,39.4482,209
hourly,test,gru_seq12_h128_l2_d0p0_lr0p001_bs64,6,0.2233,0.3135,33.9553,35.8628,34.2434,209
hourly,test,gru_seq12_h128_l2_d0p0_lr0p001_bs64,7,0.4674,0.5991,48.6586,40.1815,35.4954,209
hourly,test,gru_seq12_h128_l2_d0p0_lr0p001_bs64,8,0.3277,0.4296,37.8508,28.9958,26.1058,209
hourly,test,gru_seq12_h128_l2_d0p0_lr0p001_bs64,9,0.3417,0.47,45.152,32.8117,28.4928,209
hourly,test,gru_seq12_h128_l2_d0p0_lr0p001_bs64,10,0.3992,0.532,56.7428,39.4828,35.0326,209
hourly,test,gru_seq12_h128_l2_d0p0_lr0p001_bs64,11,0.3805,0.528,51.9661,38.1719,33.3976,209
hourly,test,gru_seq12_h128_l2_d0p0_lr0p001_bs64,12,0.4027,0.5729,49.3011,37.9114,36.449,211
hourly,test,gru_seq12_h128_l2_d0p0_lr0p001_bs64,13,0.3569,0.4707,45.4631,36.5094,34.2644,211
hourly,test,gru_seq12_h128_l2_d0p0_lr0p001_bs64,14,0.3774,0.5164,53.1382,40.4387,38.4106,211
hourly,test,gru_seq12_h128_l2_d0p0_lr0p001_bs64,15,0.3386,0.4821,45.9078,36.8218,37.3058,212
hourly,test,gru_seq12_h128_l2_d0p0_lr0p001_bs64,16,0.319,0.4267,51.4019,39.2213,38.8607,212
hourly,test,gru_seq12_h128_l2_d0p0_lr0p001_bs64,17,0.356,0.498,50.8228,40.6151,40.2763,212
hourly,test,gru_seq12_h128_l2_d0p0_lr0p001_bs64,18,0.4497,0.6425,58.7257,43.3295,41.9777,212
hourly,test,gru_seq12_h128_l2_d0p0_lr0p001_bs64,19,0.5181,0.6564,69.4425,44.1765,40.0145,212
hourly,test,gru_seq12_h128_l2_d0p0_lr0p001_bs64,20,0.4689,0.6079,52.3669,36.8068,31.8737,212
hourly,test,gru_seq12_h128_l2_d0p0_lr0p001_bs64,21,0.5225,0.679,48.1652,38.7171,34.4559,212
hourly,test,gru_seq12_h128_l2_d0p0_lr0p001_bs64,22,0.4375,0.5818,45.4702,36.646,36.2043,212
hourly,test,gru_seq12_h128_l2_d0p0_lr0p001_bs64,23,0.3677,0.5176,51.5816,40.8522,43.3046,212
summary,validation,gru_seq12_h128_l2_d0p0_lr0p0005_bs64,,0.3784,0.5425,39.2805,32.4058,30.2677,5048
hourly,validation,gru_seq12_h128_l2_d0p0_lr0p0005_bs64,0,0.2161,0.3224,36.154,31.6306,34.173,209
hourly,validation,gru_seq12_h128_l2_d0p0_lr0p0005_bs64,1,0.1777,0.288,31.5518,28.9775,33.4369,209
hourly,validation,gru_seq12_h128_l2_d0p0_lr0p0005_bs64,2,0.1513,0.2366,30.5177,27.7796,31.5715,209
hourly,validation,gru_seq12_h128_l2_d0p0_lr0p0005_bs64,3,0.1347,0.2026,30.8327,26.9263,31.1075,209
hourly,validation,gru_seq12_h128_l2_d0p0_lr0p0005_bs64,4,0.1343,0.2045,31.7799,28.3716,32.593,209
hourly,validation,gru_seq12_h128_l2_d0p0_lr0p0005_bs64,5,0.1786,0.2299,42.7397,36.6517,40.68,209
hourly,validation,gru_seq12_h128_l2_d0p0_lr0p0005_bs64,6,0.311,0.4037,46.4055,35.5842,37.6852,209
hourly,validation,gru_seq12_h128_l2_d0p0_lr0p0005_bs64,7,0.4934,0.6278,42.7528,32.7837,27.8674,210
hourly,validation,gru_seq12_h128_l2_d0p0_lr0p0005_bs64,8,0.3907,0.5075,33.773,26.731,23.6942,210
hourly,validation,gru_seq12_h128_l2_d0p0_lr0p0005_bs64,9,0.3348,0.447,30.4114,24.0091,21.5845,210
hourly,validation,gru_seq12_h128_l2_d0p0_lr0p0005_bs64,10,0.3677,0.4902,30.5495,25.9285,24.3228,210
hourly,validation,gru_seq12_h128_l2_d0p0_lr0p0005_bs64,11,0.4223,0.6202,39.1951,30.436,27.9673,210
hourly,validation,gru_seq12_h128_l2_d0p0_lr0p0005_bs64,12,0.4286,0.615,42.3593,32.0506,29.3927,212
hourly,validation,gru_seq12_h128_l2_d0p0_lr0p0005_bs64,13,0.4189,0.5671,45.3928,35.8399,30.8667,212
hourly,validation,gru_seq12_h128_l2_d0p0_lr0p0005_bs64,14,0.4377,0.6133,48.4806,37.6697,34.9053,212
hourly,validation,gru_seq12_h128_l2_d0p0_lr0p0005_bs64,15,0.4378,0.6448,48.0514,38.8563,36.8289,211
hourly,validation,gru_seq12_h128_l2_d0p0_lr0p0005_bs64,16,0.3885,0.5503,41.5756,35.8847,33.1977,211
hourly,validation,gru_seq12_h128_l2_d0p0_lr0p0005_bs64,17,0.469,0.6739,43.4277,36.8594,35.3115,211
hourly,validation,gru_seq12_h128_l2_d0p0_lr0p0005_bs64,18,0.5406,0.6918,47.1004,37.1449,33.1059,211
hourly,validation,gru_seq12_h128_l2_d0p0_lr0p0005_bs64,19,0.6603,0.8171,40.0848,34.0436,31.7461,211
hourly,validation,gru_seq12_h128_l2_d0p0_lr0p0005_bs64,20,0.6246,0.785,37.3829,30.4475,27.2661,211
hourly,validation,gru_seq12_h128_l2_d0p0_lr0p0005_bs64,21,0.5111,0.6549,32.8073,27.7026,24.8032,211
hourly,validation,gru_seq12_h128_l2_d0p0_lr0p0005_bs64,22,0.4787,0.6049,39.1619,35.2883,31.7368,211
hourly,validation,gru_seq12_h128_l2_d0p0_lr0p0005_bs64,23,0.36,0.4724,49.827,39.8944,40.5006,211
summary,test,gru_seq12_h128_l2_d0p0_lr0p0005_bs64,,0.3376,0.485,45.0901,36.2045,35.2098,5049
hourly,test,gru_seq12_h128_l2_d0p0_lr0p0005_bs64,0,0.246,0.3997,35.3454,33.5619,37.2957,209
hourly,test,gru_seq12_h128_l2_d0p0_lr0p0005_bs64,1,0.1948,0.3231,30.4778,30.9007,34.2932,209
hourly,test,gru_seq12_h128_l2_d0p0_lr0p0005_bs64,2,0.1737,0.2718,30.5314,29.7536,32.942,209
hourly,test,gru_seq12_h128_l2_d0p0_lr0p0005_bs64,3,0.1527,0.245,30.9616,28.6088,32.8257,209
hourly,test,gru_seq12_h128_l2_d0p0_lr0p0005_bs64,4,0.1648,0.2497,34.0439,31.8992,35.6054,209
hourly,test,gru_seq12_h128_l2_d0p0_lr0p0005_bs64,5,0.1706,0.2587,38.0992,32.9661,37.9239,209
hourly,test,gru_seq12_h128_l2_d0p0_lr0p0005_bs64,6,0.2572,0.3322,48.8826,36.0265,39.4486,209
hourly,test,gru_seq12_h128_l2_d0p0_lr0p0005_bs64,7,0.447,0.572,55.3415,38.2545,33.9469,209
hourly,test,gru_seq12_h128_l2_d0p0_lr0p0005_bs64,8,0.3371,0.4445,44.0909,30.5959,26.8594,209
hourly,test,gru_seq12_h128_l2_d0p0_lr0p0005_bs64,9,0.3472,0.4697,44.6027,32.9752,28.9527,209
hourly,test,gru_seq12_h128_l2_d0p0_lr0p0005_bs64,10,0.3938,0.5263,52.274,38.4477,34.5625,209
hourly,test,gru_seq12_h128_l2_d0p0_lr0p0005_bs64,11,0.3879,0.5352,49.8492,38.2658,34.0517,209
hourly,test,gru_seq12_h128_l2_d0p0_lr0p0005_bs64,12,0.4157,0.5791,50.562,39.3985,37.6212,211
hourly,test,gru_seq12_h128_l2_d0p0_lr0p0005_bs64,13,0.353,0.4584,44.8071,37.0984,33.896,211
hourly,test,gru_seq12_h128_l2_d0p0_lr0p0005_bs64,14,0.3814,0.5127,52.3452,41.5034,38.8171,211
hourly,test,gru_seq12_h128_l2_d0p0_lr0p0005_bs64,15,0.3343,0.4661,45.3864,37.5251,36.8374,212
hourly,test,gru_seq12_h128_l2_d0p0_lr0p0005_bs64,16,0.3233,0.4224,51.4339,40.5166,39.3861,212
hourly,test,gru_seq12_h128_l2_d0p0_lr0p0005_bs64,17,0.357,0.4956,49.7648,40.536,40.3961,212
hourly,test,gru_seq12_h128_l2_d0p0_lr0p0005_bs64,18,0.4343,0.6385,53.7343,41.5027,40.5379,212
hourly,test,gru_seq12_h128_l2_d0p0_lr0p0005_bs64,19,0.4654,0.6233,59.0772,39.4841,35.9404,212
hourly,test,gru_seq12_h128_l2_d0p0_lr0p0005_bs64,20,0.4596,0.6039,50.3301,35.4722,31.241,212
hourly,test,gru_seq12_h128_l2_d0p0_lr0p0005_bs64,21,0.5299,0.6879,48.1774,38.6403,34.9434,212
hourly,test,gru_seq12_h128_l2_d0p0_lr0p0005_bs64,22,0.4241,0.5696,40.2142,36.0589,35.0898,212
hourly,test,gru_seq12_h128_l2_d0p0_lr0p0005_bs64,23,0.3404,0.5286,41.2281,38.5043,40.0914,212
summary,validation,gru_seq12_h128_l2_d0p2_lr0p001_bs64,,0.3784,0.544,40.4382,32.6089,30.2691,5048
hourly,validation,gru_seq12_h128_l2_d0p2_lr0p001_bs64,0,0.2235,0.3299,41.1098,32.6227,35.3446,209
hourly,validation,gru_seq12_h128_l2_d0p2_lr0p001_bs64,1,0.1728,0.2882,30.4787,28.2809,32.5046,209
hourly,validation,gru_seq12_h128_l2_d0p2_lr0p001_bs64,2,0.1601,0.2576,30.315,29.8258,33.3955,209
hourly,validation,gru_seq12_h128_l2_d0p2_lr0p001_bs64,3,0.1466,0.2329,31.2947,30.5346,33.8698,209
hourly,validation,gru_seq12_h128_l2_d0p2_lr0p001_bs64,4,0.1373,0.2262,28.8768,30.9788,33.3192,209
hourly,validation,gru_seq12_h128_l2_d0p2_lr0p001_bs64,5,0.1459,0.2395,27.3996,29.573,33.2441,209
hourly,validation,gru_seq12_h128_l2_d0p2_lr0p001_bs64,6,0.2912,0.3844,38.5425,35.1134,35.2857,209
hourly,validation,gru_seq12_h128_l2_d0p2_lr0p001_bs64,7,0.5362,0.6709,44.1989,36.3746,30.2842,210
hourly,validation,gru_seq12_h128_l2_d0p2_lr0p001_bs64,8,0.3904,0.5057,33.0014,26.6639,23.6797,210
hourly,validation,gru_seq12_h128_l2_d0p2_lr0p001_bs64,9,0.3383,0.4529,31.6892,24.1856,21.809,210
hourly,validation,gru_seq12_h128_l2_d0p2_lr0p001_bs64,10,0.3488,0.4789,30.7122,24.6483,23.07,210
hourly,validation,gru_seq12_h128_l2_d0p2_lr0p001_bs64,11,0.4127,0.6233,40.9193,29.751,27.335,210
hourly,validation,gru_seq12_h128_l2_d0p2_lr0p001_bs64,12,0.4294,0.6129,45.1432,32.5981,29.4412,212
hourly,validation,gru_seq12_h128_l2_d0p2_lr0p001_bs64,13,0.4203,0.5699,47.8054,35.7683,30.9706,212
hourly,validation,gru_seq12_h128_l2_d0p2_lr0p001_bs64,14,0.45,0.63,52.7698,38.2999,35.8862,212
hourly,validation,gru_seq12_h128_l2_d0p2_lr0p001_bs64,15,0.4445,0.6433,52.2682,38.8953,37.3937,211
hourly,validation,gru_seq12_h128_l2_d0p2_lr0p001_bs64,16,0.3951,0.5589,44.7136,35.8968,33.7605,211
hourly,validation,gru_seq12_h128_l2_d0p2_lr0p001_bs64,17,0.4715,0.6712,47.3731,37.6092,35.4978,211
hourly,validation,gru_seq12_h128_l2_d0p2_lr0p001_bs64,18,0.5486,0.7157,50.6016,37.2389,33.596,211
hourly,validation,gru_seq12_h128_l2_d0p2_lr0p001_bs64,19,0.6129,0.7528,39.5018,32.2523,29.4654,211
hourly,validation,gru_seq12_h128_l2_d0p2_lr0p001_bs64,20,0.6182,0.7773,38.3087,30.4108,26.9871,211
hourly,validation,gru_seq12_h128_l2_d0p2_lr0p001_bs64,21,0.508,0.6554,34.1598,27.3365,24.6541,211
hourly,validation,gru_seq12_h128_l2_d0p2_lr0p001_bs64,22,0.4662,0.5816,44.5727,33.9833,30.9076,211
hourly,validation,gru_seq12_h128_l2_d0p2_lr0p001_bs64,23,0.4001,0.5158,64.0197,43.5209,45.0176,211
summary,test,gru_seq12_h128_l2_d0p2_lr0p001_bs64,,0.3389,0.4872,44.9689,36.4953,35.3435,5049
hourly,test,gru_seq12_h128_l2_d0p2_lr0p001_bs64,0,0.2451,0.3888,38.509,33.0689,37.161,209
hourly,test,gru_seq12_h128_l2_d0p2_lr0p001_bs64,1,0.1923,0.3131,29.6152,30.3438,33.841,209
hourly,test,gru_seq12_h128_l2_d0p2_lr0p001_bs64,2,0.1774,0.2772,29.8907,32.0881,33.6305,209
hourly,test,gru_seq12_h128_l2_d0p2_lr0p001_bs64,3,0.1466,0.2498,27.6565,29.4886,31.5041,209
hourly,test,gru_seq12_h128_l2_d0p2_lr0p001_bs64,4,0.1782,0.2778,33.141,37.3038,38.4919,209
hourly,test,gru_seq12_h128_l2_d0p2_lr0p001_bs64,5,0.1584,0.2683,29.7972,32.2126,35.2181,209
hourly,test,gru_seq12_h128_l2_d0p2_lr0p001_bs64,6,0.2193,0.3017,35.5254,34.1796,33.6325,209
hourly,test,gru_seq12_h128_l2_d0p2_lr0p001_bs64,7,0.4721,0.5985,51.5209,40.8762,35.8514,209
hourly,test,gru_seq12_h128_l2_d0p2_lr0p001_bs64,8,0.3237,0.4251,37.631,28.9343,25.7868,209
hourly,test,gru_seq12_h128_l2_d0p2_lr0p001_bs64,9,0.3374,0.4703,42.6775,32.0225,28.1391,209
hourly,test,gru_seq12_h128_l2_d0p2_lr0p001_bs64,10,0.3907,0.5304,53.1442,38.1487,34.2899,209
hourly,test,gru_seq12_h128_l2_d0p2_lr0p001_bs64,11,0.3792,0.5297,49.9241,37.362,33.2812,209
hourly,test,gru_seq12_h128_l2_d0p2_lr0p001_bs64,12,0.4052,0.572,49.7236,38.1481,36.6781,211
hourly,test,gru_seq12_h128_l2_d0p2_lr0p001_bs64,13,0.356,0.469,45.2767,36.4496,34.1782,211
hourly,test,gru_seq12_h128_l2_d0p2_lr0p001_bs64,14,0.3768,0.5152,52.8793,40.4628,38.3515,211
hourly,test,gru_seq12_h128_l2_d0p2_lr0p001_bs64,15,0.3394,0.4836,45.9528,36.8631,37.393,212
hourly,test,gru_seq12_h128_l2_d0p2_lr0p001_bs64,16,0.3223,0.4319,51.9353,39.3555,39.2682,212
hourly,test,gru_seq12_h128_l2_d0p2_lr0p001_bs64,17,0.3605,0.5035,51.7903,40.8638,40.7923,212
hourly,test,gru_seq12_h128_l2_d0p2_lr0p001_bs64,18,0.45,0.6423,58.4429,42.9412,42.0091,212
hourly,test,gru_seq12_h128_l2_d0p2_lr0p001_bs64,19,0.5076,0.6463,68.2914,43.375,39.1986,212
hourly,test,gru_seq12_h128_l2_d0p2_lr0p001_bs64,20,0.4634,0.6016,51.1804,36.018,31.4964,212
hourly,test,gru_seq12_h128_l2_d0p2_lr0p001_bs64,21,0.5184,0.6731,47.1151,38.0997,34.1866,212
hourly,test,gru_seq12_h128_l2_d0p2_lr0p001_bs64,22,0.4329,0.5801,44.6504,35.9296,35.8177,212
hourly,test,gru_seq12_h128_l2_d0p2_lr0p001_bs64,23,0.3683,0.5155,51.9037,40.9273,43.3772,212
summary,validation,gru_seq12_h128_l2_d0p2_lr0p0005_bs64,,0.3809,0.5443,41.1411,32.468,30.4681,5048
hourly,validation,gru_seq12_h128_l2_d0p2_lr0p0005_bs64,0,0.2479,0.3471,47.4938,36.4314,39.1972,209
hourly,validation,gru_seq12_h128_l2_d0p2_lr0p0005_bs64,1,0.1846,0.2914,35.1905,29.7681,34.7202,209
hourly,validation,gru_seq12_h128_l2_d0p2_lr0p0005_bs64,2,0.1503,0.2532,28.4117,25.7077,31.363,209
hourly,validation,gru_seq12_h128_l2_d0p2_lr0p0005_bs64,3,0.1338,0.224,27.9927,25.7101,30.8947,209
hourly,validation,gru_seq12_h128_l2_d0p2_lr0p0005_bs64,4,0.1275,0.2162,26.4913,27.089,30.9403,209
hourly,validation,gru_seq12_h128_l2_d0p2_lr0p0005_bs64,5,0.1414,0.2294,27.1354,28.175,32.2224,209
hourly,validation,gru_seq12_h128_l2_d0p2_lr0p0005_bs64,6,0.3074,0.4051,43.0936,36.1271,37.2461,209
hourly,validation,gru_seq12_h128_l2_d0p2_lr0p0005_bs64,7,0.5081,0.6532,44.1638,34.3342,28.699,210
hourly,validation,gru_seq12_h128_l2_d0p2_lr0p0005_bs64,8,0.392,0.5119,32.5816,26.8234,23.7772,210
hourly,validation,gru_seq12_h128_l2_d0p2_lr0p0005_bs64,9,0.3399,0.4564,31.2613,24.178,21.9099,210
hourly,validation,gru_seq12_h128_l2_d0p2_lr0p0005_bs64,10,0.3503,0.4801,30.5795,24.7029,23.1718,210
hourly,validation,gru_seq12_h128_l2_d0p2_lr0p0005_bs64,11,0.4168,0.6194,41.1624,30.0935,27.6024,210
hourly,validation,gru_seq12_h128_l2_d0p2_lr0p0005_bs64,12,0.4409,0.6168,46.9005,33.3141,30.2353,212
hourly,validation,gru_seq12_h128_l2_d0p2_lr0p0005_bs64,13,0.4271,0.5653,49.6106,36.2517,31.4719,212
hourly,validation,gru_seq12_h128_l2_d0p2_lr0p0005_bs64,14,0.4412,0.6116,53.0707,38.228,35.1906,212
hourly,validation,gru_seq12_h128_l2_d0p2_lr0p0005_bs64,15,0.4455,0.6409,52.3207,39.4225,37.4838,211
hourly,validation,gru_seq12_h128_l2_d0p2_lr0p0005_bs64,16,0.3955,0.5562,44.7429,36.6701,33.797,211
hourly,validation,gru_seq12_h128_l2_d0p2_lr0p0005_bs64,17,0.4708,0.6663,46.2465,37.6008,35.4436,211
hourly,validation,gru_seq12_h128_l2_d0p2_lr0p0005_bs64,18,0.5557,0.7135,51.7301,37.9037,34.0263,211
hourly,validation,gru_seq12_h128_l2_d0p2_lr0p0005_bs64,19,0.6221,0.7607,40.5278,32.5024,29.9078,211
hourly,validation,gru_seq12_h128_l2_d0p2_lr0p0005_bs64,20,0.626,0.7803,40.2908,30.7796,27.3262,211
hourly,validation,gru_seq12_h128_l2_d0p2_lr0p0005_bs64,21,0.516,0.6629,36.7279,27.9359,25.0384,211
hourly,validation,gru_seq12_h128_l2_d0p2_lr0p0005_bs64,22,0.4905,0.6105,46.0149,35.4043,32.5151,211
hourly,validation,gru_seq12_h128_l2_d0p2_lr0p0005_bs64,23,0.397,0.5034,62.9034,43.7498,44.6617,211
summary,test,gru_seq12_h128_l2_d0p2_lr0p0005_bs64,,0.3404,0.4831,46.7242,36.3851,35.5004,5049
hourly,test,gru_seq12_h128_l2_d0p2_lr0p0005_bs64,0,0.268,0.411,43.4567,36.6077,40.6347,209
hourly,test,gru_seq12_h128_l2_d0p2_lr0p0005_bs64,1,0.1991,0.309,32.9909,31.2549,35.0442,209
hourly,test,gru_seq12_h128_l2_d0p2_lr0p0005_bs64,2,0.1582,0.2623,26.5183,26.839,29.9957,209
hourly,test,gru_seq12_h128_l2_d0p2_lr0p0005_bs64,3,0.1313,0.2352,24.5092,24.3921,28.2163,209
hourly,test,gru_seq12_h128_l2_d0p2_lr0p0005_bs64,4,0.158,0.2602,29.1325,30.165,34.126,209
hourly,test,gru_seq12_h128_l2_d0p2_lr0p0005_bs64,5,0.1421,0.2497,27.394,26.8264,31.5969,209
hourly,test,gru_seq12_h128_l2_d0p2_lr0p0005_bs64,6,0.2275,0.303,39.5044,33.9141,34.8951,209
hourly,test,gru_seq12_h128_l2_d0p2_lr0p0005_bs64,7,0.4528,0.5754,52.4891,39.546,34.3855,209
hourly,test,gru_seq12_h128_l2_d0p2_lr0p0005_bs64,8,0.3263,0.4284,39.2765,29.5486,25.9939,209
hourly,test,gru_seq12_h128_l2_d0p2_lr0p0005_bs64,9,0.3471,0.4753,43.4852,32.4238,28.9462,209
hourly,test,gru_seq12_h128_l2_d0p2_lr0p0005_bs64,10,0.3908,0.5253,53.0437,37.9794,34.2938,209
hourly,test,gru_seq12_h128_l2_d0p2_lr0p0005_bs64,11,0.3857,0.5319,52.174,38.1342,33.8518,209
hourly,test,gru_seq12_h128_l2_d0p2_lr0p0005_bs64,12,0.4243,0.5807,56.3823,40.8338,38.3995,211
hourly,test,gru_seq12_h128_l2_d0p2_lr0p0005_bs64,13,0.3687,0.4685,49.7136,37.9771,35.4049,211
hourly,test,gru_seq12_h128_l2_d0p2_lr0p0005_bs64,14,0.388,0.5152,57.5454,42.4423,39.4907,211
hourly,test,gru_seq12_h128_l2_d0p2_lr0p0005_bs64,15,0.3561,0.4806,52.0006,39.7376,39.2439,212
hourly,test,gru_seq12_h128_l2_d0p2_lr0p0005_bs64,16,0.3376,0.4302,56.9146,42.0864,41.1249,212
hourly,test,gru_seq12_h128_l2_d0p2_lr0p0005_bs64,17,0.3671,0.5032,54.1655,42.4782,41.5354,212
hourly,test,gru_seq12_h128_l2_d0p2_lr0p0005_bs64,18,0.4434,0.6299,58.6655,43.0226,41.3881,212
hourly,test,gru_seq12_h128_l2_d0p2_lr0p0005_bs64,19,0.5071,0.6403,68.5228,43.278,39.1637,212
hourly,test,gru_seq12_h128_l2_d0p2_lr0p0005_bs64,20,0.4747,0.6146,55.7753,37.1714,32.2644,212
hourly,test,gru_seq12_h128_l2_d0p2_lr0p0005_bs64,21,0.5092,0.6503,50.0014,37.9258,33.5764,212
hourly,test,gru_seq12_h128_l2_d0p2_lr0p0005_bs64,22,0.4245,0.5615,44.7613,36.2663,35.1292,212
hourly,test,gru_seq12_h128_l2_d0p2_lr0p0005_bs64,23,0.3692,0.5152,51.6989,41.7553,43.473,212
summary,validation,gru_seq12_h128_l2_d0p3_lr0p001_bs64,,0.3792,0.5439,40.5101,32.9061,30.3358,5048
hourly,validation,gru_seq12_h128_l2_d0p3_lr0p001_bs64,0,0.2181,0.3297,38.5553,31.7504,34.4872,209
hourly,validation,gru_seq12_h128_l2_d0p3_lr0p001_bs64,1,0.175,0.2921,30.4227,28.9808,32.9137,209
hourly,validation,gru_seq12_h128_l2_d0p3_lr0p001_bs64,2,0.1655,0.2621,31.3637,31.7741,34.5342,209
hourly,validation,gru_seq12_h128_l2_d0p3_lr0p001_bs64,3,0.156,0.2403,33.5012,33.8023,36.0359,209
hourly,validation,gru_seq12_h128_l2_d0p3_lr0p001_bs64,4,0.142,0.2292,29.9045,32.8905,34.4587,209
hourly,validation,gru_seq12_h128_l2_d0p3_lr0p001_bs64,5,0.1513,0.2345,30.1243,30.763,34.4783,209
hourly,validation,gru_seq12_h128_l2_d0p3_lr0p001_bs64,6,0.2951,0.3839,40.9928,35.2268,35.7627,209
hourly,validation,gru_seq12_h128_l2_d0p3_lr0p001_bs64,7,0.5302,0.6603,45.2767,36.1807,29.9421,210
hourly,validation,gru_seq12_h128_l2_d0p3_lr0p001_bs64,8,0.3899,0.5052,33.2935,26.7454,23.6465,210
hourly,validation,gru_seq12_h128_l2_d0p3_lr0p001_bs64,9,0.3399,0.4567,31.8182,24.3067,21.9106,210
hourly,validation,gru_seq12_h128_l2_d0p3_lr0p001_bs64,10,0.3503,0.4796,30.7854,24.7503,23.1749,210
hourly,validation,gru_seq12_h128_l2_d0p3_lr0p001_bs64,11,0.4154,0.6246,40.9326,29.9427,27.5103,210
hourly,validation,gru_seq12_h128_l2_d0p3_lr0p001_bs64,12,0.4314,0.6144,45.1959,32.7593,29.5829,212
hourly,validation,gru_seq12_h128_l2_d0p3_lr0p001_bs64,13,0.4215,0.5708,47.6029,35.8639,31.0607,212
hourly,validation,gru_seq12_h128_l2_d0p3_lr0p001_bs64,14,0.452,0.6314,52.5664,38.3996,36.0472,212
hourly,validation,gru_seq12_h128_l2_d0p3_lr0p001_bs64,15,0.4438,0.6434,51.7372,38.7732,37.3391,211
hourly,validation,gru_seq12_h128_l2_d0p3_lr0p001_bs64,16,0.3945,0.5591,44.2501,35.7904,33.7108,211
hourly,validation,gru_seq12_h128_l2_d0p3_lr0p001_bs64,17,0.4717,0.6729,46.7849,37.4428,35.5182,211
hourly,validation,gru_seq12_h128_l2_d0p3_lr0p001_bs64,18,0.5464,0.7121,49.9426,37.0565,33.4609,211
hourly,validation,gru_seq12_h128_l2_d0p3_lr0p001_bs64,19,0.6124,0.7527,39.1098,32.1484,29.4434,211
hourly,validation,gru_seq12_h128_l2_d0p3_lr0p001_bs64,20,0.6174,0.7768,37.9782,30.3204,26.9511,211
hourly,validation,gru_seq12_h128_l2_d0p3_lr0p001_bs64,21,0.51,0.6576,33.8994,27.2898,24.7501,211
hourly,validation,gru_seq12_h128_l2_d0p3_lr0p001_bs64,22,0.4668,0.5826,44.006,33.9596,30.9466,211
hourly,validation,gru_seq12_h128_l2_d0p3_lr0p001_bs64,23,0.392,0.5089,61.5273,42.6332,44.106,211
summary,test,gru_seq12_h128_l2_d0p3_lr0p001_bs64,,0.3387,0.487,44.7907,36.7565,35.325,5049
hourly,test,gru_seq12_h128_l2_d0p3_lr0p001_bs64,0,0.2415,0.3922,36.5283,32.4394,36.6176,209
hourly,test,gru_seq12_h128_l2_d0p3_lr0p001_bs64,1,0.1984,0.3212,30.1924,32.0287,34.9233,209
hourly,test,gru_seq12_h128_l2_d0p3_lr0p001_bs64,2,0.1851,0.2837,31.2413,34.8253,35.0972,209
hourly,test,gru_seq12_h128_l2_d0p3_lr0p001_bs64,3,0.1535,0.2546,29.2404,32.5686,32.9923,209
hourly,test,gru_seq12_h128_l2_d0p3_lr0p001_bs64,4,0.1866,0.2858,34.7126,40.4735,40.3132,209
hourly,test,gru_seq12_h128_l2_d0p3_lr0p001_bs64,5,0.1598,0.2663,30.7198,32.4383,35.5267,209
hourly,test,gru_seq12_h128_l2_d0p3_lr0p001_bs64,6,0.2266,0.3029,38.7673,34.5255,34.744,209
hourly,test,gru_seq12_h128_l2_d0p3_lr0p001_bs64,7,0.4706,0.5909,55.2222,41.1169,35.7392,209
hourly,test,gru_seq12_h128_l2_d0p3_lr0p001_bs64,8,0.3264,0.4269,39.7911,29.7694,26.0039,209
hourly,test,gru_seq12_h128_l2_d0p3_lr0p001_bs64,9,0.3402,0.4716,43.4213,32.4997,28.3686,209
hourly,test,gru_seq12_h128_l2_d0p3_lr0p001_bs64,10,0.3919,0.5321,53.245,38.3591,34.39,209
hourly,test,gru_seq12_h128_l2_d0p3_lr0p001_bs64,11,0.3778,0.5303,49.0861,37.0785,33.1616,209
hourly,test,gru_seq12_h128_l2_d0p3_lr0p001_bs64,12,0.4034,0.5717,48.7706,37.7801,36.5118,211
hourly,test,gru_seq12_h128_l2_d0p3_lr0p001_bs64,13,0.3533,0.4684,44.2911,36.2114,33.9251,211
hourly,test,gru_seq12_h128_l2_d0p3_lr0p001_bs64,14,0.375,0.5153,51.5647,40.0662,38.1711,211
hourly,test,gru_seq12_h128_l2_d0p3_lr0p001_bs64,15,0.3374,0.4841,44.6801,36.4395,37.1772,212
hourly,test,gru_seq12_h128_l2_d0p3_lr0p001_bs64,16,0.3191,0.429,50.2416,38.8403,38.869,212
hourly,test,gru_seq12_h128_l2_d0p3_lr0p001_bs64,17,0.3576,0.5046,49.8925,40.1762,40.4617,212
hourly,test,gru_seq12_h128_l2_d0p3_lr0p001_bs64,18,0.4414,0.6364,56.0702,41.9261,41.2035,212
hourly,test,gru_seq12_h128_l2_d0p3_lr0p001_bs64,19,0.5034,0.6438,67.1959,42.9127,38.8762,212
hourly,test,gru_seq12_h128_l2_d0p3_lr0p001_bs64,20,0.4601,0.5987,49.959,35.6581,31.2718,212
hourly,test,gru_seq12_h128_l2_d0p3_lr0p001_bs64,21,0.5179,0.6751,46.0999,37.9774,34.1518,212
hourly,test,gru_seq12_h128_l2_d0p3_lr0p001_bs64,22,0.4294,0.5781,43.5315,35.6207,35.5313,212
hourly,test,gru_seq12_h128_l2_d0p3_lr0p001_bs64,23,0.3611,0.5132,49.6352,40.1167,42.5209,212
summary,validation,gru_seq12_h128_l2_d0p3_lr0p0005_bs64,,0.3828,0.5458,41.555,32.7737,30.6213,5048
hourly,validation,gru_seq12_h128_l2_d0p3_lr0p0005_bs64,0,0.2565,0.3519,50.3258,37.9381,40.5562,209
hourly,validation,gru_seq12_h128_l2_d0p3_lr0p0005_bs64,1,0.1915,0.2948,37.8085,31.2362,36.0335,209
hourly,validation,gru_seq12_h128_l2_d0p3_lr0p0005_bs64,2,0.1518,0.2553,28.9476,25.8113,31.6586,209
hourly,validation,gru_seq12_h128_l2_d0p3_lr0p0005_bs64,3,0.1371,0.2271,28.663,26.6717,31.66,209
hourly,validation,gru_seq12_h128_l2_d0p3_lr0p0005_bs64,4,0.1326,0.2206,27.5938,29.159,32.192,209
hourly,validation,gru_seq12_h128_l2_d0p3_lr0p0005_bs64,5,0.1381,0.2308,25.4244,27.4148,31.4601,209
hourly,validation,gru_seq12_h128_l2_d0p3_lr0p0005_bs64,6,0.3056,0.4041,42.1246,36.0381,37.0312,209
hourly,validation,gru_seq12_h128_l2_d0p3_lr0p0005_bs64,7,0.5105,0.6555,44.0578,34.5001,28.8334,210
hourly,validation,gru_seq12_h128_l2_d0p3_lr0p0005_bs64,8,0.3931,0.5134,33.1154,26.9937,23.8436,210
hourly,validation,gru_seq12_h128_l2_d0p3_lr0p0005_bs64,9,0.3408,0.458,31.5874,24.222,21.9701,210
hourly,validation,gru_seq12_h128_l2_d0p3_lr0p0005_bs64,10,0.3513,0.4807,30.894,24.7322,23.2407,210
hourly,validation,gru_seq12_h128_l2_d0p3_lr0p0005_bs64,11,0.4184,0.6211,41.4119,30.1802,27.7081,210
hourly,validation,gru_seq12_h128_l2_d0p3_lr0p0005_bs64,12,0.4432,0.6181,47.3655,33.5462,30.392,212
hourly,validation,gru_seq12_h128_l2_d0p3_lr0p0005_bs64,13,0.4285,0.5651,49.6541,36.3193,31.5716,212
hourly,validation,gru_seq12_h128_l2_d0p3_lr0p0005_bs64,14,0.4413,0.6114,53.1064,38.2231,35.1972,212
hourly,validation,gru_seq12_h128_l2_d0p3_lr0p0005_bs64,15,0.4483,0.6434,52.6481,39.6394,37.719,211
hourly,validation,gru_seq12_h128_l2_d0p3_lr0p0005_bs64,16,0.3961,0.5559,45.0311,36.7635,33.8485,211
hourly,validation,gru_seq12_h128_l2_d0p3_lr0p0005_bs64,17,0.4708,0.6696,46.1585,37.5809,35.4472,211
hourly,validation,gru_seq12_h128_l2_d0p3_lr0p0005_bs64,18,0.5545,0.7141,51.4992,37.883,33.9534,211
hourly,validation,gru_seq12_h128_l2_d0p3_lr0p0005_bs64,19,0.6226,0.7607,40.6689,32.5478,29.9314,211
hourly,validation,gru_seq12_h128_l2_d0p3_lr0p0005_bs64,20,0.6264,0.7809,40.3373,30.8025,27.3438,211
hourly,validation,gru_seq12_h128_l2_d0p3_lr0p0005_bs64,21,0.5189,0.6658,37.0352,28.1013,25.1802,211
hourly,validation,gru_seq12_h128_l2_d0p3_lr0p0005_bs64,22,0.4919,0.612,46.3607,35.4661,32.6061,211
hourly,validation,gru_seq12_h128_l2_d0p3_lr0p0005_bs64,23,0.4045,0.5101,64.7797,44.4985,45.503,211
summary,test,gru_seq12_h128_l2_d0p3_lr0p0005_bs64,,0.343,0.484,47.6219,36.8196,35.7723,5049
hourly,test,gru_seq12_h128_l2_d0p3_lr0p0005_bs64,0,0.2774,0.4138,46.3578,38.2027,42.048,209
hourly,test,gru_seq12_h128_l2_d0p3_lr0p0005_bs64,1,0.204,0.3089,34.8023,32.3672,35.9059,209
hourly,test,gru_seq12_h128_l2_d0p3_lr0p0005_bs64,2,0.1585,0.2604,27.0443,27.0462,30.0555,209
hourly,test,gru_seq12_h128_l2_d0p3_lr0p0005_bs64,3,0.1311,0.234,24.546,24.558,28.1739,209
hourly,test,gru_seq12_h128_l2_d0p3_lr0p0005_bs64,4,0.1595,0.262,29.1246,30.7954,34.4528,209
hourly,test,gru_seq12_h128_l2_d0p3_lr0p0005_bs64,5,0.1429,0.2523,26.8951,27.1514,31.7668,209
hourly,test,gru_seq12_h128_l2_d0p3_lr0p0005_bs64,6,0.225,0.3029,38.4395,33.6194,34.4996,209
hourly,test,gru_seq12_h128_l2_d0p3_lr0p0005_bs64,7,0.4563,0.5793,52.5947,39.695,34.6546,209
hourly,test,gru_seq12_h128_l2_d0p3_lr0p0005_bs64,8,0.3267,0.4285,40.035,29.741,26.0247,209
hourly,test,gru_seq12_h128_l2_d0p3_lr0p0005_bs64,9,0.3478,0.4748,44.4889,32.5981,29.0031,209
hourly,test,gru_seq12_h128_l2_d0p3_lr0p0005_bs64,10,0.3942,0.5275,54.4751,38.4267,34.5943,209
hourly,test,gru_seq12_h128_l2_d0p3_lr0p0005_bs64,11,0.3871,0.5318,53.1689,38.4192,33.9754,209
hourly,test,gru_seq12_h128_l2_d0p3_lr0p0005_bs64,12,0.4272,0.5821,57.2899,41.1192,38.6637,211
hourly,test,gru_seq12_h128_l2_d0p3_lr0p0005_bs64,13,0.3707,0.4702,50.3539,38.1973,35.5923,211
hourly,test,gru_seq12_h128_l2_d0p3_lr0p0005_bs64,14,0.3908,0.5164,58.5123,42.7385,39.7802,211
hourly,test,gru_seq12_h128_l2_d0p3_lr0p0005_bs64,15,0.3624,0.4855,53.5038,40.4472,39.9294,212
hourly,test,gru_seq12_h128_l2_d0p3_lr0p0005_bs64,16,0.3426,0.4339,58.6415,42.7818,41.7405,212
hourly,test,gru_seq12_h128_l2_d0p3_lr0p0005_bs64,17,0.3715,0.5052,55.8184,43.2255,42.0332,212
hourly,test,gru_seq12_h128_l2_d0p3_lr0p0005_bs64,18,0.4456,0.6296,59.6102,43.5272,41.5978,212
hourly,test,gru_seq12_h128_l2_d0p3_lr0p0005_bs64,19,0.5103,0.6419,69.225,43.5667,39.4121,212
hourly,test,gru_seq12_h128_l2_d0p3_lr0p0005_bs64,20,0.4771,0.6151,56.3372,37.459,32.4254,212
hourly,test,gru_seq12_h128_l2_d0p3_lr0p0005_bs64,21,0.5093,0.6474,50.5748,38.1248,33.5815,212
hourly,test,gru_seq12_h128_l2_d0p3_lr0p0005_bs64,22,0.4246,0.5595,45.7555,36.4841,35.1316,212
hourly,test,gru_seq12_h128_l2_d0p3_lr0p0005_bs64,23,0.3768,0.5159,54.0326,42.7374,44.3741,212
summary,validation,gru_seq24_h32_l1_d0p0_lr0p001_bs64,,0.3745,0.5403,39.1649,31.8706,30.0027,5024
hourly,validation,gru_seq24_h32_l1_d0p0_lr0p001_bs64,0,0.243,0.3355,47.6469,36.1944,38.4321,209
hourly,validation,gru_seq24_h32_l1_d0p0_lr0p001_bs64,1,0.173,0.2809,32.3351,28.2238,32.5473,209
hourly,validation,gru_seq24_h32_l1_d0p0_lr0p001_bs64,2,0.1472,0.244,28.4317,26.05,30.7171,209
hourly,validation,gru_seq24_h32_l1_d0p0_lr0p001_bs64,3,0.129,0.2149,28.1665,24.4884,29.7957,209
hourly,validation,gru_seq24_h32_l1_d0p0_lr0p001_bs64,4,0.1245,0.2101,27.5337,25.6621,30.2292,209
hourly,validation,gru_seq24_h32_l1_d0p0_lr0p001_bs64,5,0.1577,0.2249,34.3855,32.1307,35.9167,209
hourly,validation,gru_seq24_h32_l1_d0p0_lr0p001_bs64,6,0.2822,0.3731,39.2494,33.4259,34.1953,209
hourly,validation,gru_seq24_h32_l1_d0p0_lr0p001_bs64,7,0.5092,0.6377,43.0671,34.524,28.7587,210
hourly,validation,gru_seq24_h32_l1_d0p0_lr0p001_bs64,8,0.3822,0.5067,31.8986,26.2939,23.1796,210
hourly,validation,gru_seq24_h32_l1_d0p0_lr0p001_bs64,9,0.3389,0.4563,30.1485,24.2278,21.849,210
hourly,validation,gru_seq24_h32_l1_d0p0_lr0p001_bs64,10,0.3602,0.4895,29.6301,25.5622,23.8286,210
hourly,validation,gru_seq24_h32_l1_d0p0_lr0p001_bs64,11,0.4215,0.6251,38.3761,30.2701,27.917,210
hourly,validation,gru_seq24_h32_l1_d0p0_lr0p001_bs64,12,0.4342,0.6171,41.9908,32.3965,29.8073,210
hourly,validation,gru_seq24_h32_l1_d0p0_lr0p001_bs64,13,0.4249,0.5707,45.3475,36.1545,31.3524,210
hourly,validation,gru_seq24_h32_l1_d0p0_lr0p001_bs64,14,0.4301,0.6145,47.745,36.7984,34.3795,210
hourly,validation,gru_seq24_h32_l1_d0p0_lr0p001_bs64,15,0.4326,0.6364,46.877,37.317,36.336,209
hourly,validation,gru_seq24_h32_l1_d0p0_lr0p001_bs64,16,0.3901,0.5646,41.5637,34.9666,33.3842,209
hourly,validation,gru_seq24_h32_l1_d0p0_lr0p001_bs64,17,0.4771,0.6902,44.3434,36.9167,35.861,209
hourly,validation,gru_seq24_h32_l1_d0p0_lr0p001_bs64,18,0.5335,0.7007,44.9977,35.7935,32.5784,209
hourly,validation,gru_seq24_h32_l1_d0p0_lr0p001_bs64,19,0.6271,0.7814,39.0241,33.0587,30.1465,209
hourly,validation,gru_seq24_h32_l1_d0p0_lr0p001_bs64,20,0.6374,0.7848,41.4783,31.3252,27.996,209
hourly,validation,gru_seq24_h32_l1_d0p0_lr0p001_bs64,21,0.4818,0.6238,34.0339,26.6332,23.5081,209
hourly,validation,gru_seq24_h32_l1_d0p0_lr0p001_bs64,22,0.4676,0.584,42.9432,34.2694,30.9254,209
hourly,validation,gru_seq24_h32_l1_d0p0_lr0p001_bs64,23,0.3806,0.4891,58.7675,42.2524,42.6932,209
summary,test,gru_seq24_h32_l1_d0p0_lr0p001_bs64,,0.3372,0.481,45.7823,36.3957,35.152,5025
hourly,test,gru_seq24_h32_l1_d0p0_lr0p001_bs64,0,0.2616,0.3936,43.2489,35.8091,39.6575,209
hourly,test,gru_seq24_h32_l1_d0p0_lr0p001_bs64,1,0.1921,0.2989,31.9297,30.8655,33.8045,209
hourly,test,gru_seq24_h32_l1_d0p0_lr0p001_bs64,2,0.1692,0.2701,28.6253,29.1069,32.0848,209
hourly,test,gru_seq24_h32_l1_d0p0_lr0p001_bs64,3,0.1402,0.2403,27.0789,26.1135,30.1412,209
hourly,test,gru_seq24_h32_l1_d0p0_lr0p001_bs64,4,0.1555,0.2511,30.5538,29.6472,33.5837,209
hourly,test,gru_seq24_h32_l1_d0p0_lr0p001_bs64,5,0.1527,0.2577,31.808,28.9029,33.9541,209
hourly,test,gru_seq24_h32_l1_d0p0_lr0p001_bs64,6,0.2318,0.3009,41.3969,34.3161,35.5526,209
hourly,test,gru_seq24_h32_l1_d0p0_lr0p001_bs64,7,0.4571,0.5708,54.7647,40.428,34.7164,209
hourly,test,gru_seq24_h32_l1_d0p0_lr0p001_bs64,8,0.3234,0.4208,40.1175,29.9315,25.7643,209
hourly,test,gru_seq24_h32_l1_d0p0_lr0p001_bs64,9,0.3485,0.4737,43.5095,33.1112,29.0662,209
hourly,test,gru_seq24_h32_l1_d0p0_lr0p001_bs64,10,0.3888,0.5222,51.2387,38.3903,34.1156,209
hourly,test,gru_seq24_h32_l1_d0p0_lr0p001_bs64,11,0.3869,0.5344,48.5533,38.1616,33.9639,209
hourly,test,gru_seq24_h32_l1_d0p0_lr0p001_bs64,12,0.4185,0.5881,50.3671,40.3852,37.7486,209
hourly,test,gru_seq24_h32_l1_d0p0_lr0p001_bs64,13,0.3534,0.4652,43.5843,36.4182,33.7299,209
hourly,test,gru_seq24_h32_l1_d0p0_lr0p001_bs64,14,0.3766,0.508,52.514,40.703,38.2475,209
hourly,test,gru_seq24_h32_l1_d0p0_lr0p001_bs64,15,0.3494,0.4877,48.8068,39.0648,38.536,210
hourly,test,gru_seq24_h32_l1_d0p0_lr0p001_bs64,16,0.3302,0.4305,55.1738,41.5308,40.2592,210
hourly,test,gru_seq24_h32_l1_d0p0_lr0p001_bs64,17,0.3623,0.5035,51.9347,41.4775,40.9912,210
hourly,test,gru_seq24_h32_l1_d0p0_lr0p001_bs64,18,0.4451,0.6452,55.4867,42.9732,41.5643,210
hourly,test,gru_seq24_h32_l1_d0p0_lr0p001_bs64,19,0.459,0.617,57.2099,39.8274,35.293,210
hourly,test,gru_seq24_h32_l1_d0p0_lr0p001_bs64,20,0.4741,0.6111,55.5066,37.1711,32.1662,210
hourly,test,gru_seq24_h32_l1_d0p0_lr0p001_bs64,21,0.5257,0.6686,54.6665,39.7835,34.5699,210
hourly,test,gru_seq24_h32_l1_d0p0_lr0p001_bs64,22,0.4194,0.5493,47.0412,36.4756,34.6277,210
hourly,test,gru_seq24_h32_l1_d0p0_lr0p001_bs64,23,0.3675,0.5011,53.3371,42.7425,43.2079,210
summary,validation,gru_seq24_h32_l1_d0p0_lr0p0005_bs64,,0.3724,0.5377,38.6467,31.8684,29.8395,5024
hourly,validation,gru_seq24_h32_l1_d0p0_lr0p0005_bs64,0,0.2237,0.3236,40.0214,33.5402,35.3731,209
hourly,validation,gru_seq24_h32_l1_d0p0_lr0p0005_bs64,1,0.1731,0.2866,30.4918,28.7973,32.5701,209
hourly,validation,gru_seq24_h32_l1_d0p0_lr0p0005_bs64,2,0.15,0.2416,29.2357,27.6421,31.2844,209
hourly,validation,gru_seq24_h32_l1_d0p0_lr0p0005_bs64,3,0.1308,0.2141,28.5463,25.2765,30.2099,209
hourly,validation,gru_seq24_h32_l1_d0p0_lr0p0005_bs64,4,0.1252,0.2086,27.6083,25.7944,30.3803,209
hourly,validation,gru_seq24_h32_l1_d0p0_lr0p0005_bs64,5,0.166,0.2318,37.0184,33.7295,37.8099,209
hourly,validation,gru_seq24_h32_l1_d0p0_lr0p0005_bs64,6,0.2798,0.3632,39.861,33.2555,33.905,209
hourly,validation,gru_seq24_h32_l1_d0p0_lr0p0005_bs64,7,0.5134,0.6311,45.4412,35.1622,28.9974,210
hourly,validation,gru_seq24_h32_l1_d0p0_lr0p0005_bs64,8,0.3819,0.5058,32.1138,26.364,23.1601,210
hourly,validation,gru_seq24_h32_l1_d0p0_lr0p0005_bs64,9,0.3373,0.4543,30.1999,24.229,21.7444,210
hourly,validation,gru_seq24_h32_l1_d0p0_lr0p0005_bs64,10,0.3602,0.4879,29.788,25.5412,23.825,210
hourly,validation,gru_seq24_h32_l1_d0p0_lr0p0005_bs64,11,0.4214,0.6239,38.6101,30.3497,27.9093,210
hourly,validation,gru_seq24_h32_l1_d0p0_lr0p0005_bs64,12,0.4307,0.6169,41.9388,32.104,29.5674,210
hourly,validation,gru_seq24_h32_l1_d0p0_lr0p0005_bs64,13,0.4238,0.5672,45.9446,36.3186,31.2739,210
hourly,validation,gru_seq24_h32_l1_d0p0_lr0p0005_bs64,14,0.4338,0.6188,48.7336,37.6948,34.6726,210
hourly,validation,gru_seq24_h32_l1_d0p0_lr0p0005_bs64,15,0.433,0.6387,46.7176,37.2991,36.3684,209
hourly,validation,gru_seq24_h32_l1_d0p0_lr0p0005_bs64,16,0.3909,0.563,41.9248,35.0045,33.4528,209
hourly,validation,gru_seq24_h32_l1_d0p0_lr0p0005_bs64,17,0.4785,0.6939,45.5366,37.2004,35.9641,209
hourly,validation,gru_seq24_h32_l1_d0p0_lr0p0005_bs64,18,0.5226,0.6975,45.7217,35.1366,31.9145,209
hourly,validation,gru_seq24_h32_l1_d0p0_lr0p0005_bs64,19,0.6213,0.7719,38.8975,32.7904,29.8703,209
hourly,validation,gru_seq24_h32_l1_d0p0_lr0p0005_bs64,20,0.6289,0.7749,40.0864,30.9839,27.619,209
hourly,validation,gru_seq24_h32_l1_d0p0_lr0p0005_bs64,21,0.4846,0.6227,32.6293,26.6624,23.645,209
hourly,validation,gru_seq24_h32_l1_d0p0_lr0p0005_bs64,22,0.4651,0.5824,39.5538,34.3387,30.7611,209
hourly,validation,gru_seq24_h32_l1_d0p0_lr0p0005_bs64,23,0.3609,0.4789,50.8827,39.6595,40.4841,209
summary,test,gru_seq24_h32_l1_d0p0_lr0p0005_bs64,,0.3311,0.4799,42.3044,35.6066,34.5158,5025
hourly,test,gru_seq24_h32_l1_d0p0_lr0p0005_bs64,0,0.2433,0.3973,34.7398,33.2185,36.8767,209
hourly,test,gru_seq24_h32_l1_d0p0_lr0p0005_bs64,1,0.1999,0.3206,30.2179,32.9776,35.1799,209
hourly,test,gru_seq24_h32_l1_d0p0_lr0p0005_bs64,2,0.1772,0.2881,27.9348,31.4016,33.607,209
hourly,test,gru_seq24_h32_l1_d0p0_lr0p0005_bs64,3,0.1445,0.2573,26.2449,27.6052,31.0557,209
hourly,test,gru_seq24_h32_l1_d0p0_lr0p0005_bs64,4,0.1588,0.2616,29.8265,30.7474,34.3117,209
hourly,test,gru_seq24_h32_l1_d0p0_lr0p0005_bs64,5,0.1529,0.2608,30.6714,29.0513,33.9974,209
hourly,test,gru_seq24_h32_l1_d0p0_lr0p0005_bs64,6,0.2209,0.2926,37.7864,32.9427,33.878,209
hourly,test,gru_seq24_h32_l1_d0p0_lr0p0005_bs64,7,0.4571,0.5694,52.9946,40.1442,34.7144,209
hourly,test,gru_seq24_h32_l1_d0p0_lr0p0005_bs64,8,0.3145,0.4184,36.8036,28.857,25.0544,209
hourly,test,gru_seq24_h32_l1_d0p0_lr0p0005_bs64,9,0.3433,0.4693,40.6547,31.939,28.6286,209
hourly,test,gru_seq24_h32_l1_d0p0_lr0p0005_bs64,10,0.3797,0.5195,48.0091,36.8868,33.3229,209
hourly,test,gru_seq24_h32_l1_d0p0_lr0p0005_bs64,11,0.3833,0.5312,45.4694,36.8781,33.6449,209
hourly,test,gru_seq24_h32_l1_d0p0_lr0p0005_bs64,12,0.4183,0.5889,47.8389,40.1304,37.7242,209
hourly,test,gru_seq24_h32_l1_d0p0_lr0p0005_bs64,13,0.3583,0.4734,42.6959,37.0281,34.19,209
hourly,test,gru_seq24_h32_l1_d0p0_lr0p0005_bs64,14,0.3751,0.5096,49.8508,40.1661,38.0945,209
hourly,test,gru_seq24_h32_l1_d0p0_lr0p0005_bs64,15,0.3442,0.4839,45.5871,38.2887,37.9582,210
hourly,test,gru_seq24_h32_l1_d0p0_lr0p0005_bs64,16,0.3179,0.4246,50.1315,39.4635,38.7554,210
hourly,test,gru_seq24_h32_l1_d0p0_lr0p0005_bs64,17,0.3547,0.5,48.6979,40.1248,40.1395,210
hourly,test,gru_seq24_h32_l1_d0p0_lr0p0005_bs64,18,0.4346,0.633,52.5913,41.7691,40.5781,210
hourly,test,gru_seq24_h32_l1_d0p0_lr0p0005_bs64,19,0.454,0.6127,53.9628,38.7582,34.9079,210
hourly,test,gru_seq24_h32_l1_d0p0_lr0p0005_bs64,20,0.4593,0.5966,50.9156,35.4188,31.1593,210
hourly,test,gru_seq24_h32_l1_d0p0_lr0p0005_bs64,21,0.5066,0.6597,48.7564,37.5653,33.3158,210
hourly,test,gru_seq24_h32_l1_d0p0_lr0p0005_bs64,22,0.4034,0.5453,40.2039,34.2079,33.3075,210
hourly,test,gru_seq24_h32_l1_d0p0_lr0p0005_bs64,23,0.3413,0.5099,42.4698,38.8739,40.1298,210
summary,validation,gru_seq24_h32_l2_d0p0_lr0p001_bs64,,0.3791,0.5421,39.2717,32.6351,30.3722,5024
hourly,validation,gru_seq24_h32_l2_d0p0_lr0p001_bs64,0,0.2242,0.3266,36.498,32.0259,35.4503,209
hourly,validation,gru_seq24_h32_l2_d0p0_lr0p001_bs64,1,0.1724,0.2861,29.9937,27.9753,32.4291,209
hourly,validation,gru_seq24_h32_l2_d0p0_lr0p001_bs64,2,0.1442,0.2351,28.1377,25.59,30.0799,209
hourly,validation,gru_seq24_h32_l2_d0p0_lr0p001_bs64,3,0.1446,0.2146,34.3124,28.3331,33.4099,209
hourly,validation,gru_seq24_h32_l2_d0p0_lr0p001_bs64,4,0.1464,0.2098,36.2177,30.7923,35.5367,209
hourly,validation,gru_seq24_h32_l2_d0p0_lr0p001_bs64,5,0.1897,0.2318,47.4399,39.0248,43.2166,209
hourly,validation,gru_seq24_h32_l2_d0p0_lr0p001_bs64,6,0.3053,0.3968,43.9656,36.032,37.0017,209
hourly,validation,gru_seq24_h32_l2_d0p0_lr0p001_bs64,7,0.5035,0.6402,44.4486,34.6455,28.4337,210
hourly,validation,gru_seq24_h32_l2_d0p0_lr0p001_bs64,8,0.3956,0.5117,33.0697,26.5959,23.9924,210
hourly,validation,gru_seq24_h32_l2_d0p0_lr0p001_bs64,9,0.3339,0.4513,31.2309,23.9253,21.5258,210
hourly,validation,gru_seq24_h32_l2_d0p0_lr0p001_bs64,10,0.3661,0.4921,29.9698,25.9883,24.2158,210
hourly,validation,gru_seq24_h32_l2_d0p0_lr0p001_bs64,11,0.449,0.6393,39.1453,32.3837,29.7369,210
hourly,validation,gru_seq24_h32_l2_d0p0_lr0p001_bs64,12,0.4343,0.6228,39.8125,32.3305,29.8171,210
hourly,validation,gru_seq24_h32_l2_d0p0_lr0p001_bs64,13,0.4327,0.5751,44.2011,36.7642,31.9306,210
hourly,validation,gru_seq24_h32_l2_d0p0_lr0p001_bs64,14,0.4239,0.6013,46.5113,36.5584,33.8804,210
hourly,validation,gru_seq24_h32_l2_d0p0_lr0p001_bs64,15,0.4412,0.6405,48.8228,38.8955,37.0617,209
hourly,validation,gru_seq24_h32_l2_d0p0_lr0p001_bs64,16,0.3967,0.564,44.9446,36.5576,33.951,209
hourly,validation,gru_seq24_h32_l2_d0p0_lr0p001_bs64,17,0.4764,0.6804,46.1527,37.7509,35.8061,209
hourly,validation,gru_seq24_h32_l2_d0p0_lr0p001_bs64,18,0.5273,0.7016,43.9454,35.8869,32.2006,209
hourly,validation,gru_seq24_h32_l2_d0p0_lr0p001_bs64,19,0.6254,0.7759,37.1009,33.0059,30.0634,209
hourly,validation,gru_seq24_h32_l2_d0p0_lr0p001_bs64,20,0.6214,0.7658,38.2941,30.4578,27.2906,209
hourly,validation,gru_seq24_h32_l2_d0p0_lr0p001_bs64,21,0.5137,0.6603,32.9254,28.1137,25.0606,209
hourly,validation,gru_seq24_h32_l2_d0p0_lr0p001_bs64,22,0.4813,0.6084,39.3587,35.2213,31.8322,209
hourly,validation,gru_seq24_h32_l2_d0p0_lr0p001_bs64,23,0.3473,0.4717,46.0495,38.444,38.9573,209
summary,test,gru_seq24_h32_l2_d0p0_lr0p001_bs64,,0.3363,0.4854,43.6301,36.1124,35.0579,5025
hourly,test,gru_seq24_h32_l2_d0p0_lr0p001_bs64,0,0.2332,0.402,32.0597,31.252,35.3511,209
hourly,test,gru_seq24_h32_l2_d0p0_lr0p001_bs64,1,0.2022,0.3308,30.0307,31.684,35.5943,209
hourly,test,gru_seq24_h32_l2_d0p0_lr0p001_bs64,2,0.1691,0.2776,27.7976,28.4936,32.0655,209
hourly,test,gru_seq24_h32_l2_d0p0_lr0p001_bs64,3,0.1534,0.2473,31.1686,28.8434,32.9682,209
hourly,test,gru_seq24_h32_l2_d0p0_lr0p001_bs64,4,0.169,0.2533,35.8439,32.7182,36.5122,209
hourly,test,gru_seq24_h32_l2_d0p0_lr0p001_bs64,5,0.1804,0.2625,41.5765,34.9949,40.1099,209
hourly,test,gru_seq24_h32_l2_d0p0_lr0p001_bs64,6,0.2275,0.2898,41.9115,34.4018,34.8937,209
hourly,test,gru_seq24_h32_l2_d0p0_lr0p001_bs64,7,0.45,0.5734,53.4482,39.8046,34.1752,209
hourly,test,gru_seq24_h32_l2_d0p0_lr0p001_bs64,8,0.3221,0.4191,38.0743,28.8407,25.6643,209
hourly,test,gru_seq24_h32_l2_d0p0_lr0p001_bs64,9,0.3388,0.4657,43.5491,31.9167,28.2569,209
hourly,test,gru_seq24_h32_l2_d0p0_lr0p001_bs64,10,0.3972,0.5348,51.2322,38.6345,34.8543,209
hourly,test,gru_seq24_h32_l2_d0p0_lr0p001_bs64,11,0.4,0.5418,47.1589,38.8451,35.1143,209
hourly,test,gru_seq24_h32_l2_d0p0_lr0p001_bs64,12,0.4191,0.5889,46.2843,39.6983,37.8041,209
hourly,test,gru_seq24_h32_l2_d0p0_lr0p001_bs64,13,0.3499,0.463,39.8679,35.5059,33.3916,209
hourly,test,gru_seq24_h32_l2_d0p0_lr0p001_bs64,14,0.3824,0.5236,49.3812,40.702,38.8353,209
hourly,test,gru_seq24_h32_l2_d0p0_lr0p001_bs64,15,0.3402,0.4786,45.2547,37.6526,37.5187,210
hourly,test,gru_seq24_h32_l2_d0p0_lr0p001_bs64,16,0.3267,0.4266,51.9528,40.4128,39.8356,210
hourly,test,gru_seq24_h32_l2_d0p0_lr0p001_bs64,17,0.3643,0.5009,51.2583,41.9177,41.217,210
hourly,test,gru_seq24_h32_l2_d0p0_lr0p001_bs64,18,0.4277,0.6358,50.3728,41.046,39.935,210
hourly,test,gru_seq24_h32_l2_d0p0_lr0p001_bs64,19,0.4552,0.6253,51.9116,39.0913,34.9993,210
hourly,test,gru_seq24_h32_l2_d0p0_lr0p001_bs64,20,0.4569,0.6037,50.7566,35.4768,30.994,210
hourly,test,gru_seq24_h32_l2_d0p0_lr0p001_bs64,21,0.5243,0.6788,50.2471,38.8509,34.4766,210
hourly,test,gru_seq24_h32_l2_d0p0_lr0p001_bs64,22,0.4347,0.5764,43.3429,36.7629,35.888,210
hourly,test,gru_seq24_h32_l2_d0p0_lr0p001_bs64,23,0.3435,0.5242,42.4261,39.0296,40.3789,210
summary,validation,gru_seq24_h32_l2_d0p0_lr0p0005_bs64,,0.3725,0.5393,38.6957,31.6808,29.8471,5024
hourly,validation,gru_seq24_h32_l2_d0p0_lr0p0005_bs64,0,0.229,0.326,40.7452,33.4941,36.2101,209
hourly,validation,gru_seq24_h32_l2_d0p0_lr0p0005_bs64,1,0.1702,0.2837,30.5168,28.0355,32.0237,209
hourly,validation,gru_seq24_h32_l2_d0p0_lr0p0005_bs64,2,0.1421,0.2426,26.9745,25.2516,29.6359,209
hourly,validation,gru_seq24_h32_l2_d0p0_lr0p0005_bs64,3,0.13,0.2092,28.4726,25.5653,30.0224,209
hourly,validation,gru_seq24_h32_l2_d0p0_lr0p0005_bs64,4,0.1225,0.2089,26.6526,25.3429,29.7307,209
hourly,validation,gru_seq24_h32_l2_d0p0_lr0p0005_bs64,5,0.1601,0.2217,35.656,32.9481,36.4697,209
hourly,validation,gru_seq24_h32_l2_d0p0_lr0p0005_bs64,6,0.2972,0.3909,41.9488,34.764,36.0186,209
hourly,validation,gru_seq24_h32_l2_d0p0_lr0p0005_bs64,7,0.4853,0.6213,42.5913,32.8732,27.4075,210
hourly,validation,gru_seq24_h32_l2_d0p0_lr0p0005_bs64,8,0.391,0.512,33.5518,26.7437,23.7165,210
hourly,validation,gru_seq24_h32_l2_d0p0_lr0p0005_bs64,9,0.3376,0.4539,32.1478,24.2672,21.7647,210
hourly,validation,gru_seq24_h32_l2_d0p0_lr0p0005_bs64,10,0.357,0.4898,30.8757,24.8666,23.614,210
hourly,validation,gru_seq24_h32_l2_d0p0_lr0p0005_bs64,11,0.4128,0.6175,41.5357,29.7525,27.3404,210
hourly,validation,gru_seq24_h32_l2_d0p0_lr0p0005_bs64,12,0.4274,0.614,44.5003,32.141,29.3428,210
hourly,validation,gru_seq24_h32_l2_d0p0_lr0p0005_bs64,13,0.4214,0.5659,46.992,35.9905,31.0951,210
hourly,validation,gru_seq24_h32_l2_d0p0_lr0p0005_bs64,14,0.421,0.5962,47.1943,36.7492,33.6455,210
hourly,validation,gru_seq24_h32_l2_d0p0_lr0p0005_bs64,15,0.4462,0.6468,46.3722,38.7566,37.4837,209
hourly,validation,gru_seq24_h32_l2_d0p0_lr0p0005_bs64,16,0.3974,0.5795,40.3555,35.7643,34.0133,209
hourly,validation,gru_seq24_h32_l2_d0p0_lr0p0005_bs64,17,0.4629,0.6752,41.2592,35.9129,34.7948,209
hourly,validation,gru_seq24_h32_l2_d0p0_lr0p0005_bs64,18,0.52,0.6889,42.6339,35.4607,31.7579,209
hourly,validation,gru_seq24_h32_l2_d0p0_lr0p0005_bs64,19,0.639,0.7939,37.4283,33.2264,30.7191,209
hourly,validation,gru_seq24_h32_l2_d0p0_lr0p0005_bs64,20,0.633,0.776,40.1504,30.9527,27.8004,209
hourly,validation,gru_seq24_h32_l2_d0p0_lr0p0005_bs64,21,0.515,0.6588,35.4338,27.7767,25.1282,209
hourly,validation,gru_seq24_h32_l2_d0p0_lr0p0005_bs64,22,0.4652,0.5832,43.4783,34.2819,30.7669,209
hourly,validation,gru_seq24_h32_l2_d0p0_lr0p0005_bs64,23,0.3558,0.4733,51.1831,39.4699,39.9168,209
summary,test,gru_seq24_h32_l2_d0p0_lr0p0005_bs64,,0.3319,0.4845,42.6195,35.1934,34.5955,5025
hourly,test,gru_seq24_h32_l2_d0p0_lr0p0005_bs64,0,0.2348,0.395,34.0581,32.1875,35.5981,209
hourly,test,gru_seq24_h32_l2_d0p0_lr0p0005_bs64,1,0.2023,0.3314,30.0102,31.6948,35.61,209
hourly,test,gru_seq24_h32_l2_d0p0_lr0p0005_bs64,2,0.1699,0.2823,27.267,28.6569,32.2117,209
hourly,test,gru_seq24_h32_l2_d0p0_lr0p0005_bs64,3,0.1427,0.2477,26.8434,26.4008,30.664,209
hourly,test,gru_seq24_h32_l2_d0p0_lr0p0005_bs64,4,0.1619,0.2607,31.1747,31.1582,34.9684,209
hourly,test,gru_seq24_h32_l2_d0p0_lr0p0005_bs64,5,0.1605,0.2571,33.7389,30.8095,35.695,209
hourly,test,gru_seq24_h32_l2_d0p0_lr0p0005_bs64,6,0.2267,0.2962,40.0462,33.5772,34.7702,209
hourly,test,gru_seq24_h32_l2_d0p0_lr0p0005_bs64,7,0.4378,0.5699,51.6621,38.0708,33.2469,209
hourly,test,gru_seq24_h32_l2_d0p0_lr0p0005_bs64,8,0.3139,0.4153,37.5793,28.3115,25.0069,209
hourly,test,gru_seq24_h32_l2_d0p0_lr0p0005_bs64,9,0.3442,0.4714,44.3819,32.3117,28.702,209
hourly,test,gru_seq24_h32_l2_d0p0_lr0p0005_bs64,10,0.397,0.5344,54.1787,38.5755,34.8383,209
hourly,test,gru_seq24_h32_l2_d0p0_lr0p0005_bs64,11,0.3791,0.5278,49.5158,36.5904,33.2752,209
hourly,test,gru_seq24_h32_l2_d0p0_lr0p0005_bs64,12,0.4102,0.5844,48.2241,38.2476,37.0002,209
hourly,test,gru_seq24_h32_l2_d0p0_lr0p0005_bs64,13,0.3531,0.4651,42.5916,35.9872,33.6995,209
hourly,test,gru_seq24_h32_l2_d0p0_lr0p0005_bs64,14,0.3834,0.5217,50.134,40.8018,38.9337,209
hourly,test,gru_seq24_h32_l2_d0p0_lr0p0005_bs64,15,0.3442,0.4823,43.9387,37.8317,37.9606,210
hourly,test,gru_seq24_h32_l2_d0p0_lr0p0005_bs64,16,0.3169,0.4227,46.5584,38.9594,38.6322,210
hourly,test,gru_seq24_h32_l2_d0p0_lr0p0005_bs64,17,0.3604,0.5161,46.0147,40.554,40.7756,210
hourly,test,gru_seq24_h32_l2_d0p0_lr0p0005_bs64,18,0.4251,0.6375,46.6494,39.8622,39.6956,210
hourly,test,gru_seq24_h32_l2_d0p0_lr0p0005_bs64,19,0.4448,0.6179,48.8547,37.4761,34.2031,210
hourly,test,gru_seq24_h32_l2_d0p0_lr0p0005_bs64,20,0.4629,0.6145,50.5164,35.0896,31.4021,210
hourly,test,gru_seq24_h32_l2_d0p0_lr0p0005_bs64,21,0.5128,0.6682,50.0175,37.1608,33.7214,210
hourly,test,gru_seq24_h32_l2_d0p0_lr0p0005_bs64,22,0.4336,0.5721,45.2739,36.0272,35.7993,210
hourly,test,gru_seq24_h32_l2_d0p0_lr0p0005_bs64,23,0.3432,0.5207,43.4591,38.1814,40.3496,210
summary,validation,gru_seq24_h32_l2_d0p2_lr0p001_bs64,,0.3742,0.5411,39.1691,31.8714,29.9836,5024
hourly,validation,gru_seq24_h32_l2_d0p2_lr0p001_bs64,0,0.2248,0.3251,39.0063,33.1719,35.5501,209
hourly,validation,gru_seq24_h32_l2_d0p2_lr0p001_bs64,1,0.1788,0.2898,31.3592,29.332,33.6429,209
hourly,validation,gru_seq24_h32_l2_d0p2_lr0p001_bs64,2,0.1452,0.2389,27.1085,25.554,30.2808,209
hourly,validation,gru_seq24_h32_l2_d0p2_lr0p001_bs64,3,0.1255,0.2095,26.3681,24.2657,28.991,209
hourly,validation,gru_seq24_h32_l2_d0p2_lr0p001_bs64,4,0.116,0.2008,23.9871,24.0213,28.1473,209
hourly,validation,gru_seq24_h32_l2_d0p2_lr0p001_bs64,5,0.1441,0.213,29.9402,29.5438,32.8212,209
hourly,validation,gru_seq24_h32_l2_d0p2_lr0p001_bs64,6,0.295,0.3945,39.4467,35.1132,35.7443,209
hourly,validation,gru_seq24_h32_l2_d0p2_lr0p001_bs64,7,0.5005,0.6267,44.547,34.4509,28.2651,210
hourly,validation,gru_seq24_h32_l2_d0p2_lr0p001_bs64,8,0.3798,0.4936,32.3865,25.876,23.0344,210
hourly,validation,gru_seq24_h32_l2_d0p2_lr0p001_bs64,9,0.3336,0.4482,32.0755,23.854,21.5042,210
hourly,validation,gru_seq24_h32_l2_d0p2_lr0p001_bs64,10,0.3468,0.474,30.4515,24.3432,22.9435,210
hourly,validation,gru_seq24_h32_l2_d0p2_lr0p001_bs64,11,0.4159,0.6279,41.5721,30.0599,27.5456,210
hourly,validation,gru_seq24_h32_l2_d0p2_lr0p001_bs64,12,0.441,0.6222,47.0598,33.4936,30.2718,210
hourly,validation,gru_seq24_h32_l2_d0p2_lr0p001_bs64,13,0.4293,0.5634,49.8429,36.4664,31.6795,210
hourly,validation,gru_seq24_h32_l2_d0p2_lr0p001_bs64,14,0.4363,0.6058,52.0881,38.2444,34.871,210
hourly,validation,gru_seq24_h32_l2_d0p2_lr0p001_bs64,15,0.4453,0.6406,50.5096,39.5445,37.4045,209
hourly,validation,gru_seq24_h32_l2_d0p2_lr0p001_bs64,16,0.391,0.5583,42.0639,35.7575,33.4651,209
hourly,validation,gru_seq24_h32_l2_d0p2_lr0p001_bs64,17,0.4702,0.6918,40.824,36.2288,35.3434,209
hourly,validation,gru_seq24_h32_l2_d0p2_lr0p001_bs64,18,0.5323,0.7108,41.288,36.3624,32.5083,209
hourly,validation,gru_seq24_h32_l2_d0p2_lr0p001_bs64,19,0.6412,0.7962,37.3175,34.2195,30.8262,209
hourly,validation,gru_seq24_h32_l2_d0p2_lr0p001_bs64,20,0.629,0.7788,40.3732,31.1789,27.6251,209
hourly,validation,gru_seq24_h32_l2_d0p2_lr0p001_bs64,21,0.5106,0.6527,36.6176,27.6539,24.9096,209
hourly,validation,gru_seq24_h32_l2_d0p2_lr0p001_bs64,22,0.4666,0.5879,46.2167,34.324,30.8628,209
hourly,validation,gru_seq24_h32_l2_d0p2_lr0p001_bs64,23,0.3813,0.4972,57.5279,41.8924,42.7752,209
summary,test,gru_seq24_h32_l2_d0p2_lr0p001_bs64,,0.3318,0.481,43.9585,35.3294,34.5882,5025
hourly,test,gru_seq24_h32_l2_d0p2_lr0p001_bs64,0,0.2426,0.3978,35.8713,32.6989,36.7791,209
hourly,test,gru_seq24_h32_l2_d0p2_lr0p001_bs64,1,0.1976,0.3262,29.7789,30.686,34.7797,209
hourly,test,gru_seq24_h32_l2_d0p2_lr0p001_bs64,2,0.162,0.2678,26.8393,27.567,30.7234,209
hourly,test,gru_seq24_h32_l2_d0p2_lr0p001_bs64,3,0.1302,0.2301,24.4708,24.2901,27.99,209
hourly,test,gru_seq24_h32_l2_d0p2_lr0p001_bs64,4,0.1569,0.2523,29.5653,30.3729,33.8869,209
hourly,test,gru_seq24_h32_l2_d0p2_lr0p001_bs64,5,0.1499,0.2507,30.4813,28.9139,33.3388,209
hourly,test,gru_seq24_h32_l2_d0p2_lr0p001_bs64,6,0.2184,0.2923,38.5792,32.8241,33.4886,209
hourly,test,gru_seq24_h32_l2_d0p2_lr0p001_bs64,7,0.4501,0.5762,54.0994,39.3444,34.1849,209
hourly,test,gru_seq24_h32_l2_d0p2_lr0p001_bs64,8,0.3175,0.4147,39.4613,29.0623,25.2929,209
hourly,test,gru_seq24_h32_l2_d0p2_lr0p001_bs64,9,0.3428,0.4755,45.3653,32.4252,28.5898,209
hourly,test,gru_seq24_h32_l2_d0p2_lr0p001_bs64,10,0.3972,0.5368,55.2449,38.5962,34.853,209
hourly,test,gru_seq24_h32_l2_d0p2_lr0p001_bs64,11,0.3871,0.5302,52.8056,38.3305,33.9769,209
hourly,test,gru_seq24_h32_l2_d0p2_lr0p001_bs64,12,0.4137,0.5723,52.0744,39.4094,37.3159,209
hourly,test,gru_seq24_h32_l2_d0p2_lr0p001_bs64,13,0.3616,0.4675,46.6435,36.824,34.5074,209
hourly,test,gru_seq24_h32_l2_d0p2_lr0p001_bs64,14,0.3805,0.5098,54.4767,41.337,38.6461,209
hourly,test,gru_seq24_h32_l2_d0p2_lr0p001_bs64,15,0.3426,0.476,47.9637,38.1567,37.7835,210
hourly,test,gru_seq24_h32_l2_d0p2_lr0p001_bs64,16,0.3197,0.4284,50.2545,39.1057,38.9795,210
hourly,test,gru_seq24_h32_l2_d0p2_lr0p001_bs64,17,0.3558,0.5086,47.4386,40.4961,40.2581,210
hourly,test,gru_seq24_h32_l2_d0p2_lr0p001_bs64,18,0.4317,0.6478,47.5185,40.8102,40.3114,210
hourly,test,gru_seq24_h32_l2_d0p2_lr0p001_bs64,19,0.4461,0.6189,49.7613,38.6775,34.2964,210
hourly,test,gru_seq24_h32_l2_d0p2_lr0p001_bs64,20,0.459,0.6013,49.3843,35.0832,31.139,210
hourly,test,gru_seq24_h32_l2_d0p2_lr0p001_bs64,21,0.5102,0.6545,50.2079,37.1023,33.5496,210
hourly,test,gru_seq24_h32_l2_d0p2_lr0p001_bs64,22,0.4317,0.5682,47.643,35.8343,35.6417,210
hourly,test,gru_seq24_h32_l2_d0p2_lr0p001_bs64,23,0.3547,0.5081,48.8672,39.8289,41.7007,210
summary,validation,gru_seq24_h32_l2_d0p2_lr0p0005_bs64,,0.3744,0.5391,38.5176,31.721,29.994,5024
hourly,validation,gru_seq24_h32_l2_d0p2_lr0p0005_bs64,0,0.2172,0.3307,35.491,31.353,34.3497,209
hourly,validation,gru_seq24_h32_l2_d0p2_lr0p0005_bs64,1,0.1728,0.2948,28.2581,27.8997,32.5112,209
hourly,validation,gru_seq24_h32_l2_d0p2_lr0p0005_bs64,2,0.144,0.2431,26.1354,25.8012,30.0425,209
hourly,validation,gru_seq24_h32_l2_d0p2_lr0p0005_bs64,3,0.1281,0.2156,26.7649,25.069,29.5953,209
hourly,validation,gru_seq24_h32_l2_d0p2_lr0p0005_bs64,4,0.1191,0.2053,24.8328,24.9838,28.9051,209
hourly,validation,gru_seq24_h32_l2_d0p2_lr0p0005_bs64,5,0.1673,0.2268,37.6948,34.2922,38.1189,209
hourly,validation,gru_seq24_h32_l2_d0p2_lr0p0005_bs64,6,0.3346,0.4371,49.8948,37.3689,40.5523,209
hourly,validation,gru_seq24_h32_l2_d0p2_lr0p0005_bs64,7,0.4936,0.6152,46.9343,34.2626,27.8778,210
hourly,validation,gru_seq24_h32_l2_d0p2_lr0p0005_bs64,8,0.3887,0.5028,33.6471,26.6329,23.5743,210
hourly,validation,gru_seq24_h32_l2_d0p2_lr0p0005_bs64,9,0.3426,0.46,32.0592,24.4644,22.0891,210
hourly,validation,gru_seq24_h32_l2_d0p2_lr0p0005_bs64,10,0.3544,0.4789,29.7723,24.9461,23.4457,210
hourly,validation,gru_seq24_h32_l2_d0p2_lr0p0005_bs64,11,0.4154,0.619,38.8938,29.9665,27.5105,210
hourly,validation,gru_seq24_h32_l2_d0p2_lr0p0005_bs64,12,0.4319,0.6168,42.3421,32.033,29.6502,210
hourly,validation,gru_seq24_h32_l2_d0p2_lr0p0005_bs64,13,0.4322,0.5724,45.2466,36.1368,31.8926,210
hourly,validation,gru_seq24_h32_l2_d0p2_lr0p0005_bs64,14,0.4225,0.5998,45.2389,36.208,33.7691,210
hourly,validation,gru_seq24_h32_l2_d0p2_lr0p0005_bs64,15,0.4383,0.643,45.3415,37.5388,36.8131,209
hourly,validation,gru_seq24_h32_l2_d0p2_lr0p0005_bs64,16,0.3894,0.5656,40.5797,35.0016,33.3245,209
hourly,validation,gru_seq24_h32_l2_d0p2_lr0p0005_bs64,17,0.4722,0.6817,43.3879,36.3264,35.4924,209
hourly,validation,gru_seq24_h32_l2_d0p2_lr0p0005_bs64,18,0.5346,0.6926,46.679,36.3159,32.6486,209
hourly,validation,gru_seq24_h32_l2_d0p2_lr0p0005_bs64,19,0.6471,0.7884,40.6664,33.8859,31.1095,209
hourly,validation,gru_seq24_h32_l2_d0p2_lr0p0005_bs64,20,0.6226,0.769,40.2522,30.7626,27.3422,209
hourly,validation,gru_seq24_h32_l2_d0p2_lr0p0005_bs64,21,0.5009,0.6401,33.5482,27.2954,24.437,209
hourly,validation,gru_seq24_h32_l2_d0p2_lr0p0005_bs64,22,0.458,0.5763,41.0784,33.9027,30.291,209
hourly,validation,gru_seq24_h32_l2_d0p2_lr0p0005_bs64,23,0.3556,0.4817,49.6555,38.8993,39.8879,209
summary,test,gru_seq24_h32_l2_d0p2_lr0p0005_bs64,,0.3318,0.484,42.559,35.1364,34.5919,5025
hourly,test,gru_seq24_h32_l2_d0p2_lr0p0005_bs64,0,0.2378,0.3992,33.1559,32.1838,36.0569,209
hourly,test,gru_seq24_h32_l2_d0p2_lr0p0005_bs64,1,0.199,0.3325,28.8609,31.5738,35.0253,209
hourly,test,gru_seq24_h32_l2_d0p2_lr0p0005_bs64,2,0.1706,0.2815,27.1503,29.9222,32.3453,209
hourly,test,gru_seq24_h32_l2_d0p2_lr0p0005_bs64,3,0.1314,0.2399,23.3316,24.6103,28.2356,209
hourly,test,gru_seq24_h32_l2_d0p2_lr0p0005_bs64,4,0.159,0.2601,28.8545,31.3067,34.3412,209
hourly,test,gru_seq24_h32_l2_d0p2_lr0p0005_bs64,5,0.1561,0.2589,31.9836,30.2382,34.7124,209
hourly,test,gru_seq24_h32_l2_d0p2_lr0p0005_bs64,6,0.2446,0.3172,43.6241,34.7712,37.5147,209
hourly,test,gru_seq24_h32_l2_d0p2_lr0p0005_bs64,7,0.4456,0.5693,56.1858,38.9247,33.845,209
hourly,test,gru_seq24_h32_l2_d0p2_lr0p0005_bs64,8,0.325,0.4257,40.4881,29.4786,25.8927,209
hourly,test,gru_seq24_h32_l2_d0p2_lr0p0005_bs64,9,0.3408,0.4751,43.2858,31.8097,28.4214,209
hourly,test,gru_seq24_h32_l2_d0p2_lr0p0005_bs64,10,0.3923,0.5384,50.9023,37.4929,34.4308,209
hourly,test,gru_seq24_h32_l2_d0p2_lr0p0005_bs64,11,0.3828,0.5359,46.9512,36.8641,33.5973,209
hourly,test,gru_seq24_h32_l2_d0p2_lr0p0005_bs64,12,0.4151,0.5839,47.1978,39.0161,37.4402,209
hourly,test,gru_seq24_h32_l2_d0p2_lr0p0005_bs64,13,0.3533,0.4703,41.2675,35.7604,33.7202,209
hourly,test,gru_seq24_h32_l2_d0p2_lr0p0005_bs64,14,0.3761,0.5105,48.6029,40.3112,38.1956,209
hourly,test,gru_seq24_h32_l2_d0p2_lr0p0005_bs64,15,0.3334,0.4797,42.9877,36.7508,36.7634,210
hourly,test,gru_seq24_h32_l2_d0p2_lr0p0005_bs64,16,0.3153,0.425,47.1206,38.4825,38.4423,210
hourly,test,gru_seq24_h32_l2_d0p2_lr0p0005_bs64,17,0.3606,0.5105,48.3338,40.7021,40.8013,210
hourly,test,gru_seq24_h32_l2_d0p2_lr0p0005_bs64,18,0.4308,0.6356,50.6547,40.7507,40.2232,210
hourly,test,gru_seq24_h32_l2_d0p2_lr0p0005_bs64,19,0.4636,0.6293,54.3464,39.0008,35.6454,210
hourly,test,gru_seq24_h32_l2_d0p2_lr0p0005_bs64,20,0.4638,0.6163,52.131,35.0802,31.4659,210
hourly,test,gru_seq24_h32_l2_d0p2_lr0p0005_bs64,21,0.5113,0.6557,49.3122,36.6581,33.6242,210
hourly,test,gru_seq24_h32_l2_d0p2_lr0p0005_bs64,22,0.4195,0.5563,43.29,34.7557,34.6327,210
hourly,test,gru_seq24_h32_l2_d0p2_lr0p0005_bs64,23,0.3327,0.5061,41.1757,36.7206,39.1175,210
summary,validation,gru_seq24_h32_l2_d0p3_lr0p001_bs64,,0.3748,0.5407,39.5647,32.0841,30.0327,5024
hourly,validation,gru_seq24_h32_l2_d0p3_lr0p001_bs64,0,0.2257,0.3285,38.6466,33.2246,35.6875,209
hourly,validation,gru_seq24_h32_l2_d0p3_lr0p001_bs64,1,0.1875,0.2941,33.742,30.9015,35.274,209
hourly,validation,gru_seq24_h32_l2_d0p3_lr0p001_bs64,2,0.1529,0.2399,30.0315,27.4723,31.8972,209
hourly,validation,gru_seq24_h32_l2_d0p3_lr0p001_bs64,3,0.1287,0.2086,27.6998,25.0909,29.7361,209
hourly,validation,gru_seq24_h32_l2_d0p3_lr0p001_bs64,4,0.1156,0.199,24.2235,24.0187,28.0531,209
hourly,validation,gru_seq24_h32_l2_d0p3_lr0p001_bs64,5,0.1527,0.2125,33.4849,31.6699,34.7942,209
hourly,validation,gru_seq24_h32_l2_d0p3_lr0p001_bs64,6,0.2965,0.3966,40.2385,35.2636,35.9362,209
hourly,validation,gru_seq24_h32_l2_d0p3_lr0p001_bs64,7,0.4961,0.6246,43.6985,33.9846,28.0203,210
hourly,validation,gru_seq24_h32_l2_d0p3_lr0p001_bs64,8,0.3796,0.4966,31.968,25.7556,23.0209,210
hourly,validation,gru_seq24_h32_l2_d0p3_lr0p001_bs64,9,0.3324,0.4486,32.0676,23.7147,21.4316,210
hourly,validation,gru_seq24_h32_l2_d0p3_lr0p001_bs64,10,0.3473,0.4743,30.8716,24.3981,22.977,210
hourly,validation,gru_seq24_h32_l2_d0p3_lr0p001_bs64,11,0.4133,0.6257,41.2407,29.933,27.3743,210
hourly,validation,gru_seq24_h32_l2_d0p3_lr0p001_bs64,12,0.4384,0.6235,46.4614,33.3798,30.0942,210
hourly,validation,gru_seq24_h32_l2_d0p3_lr0p001_bs64,13,0.4275,0.5656,49.0819,36.37,31.542,210
hourly,validation,gru_seq24_h32_l2_d0p3_lr0p001_bs64,14,0.4407,0.6089,51.9788,38.4773,35.2192,210
hourly,validation,gru_seq24_h32_l2_d0p3_lr0p001_bs64,15,0.4412,0.6392,50.0517,39.2633,37.0562,209
hourly,validation,gru_seq24_h32_l2_d0p3_lr0p001_bs64,16,0.3935,0.5619,42.6238,36.0286,33.6789,209
hourly,validation,gru_seq24_h32_l2_d0p3_lr0p001_bs64,17,0.4668,0.6848,41.485,35.9867,35.0831,209
hourly,validation,gru_seq24_h32_l2_d0p3_lr0p001_bs64,18,0.5252,0.6959,42.1514,35.8822,32.0701,209
hourly,validation,gru_seq24_h32_l2_d0p3_lr0p001_bs64,19,0.637,0.7901,37.8276,33.8966,30.6251,209
hourly,validation,gru_seq24_h32_l2_d0p3_lr0p001_bs64,20,0.634,0.7835,40.8111,31.3219,27.846,209
hourly,validation,gru_seq24_h32_l2_d0p3_lr0p001_bs64,21,0.5084,0.6521,36.0193,27.4494,24.8054,209
hourly,validation,gru_seq24_h32_l2_d0p3_lr0p001_bs64,22,0.4704,0.5945,45.7879,34.5,31.1111,209
hourly,validation,gru_seq24_h32_l2_d0p3_lr0p001_bs64,23,0.3834,0.4986,57.3069,42.0871,43.0068,209
summary,test,gru_seq24_h32_l2_d0p3_lr0p001_bs64,,0.3305,0.4795,43.6835,35.1273,34.4548,5025
hourly,test,gru_seq24_h32_l2_d0p3_lr0p001_bs64,0,0.2411,0.3973,35.276,32.7099,36.5512,209
hourly,test,gru_seq24_h32_l2_d0p3_lr0p001_bs64,1,0.1972,0.3249,30.2379,30.8388,34.7193,209
hourly,test,gru_seq24_h32_l2_d0p3_lr0p001_bs64,2,0.1627,0.2638,27.5185,27.8123,30.8592,209
hourly,test,gru_seq24_h32_l2_d0p3_lr0p001_bs64,3,0.1303,0.2281,25.0234,24.6644,28.0026,209
hourly,test,gru_seq24_h32_l2_d0p3_lr0p001_bs64,4,0.1591,0.2544,30.1895,30.9662,34.376,209
hourly,test,gru_seq24_h32_l2_d0p3_lr0p001_bs64,5,0.1555,0.2507,33.0967,30.2837,34.5744,209
hourly,test,gru_seq24_h32_l2_d0p3_lr0p001_bs64,6,0.2233,0.2972,40.3933,33.2067,34.2462,209
hourly,test,gru_seq24_h32_l2_d0p3_lr0p001_bs64,7,0.4504,0.5754,54.8888,39.0792,34.207,209
hourly,test,gru_seq24_h32_l2_d0p3_lr0p001_bs64,8,0.3176,0.4215,39.2653,28.7472,25.3031,209
hourly,test,gru_seq24_h32_l2_d0p3_lr0p001_bs64,9,0.3462,0.4788,45.1298,32.1722,28.8758,209
hourly,test,gru_seq24_h32_l2_d0p3_lr0p001_bs64,10,0.3936,0.5306,53.8859,37.9239,34.5405,209
hourly,test,gru_seq24_h32_l2_d0p3_lr0p001_bs64,11,0.3804,0.5249,50.32,37.3662,33.3926,209
hourly,test,gru_seq24_h32_l2_d0p3_lr0p001_bs64,12,0.4099,0.5712,49.9027,38.6026,36.9679,209
hourly,test,gru_seq24_h32_l2_d0p3_lr0p001_bs64,13,0.3554,0.465,44.634,36.1086,33.9189,209
hourly,test,gru_seq24_h32_l2_d0p3_lr0p001_bs64,14,0.3786,0.5141,52.5647,40.7454,38.4489,209
hourly,test,gru_seq24_h32_l2_d0p3_lr0p001_bs64,15,0.337,0.4749,46.1998,37.5355,37.1626,210
hourly,test,gru_seq24_h32_l2_d0p3_lr0p001_bs64,16,0.3193,0.4326,49.6526,38.9013,38.9317,210
hourly,test,gru_seq24_h32_l2_d0p3_lr0p001_bs64,17,0.3545,0.5078,47.471,40.2551,40.1078,210
hourly,test,gru_seq24_h32_l2_d0p3_lr0p001_bs64,18,0.4296,0.6381,48.5599,40.5078,40.1161,210
hourly,test,gru_seq24_h32_l2_d0p3_lr0p001_bs64,19,0.4462,0.6099,51.8296,38.5382,34.3098,210
hourly,test,gru_seq24_h32_l2_d0p3_lr0p001_bs64,20,0.4623,0.6045,50.6171,35.2873,31.3601,210
hourly,test,gru_seq24_h32_l2_d0p3_lr0p001_bs64,21,0.5051,0.6515,49.501,36.621,33.2193,210
hourly,test,gru_seq24_h32_l2_d0p3_lr0p001_bs64,22,0.4235,0.5599,45.5927,35.1035,34.9677,210
hourly,test,gru_seq24_h32_l2_d0p3_lr0p001_bs64,23,0.3499,0.5086,46.4493,38.9562,41.1356,210
summary,validation,gru_seq24_h32_l2_d0p3_lr0p0005_bs64,,0.3744,0.5391,39.0583,31.9127,29.9993,5024
hourly,validation,gru_seq24_h32_l2_d0p3_lr0p0005_bs64,0,0.2201,0.3324,36.8053,31.545,34.8116,209
hourly,validation,gru_seq24_h32_l2_d0p3_lr0p0005_bs64,1,0.1705,0.2885,28.9385,27.3659,32.0717,209
hourly,validation,gru_seq24_h32_l2_d0p3_lr0p0005_bs64,2,0.1448,0.2362,27.7308,25.6305,30.2107,209
hourly,validation,gru_seq24_h32_l2_d0p3_lr0p0005_bs64,3,0.1327,0.2124,29.6728,25.8392,30.6513,209
hourly,validation,gru_seq24_h32_l2_d0p3_lr0p0005_bs64,4,0.1258,0.1989,28.6006,26.4639,30.5321,209
hourly,validation,gru_seq24_h32_l2_d0p3_lr0p0005_bs64,5,0.1762,0.2236,41.7116,36.5217,40.147,209
hourly,validation,gru_seq24_h32_l2_d0p3_lr0p0005_bs64,6,0.3414,0.4421,50.6436,38.6166,41.3784,209
hourly,validation,gru_seq24_h32_l2_d0p3_lr0p0005_bs64,7,0.4948,0.6182,45.9205,33.9968,27.9462,210
hourly,validation,gru_seq24_h32_l2_d0p3_lr0p0005_bs64,8,0.3824,0.5011,32.0445,25.9966,23.1931,210
hourly,validation,gru_seq24_h32_l2_d0p3_lr0p0005_bs64,9,0.3418,0.4562,31.4781,24.3693,22.0355,210
hourly,validation,gru_seq24_h32_l2_d0p3_lr0p0005_bs64,10,0.3508,0.4737,29.3297,24.9221,23.207,210
hourly,validation,gru_seq24_h32_l2_d0p3_lr0p0005_bs64,11,0.4171,0.6224,38.0692,30.1436,27.6225,210
hourly,validation,gru_seq24_h32_l2_d0p3_lr0p0005_bs64,12,0.4289,0.6191,41.6072,31.8377,29.4424,210
hourly,validation,gru_seq24_h32_l2_d0p3_lr0p0005_bs64,13,0.4261,0.5698,45.7605,35.6692,31.4428,210
hourly,validation,gru_seq24_h32_l2_d0p3_lr0p0005_bs64,14,0.4262,0.6051,47.6298,36.6637,34.0645,210
hourly,validation,gru_seq24_h32_l2_d0p3_lr0p0005_bs64,15,0.4356,0.6408,47.7962,38.1643,36.5857,209
hourly,validation,gru_seq24_h32_l2_d0p3_lr0p0005_bs64,16,0.3895,0.5637,42.3622,35.5336,33.3312,209
hourly,validation,gru_seq24_h32_l2_d0p3_lr0p0005_bs64,17,0.4756,0.6911,43.7305,36.7071,35.7447,209
hourly,validation,gru_seq24_h32_l2_d0p3_lr0p0005_bs64,18,0.532,0.6954,45.313,36.0386,32.4896,209
hourly,validation,gru_seq24_h32_l2_d0p3_lr0p0005_bs64,19,0.6312,0.7782,39.1544,33.2253,30.3455,209
hourly,validation,gru_seq24_h32_l2_d0p3_lr0p0005_bs64,20,0.6223,0.7708,39.7941,30.6256,27.3329,209
hourly,validation,gru_seq24_h32_l2_d0p3_lr0p0005_bs64,21,0.5089,0.6461,33.8782,27.6187,24.8288,209
hourly,validation,gru_seq24_h32_l2_d0p3_lr0p0005_bs64,22,0.4606,0.5785,40.8336,34.1474,30.465,209
hourly,validation,gru_seq24_h32_l2_d0p3_lr0p0005_bs64,23,0.3494,0.4738,48.598,38.3184,39.1975,209
summary,test,gru_seq24_h32_l2_d0p3_lr0p0005_bs64,,0.3332,0.4846,43.4912,35.4312,34.7367,5025
hourly,test,gru_seq24_h32_l2_d0p3_lr0p0005_bs64,0,0.2361,0.3995,32.5837,31.5881,35.799,209
hourly,test,gru_seq24_h32_l2_d0p3_lr0p0005_bs64,1,0.1957,0.3312,28.3062,30.5362,34.4502,209
hourly,test,gru_seq24_h32_l2_d0p3_lr0p0005_bs64,2,0.1647,0.2718,26.6653,28.2399,31.2302,209
hourly,test,gru_seq24_h32_l2_d0p3_lr0p0005_bs64,3,0.1354,0.2346,25.9074,25.402,29.0989,209
hourly,test,gru_seq24_h32_l2_d0p3_lr0p0005_bs64,4,0.1612,0.2499,31.868,31.6791,34.8168,209
hourly,test,gru_seq24_h32_l2_d0p3_lr0p0005_bs64,5,0.1645,0.2542,36.1974,32.2182,36.5717,209
hourly,test,gru_seq24_h32_l2_d0p3_lr0p0005_bs64,6,0.2486,0.3193,45.1269,35.3019,38.1322,209
hourly,test,gru_seq24_h32_l2_d0p3_lr0p0005_bs64,7,0.4439,0.5651,56.5231,38.8562,33.7145,209
hourly,test,gru_seq24_h32_l2_d0p3_lr0p0005_bs64,8,0.3213,0.426,40.6769,29.4823,25.6018,209
hourly,test,gru_seq24_h32_l2_d0p3_lr0p0005_bs64,9,0.3486,0.4843,44.6613,32.5164,29.0752,209
hourly,test,gru_seq24_h32_l2_d0p3_lr0p0005_bs64,10,0.3938,0.5374,51.5298,38.023,34.5587,209
hourly,test,gru_seq24_h32_l2_d0p3_lr0p0005_bs64,11,0.3898,0.5402,47.6577,37.9811,34.2124,209
hourly,test,gru_seq24_h32_l2_d0p3_lr0p0005_bs64,12,0.4092,0.5763,46.9029,38.8932,36.909,209
hourly,test,gru_seq24_h32_l2_d0p3_lr0p0005_bs64,13,0.354,0.4698,41.8313,35.9612,33.7872,209
hourly,test,gru_seq24_h32_l2_d0p3_lr0p0005_bs64,14,0.3742,0.5122,50.2272,40.5937,37.9985,209
hourly,test,gru_seq24_h32_l2_d0p3_lr0p0005_bs64,15,0.3304,0.4676,44.4527,36.7472,36.4363,210
hourly,test,gru_seq24_h32_l2_d0p3_lr0p0005_bs64,16,0.3198,0.4311,49.6039,38.9969,38.9877,210
hourly,test,gru_seq24_h32_l2_d0p3_lr0p0005_bs64,17,0.3606,0.509,49.446,40.8209,40.8081,210
hourly,test,gru_seq24_h32_l2_d0p3_lr0p0005_bs64,18,0.432,0.63,51.1146,40.8149,40.3367,210
hourly,test,gru_seq24_h32_l2_d0p3_lr0p0005_bs64,19,0.4674,0.6302,55.1418,39.8153,35.9368,210
hourly,test,gru_seq24_h32_l2_d0p3_lr0p0005_bs64,20,0.4644,0.6226,52.5416,35.4911,31.5037,210
hourly,test,gru_seq24_h32_l2_d0p3_lr0p0005_bs64,21,0.5257,0.6788,50.777,38.1052,34.5691,210
hourly,test,gru_seq24_h32_l2_d0p3_lr0p0005_bs64,22,0.4194,0.5564,42.9228,35.1355,34.6241,210
hourly,test,gru_seq24_h32_l2_d0p3_lr0p0005_bs64,23,0.3331,0.5089,40.9065,37.0344,39.1569,210
summary,validation,gru_seq24_h64_l1_d0p0_lr0p001_bs64,,0.3761,0.5404,38.8131,32.1111,30.132,5024
hourly,validation,gru_seq24_h64_l1_d0p0_lr0p001_bs64,0,0.2253,0.3209,40.0602,33.9833,35.6198,209
hourly,validation,gru_seq24_h64_l1_d0p0_lr0p001_bs64,1,0.1774,0.2923,32.7311,28.8544,33.3705,209
hourly,validation,gru_seq24_h64_l1_d0p0_lr0p001_bs64,2,0.1459,0.2434,28.3879,25.2711,30.439,209
hourly,validation,gru_seq24_h64_l1_d0p0_lr0p001_bs64,3,0.1303,0.2147,29.0975,24.7844,30.0883,209
hourly,validation,gru_seq24_h64_l1_d0p0_lr0p001_bs64,4,0.1228,0.2098,27.1759,25.0718,29.8186,209
hourly,validation,gru_seq24_h64_l1_d0p0_lr0p001_bs64,5,0.1722,0.2355,39.8,34.8947,39.2287,209
hourly,validation,gru_seq24_h64_l1_d0p0_lr0p001_bs64,6,0.3124,0.3951,47.1278,36.2934,37.8613,209
hourly,validation,gru_seq24_h64_l1_d0p0_lr0p001_bs64,7,0.493,0.6088,44.5109,33.5056,27.8424,210
hourly,validation,gru_seq24_h64_l1_d0p0_lr0p001_bs64,8,0.379,0.5027,30.406,26.1356,22.9844,210
hourly,validation,gru_seq24_h64_l1_d0p0_lr0p001_bs64,9,0.3644,0.4766,30.5615,26.2469,23.4919,210
hourly,validation,gru_seq24_h64_l1_d0p0_lr0p001_bs64,10,0.3683,0.5032,28.368,26.194,24.3641,210
hourly,validation,gru_seq24_h64_l1_d0p0_lr0p001_bs64,11,0.4295,0.6386,37.6802,30.9273,28.4482,210
hourly,validation,gru_seq24_h64_l1_d0p0_lr0p001_bs64,12,0.4294,0.6241,40.4203,32.0562,29.4754,210
hourly,validation,gru_seq24_h64_l1_d0p0_lr0p001_bs64,13,0.4175,0.5627,44.5264,35.5508,30.8036,210
hourly,validation,gru_seq24_h64_l1_d0p0_lr0p001_bs64,14,0.4344,0.6153,48.689,37.2814,34.7224,210
hourly,validation,gru_seq24_h64_l1_d0p0_lr0p001_bs64,15,0.4379,0.6429,48.791,38.4483,36.7855,209
hourly,validation,gru_seq24_h64_l1_d0p0_lr0p001_bs64,16,0.3941,0.5555,43.8791,36.3513,33.7252,209
hourly,validation,gru_seq24_h64_l1_d0p0_lr0p001_bs64,17,0.4747,0.6793,46.1663,37.4492,35.6815,209
hourly,validation,gru_seq24_h64_l1_d0p0_lr0p001_bs64,18,0.5348,0.7005,46.2768,36.3528,32.6593,209
hourly,validation,gru_seq24_h64_l1_d0p0_lr0p001_bs64,19,0.6355,0.7847,38.2377,33.487,30.5528,209
hourly,validation,gru_seq24_h64_l1_d0p0_lr0p001_bs64,20,0.6255,0.7753,38.9436,30.8336,27.4709,209
hourly,validation,gru_seq24_h64_l1_d0p0_lr0p001_bs64,21,0.493,0.631,32.0234,26.9526,24.0514,209
hourly,validation,gru_seq24_h64_l1_d0p0_lr0p001_bs64,22,0.4738,0.5932,39.0848,34.8803,31.3394,209
hourly,validation,gru_seq24_h64_l1_d0p0_lr0p001_bs64,23,0.3533,0.47,48.5954,38.9026,39.6384,209
summary,test,gru_seq24_h64_l1_d0p0_lr0p001_bs64,,0.3314,0.48,42.3496,35.3715,34.551,5025
hourly,test,gru_seq24_h64_l1_d0p0_lr0p001_bs64,0,0.2437,0.3993,36.4125,33.4498,36.9376,209
hourly,test,gru_seq24_h64_l1_d0p0_lr0p001_bs64,1,0.197,0.3116,32.1385,31.6469,34.6794,209
hourly,test,gru_seq24_h64_l1_d0p0_lr0p001_bs64,2,0.1709,0.2712,30.0323,29.3972,32.4112,209
hourly,test,gru_seq24_h64_l1_d0p0_lr0p001_bs64,3,0.1434,0.2415,28.7207,26.7419,30.8207,209
hourly,test,gru_seq24_h64_l1_d0p0_lr0p001_bs64,4,0.1547,0.251,30.7536,29.363,33.4259,209
hourly,test,gru_seq24_h64_l1_d0p0_lr0p001_bs64,5,0.1698,0.2607,38.4317,32.8181,37.7492,209
hourly,test,gru_seq24_h64_l1_d0p0_lr0p001_bs64,6,0.2535,0.3216,47.9289,36.3614,38.8749,209
hourly,test,gru_seq24_h64_l1_d0p0_lr0p001_bs64,7,0.4371,0.5515,51.7754,38.3556,33.196,209
hourly,test,gru_seq24_h64_l1_d0p0_lr0p001_bs64,8,0.3112,0.4231,34.5206,28.2174,24.7919,209
hourly,test,gru_seq24_h64_l1_d0p0_lr0p001_bs64,9,0.3621,0.4907,37.815,32.9147,30.1988,209
hourly,test,gru_seq24_h64_l1_d0p0_lr0p001_bs64,10,0.3888,0.5371,43.1745,37.1242,34.1221,209
hourly,test,gru_seq24_h64_l1_d0p0_lr0p001_bs64,11,0.3812,0.5398,41.354,36.4289,33.4645,209
hourly,test,gru_seq24_h64_l1_d0p0_lr0p001_bs64,12,0.4085,0.5824,43.7854,38.3934,36.8449,209
hourly,test,gru_seq24_h64_l1_d0p0_lr0p001_bs64,13,0.3466,0.4626,40.2619,35.5098,33.08,209
hourly,test,gru_seq24_h64_l1_d0p0_lr0p001_bs64,14,0.3746,0.5132,49.2674,39.9506,38.0406,209
hourly,test,gru_seq24_h64_l1_d0p0_lr0p001_bs64,15,0.3337,0.4735,44.381,36.9958,36.8023,210
hourly,test,gru_seq24_h64_l1_d0p0_lr0p001_bs64,16,0.317,0.422,50.555,39.2205,38.6469,210
hourly,test,gru_seq24_h64_l1_d0p0_lr0p001_bs64,17,0.3565,0.5,50.1798,40.5159,40.335,210
hourly,test,gru_seq24_h64_l1_d0p0_lr0p001_bs64,18,0.4316,0.6389,51.9476,40.6756,40.3029,210
hourly,test,gru_seq24_h64_l1_d0p0_lr0p001_bs64,19,0.4561,0.6097,54.1555,38.8836,35.0724,210
hourly,test,gru_seq24_h64_l1_d0p0_lr0p001_bs64,20,0.4538,0.5933,49.2795,34.8128,30.7855,210
hourly,test,gru_seq24_h64_l1_d0p0_lr0p001_bs64,21,0.4995,0.6501,46.7414,36.8016,32.8458,210
hourly,test,gru_seq24_h64_l1_d0p0_lr0p001_bs64,22,0.414,0.5572,40.3139,34.7711,34.1797,210
hourly,test,gru_seq24_h64_l1_d0p0_lr0p001_bs64,23,0.3458,0.5162,42.2321,39.4515,40.6603,210
summary,validation,gru_seq24_h64_l1_d0p0_lr0p0005_bs64,,0.3714,0.5384,38.0545,31.6183,29.7588,5024
hourly,validation,gru_seq24_h64_l1_d0p0_lr0p0005_bs64,0,0.2231,0.3226,38.6632,33.3978,35.2793,209
hourly,validation,gru_seq24_h64_l1_d0p0_lr0p0005_bs64,1,0.1745,0.2924,30.7147,28.4129,32.8338,209
hourly,validation,gru_seq24_h64_l1_d0p0_lr0p0005_bs64,2,0.1452,0.2435,27.7903,25.3057,30.2808,209
hourly,validation,gru_seq24_h64_l1_d0p0_lr0p0005_bs64,3,0.1284,0.2158,28.0162,24.2762,29.6551,209
hourly,validation,gru_seq24_h64_l1_d0p0_lr0p0005_bs64,4,0.1211,0.2129,25.8106,24.6379,29.3907,209
hourly,validation,gru_seq24_h64_l1_d0p0_lr0p0005_bs64,5,0.1547,0.2303,33.2965,31.0692,35.2415,209
hourly,validation,gru_seq24_h64_l1_d0p0_lr0p0005_bs64,6,0.3058,0.3973,44.3309,35.8049,37.062,209
hourly,validation,gru_seq24_h64_l1_d0p0_lr0p0005_bs64,7,0.5062,0.6204,47.0229,35.1946,28.5915,210
hourly,validation,gru_seq24_h64_l1_d0p0_lr0p0005_bs64,8,0.3776,0.4946,31.1531,26.0992,22.8991,210
hourly,validation,gru_seq24_h64_l1_d0p0_lr0p0005_bs64,9,0.3556,0.4692,30.6304,25.7173,22.9253,210
hourly,validation,gru_seq24_h64_l1_d0p0_lr0p0005_bs64,10,0.3527,0.4879,28.0768,25.1246,23.3284,210
hourly,validation,gru_seq24_h64_l1_d0p0_lr0p0005_bs64,11,0.4239,0.6368,38.5831,30.5012,28.0748,210
hourly,validation,gru_seq24_h64_l1_d0p0_lr0p0005_bs64,12,0.4276,0.6231,40.8776,32.2724,29.3543,210
hourly,validation,gru_seq24_h64_l1_d0p0_lr0p0005_bs64,13,0.4167,0.5658,43.7893,35.5848,30.7493,210
hourly,validation,gru_seq24_h64_l1_d0p0_lr0p0005_bs64,14,0.4366,0.616,47.7187,37.3984,34.8955,210
hourly,validation,gru_seq24_h64_l1_d0p0_lr0p0005_bs64,15,0.4387,0.6432,47.4495,38.0076,36.8518,209
hourly,validation,gru_seq24_h64_l1_d0p0_lr0p0005_bs64,16,0.3911,0.5617,41.9332,35.2809,33.4681,209
hourly,validation,gru_seq24_h64_l1_d0p0_lr0p0005_bs64,17,0.4625,0.6813,42.7269,35.8799,34.7645,209
hourly,validation,gru_seq24_h64_l1_d0p0_lr0p0005_bs64,18,0.5275,0.7008,44.2025,35.934,32.2149,209
hourly,validation,gru_seq24_h64_l1_d0p0_lr0p0005_bs64,19,0.6164,0.7706,36.6861,32.5071,29.6337,209
hourly,validation,gru_seq24_h64_l1_d0p0_lr0p0005_bs64,20,0.625,0.7739,39.5452,30.7873,27.4504,209
hourly,validation,gru_seq24_h64_l1_d0p0_lr0p0005_bs64,21,0.4961,0.6314,33.9476,27.1069,24.2029,209
hourly,validation,gru_seq24_h64_l1_d0p0_lr0p0005_bs64,22,0.4535,0.5698,40.2262,33.4487,29.9931,209
hourly,validation,gru_seq24_h64_l1_d0p0_lr0p0005_bs64,23,0.352,0.4708,50.0992,39.1142,39.4927,209
summary,test,gru_seq24_h64_l1_d0p0_lr0p0005_bs64,,0.3291,0.4791,41.8855,35.1092,34.3047,5025
hourly,test,gru_seq24_h64_l1_d0p0_lr0p0005_bs64,0,0.247,0.4099,35.5431,34.8835,37.4407,209
hourly,test,gru_seq24_h64_l1_d0p0_lr0p0005_bs64,1,0.1966,0.3152,30.3397,32.0962,34.6075,209
hourly,test,gru_seq24_h64_l1_d0p0_lr0p0005_bs64,2,0.1704,0.2758,28.666,29.4868,32.3155,209
hourly,test,gru_seq24_h64_l1_d0p0_lr0p0005_bs64,3,0.1385,0.2412,26.6199,25.7325,29.7678,209
hourly,test,gru_seq24_h64_l1_d0p0_lr0p0005_bs64,4,0.1548,0.2576,29.3534,29.391,33.4428,209
hourly,test,gru_seq24_h64_l1_d0p0_lr0p0005_bs64,5,0.1511,0.258,31.474,28.5698,33.5928,209
hourly,test,gru_seq24_h64_l1_d0p0_lr0p0005_bs64,6,0.2352,0.3028,42.4335,34.6408,36.0765,209
hourly,test,gru_seq24_h64_l1_d0p0_lr0p0005_bs64,7,0.4444,0.5528,54.386,39.5785,33.7473,209
hourly,test,gru_seq24_h64_l1_d0p0_lr0p0005_bs64,8,0.314,0.4186,35.7548,28.5537,25.0204,209
hourly,test,gru_seq24_h64_l1_d0p0_lr0p0005_bs64,9,0.3572,0.486,39.7766,32.9208,29.7924,209
hourly,test,gru_seq24_h64_l1_d0p0_lr0p0005_bs64,10,0.3852,0.5296,46.3199,37.1458,33.8015,209
hourly,test,gru_seq24_h64_l1_d0p0_lr0p0005_bs64,11,0.3796,0.5343,43.4536,36.1028,33.3224,209
hourly,test,gru_seq24_h64_l1_d0p0_lr0p0005_bs64,12,0.4095,0.5789,44.7731,38.3495,36.9294,209
hourly,test,gru_seq24_h64_l1_d0p0_lr0p0005_bs64,13,0.3502,0.4674,40.5347,36.1623,33.417,209
hourly,test,gru_seq24_h64_l1_d0p0_lr0p0005_bs64,14,0.3715,0.5126,48.1887,39.5765,37.7223,209
hourly,test,gru_seq24_h64_l1_d0p0_lr0p0005_bs64,15,0.3335,0.4823,42.9508,36.4622,36.7771,210
hourly,test,gru_seq24_h64_l1_d0p0_lr0p0005_bs64,16,0.311,0.424,48.3798,37.9854,37.9115,210
hourly,test,gru_seq24_h64_l1_d0p0_lr0p0005_bs64,17,0.3486,0.4971,48.1005,39.4096,39.4473,210
hourly,test,gru_seq24_h64_l1_d0p0_lr0p0005_bs64,18,0.4336,0.6457,50.8882,40.6413,40.4893,210
hourly,test,gru_seq24_h64_l1_d0p0_lr0p0005_bs64,19,0.4565,0.6067,54.3807,39.1375,35.0974,210
hourly,test,gru_seq24_h64_l1_d0p0_lr0p0005_bs64,20,0.4585,0.5946,50.4895,35.2798,31.1047,210
hourly,test,gru_seq24_h64_l1_d0p0_lr0p0005_bs64,21,0.4949,0.6443,48.4731,36.8059,32.5461,210
hourly,test,gru_seq24_h64_l1_d0p0_lr0p0005_bs64,22,0.4053,0.5511,40.8798,33.5922,33.4625,210
hourly,test,gru_seq24_h64_l1_d0p0_lr0p0005_bs64,23,0.3475,0.5129,42.8521,40.004,40.8529,210
summary,validation,gru_seq24_h64_l2_d0p0_lr0p001_bs64,,0.3749,0.5379,39.4107,32.0723,30.0401,5024
hourly,validation,gru_seq24_h64_l2_d0p0_lr0p001_bs64,0,0.2202,0.3221,36.0717,32.6186,34.8168,209
hourly,validation,gru_seq24_h64_l2_d0p0_lr0p001_bs64,1,0.171,0.2927,28.6827,26.85,32.1764,209
hourly,validation,gru_seq24_h64_l2_d0p0_lr0p001_bs64,2,0.1445,0.2361,28.135,25.3337,30.1541,209
hourly,validation,gru_seq24_h64_l2_d0p0_lr0p001_bs64,3,0.1353,0.2085,30.7486,26.1685,31.2467,209
hourly,validation,gru_seq24_h64_l2_d0p0_lr0p001_bs64,4,0.1331,0.213,30.4288,27.2465,32.3176,209
hourly,validation,gru_seq24_h64_l2_d0p0_lr0p001_bs64,5,0.1701,0.2282,40.1948,34.4547,38.7447,209
hourly,validation,gru_seq24_h64_l2_d0p0_lr0p001_bs64,6,0.3224,0.408,48.4908,38.5483,39.0639,209
hourly,validation,gru_seq24_h64_l2_d0p0_lr0p001_bs64,7,0.5195,0.6301,47.3555,36.3868,29.3421,210
hourly,validation,gru_seq24_h64_l2_d0p0_lr0p001_bs64,8,0.3781,0.4921,31.3998,25.9978,22.9342,210
hourly,validation,gru_seq24_h64_l2_d0p0_lr0p001_bs64,9,0.3464,0.4576,31.9746,24.7353,22.3326,210
hourly,validation,gru_seq24_h64_l2_d0p0_lr0p001_bs64,10,0.3468,0.474,29.8645,24.2193,22.9377,210
hourly,validation,gru_seq24_h64_l2_d0p0_lr0p001_bs64,11,0.4155,0.6224,40.4496,30.0074,27.52,210
hourly,validation,gru_seq24_h64_l2_d0p0_lr0p001_bs64,12,0.4269,0.6129,43.4,32.4069,29.3094,210
hourly,validation,gru_seq24_h64_l2_d0p0_lr0p001_bs64,13,0.4199,0.5696,46.0557,35.7887,30.9848,210
hourly,validation,gru_seq24_h64_l2_d0p0_lr0p001_bs64,14,0.4392,0.6149,48.8154,37.6585,35.1063,210
hourly,validation,gru_seq24_h64_l2_d0p0_lr0p001_bs64,15,0.4495,0.6542,47.9053,38.5062,37.7557,209
hourly,validation,gru_seq24_h64_l2_d0p0_lr0p001_bs64,16,0.3978,0.5657,41.7874,35.6377,34.0474,209
hourly,validation,gru_seq24_h64_l2_d0p0_lr0p001_bs64,17,0.4662,0.6696,44.5431,36.6597,35.0399,209
hourly,validation,gru_seq24_h64_l2_d0p0_lr0p001_bs64,18,0.5306,0.7004,47.1775,36.3157,32.4037,209
hourly,validation,gru_seq24_h64_l2_d0p0_lr0p001_bs64,19,0.621,0.7673,38.5,32.636,29.8542,209
hourly,validation,gru_seq24_h64_l2_d0p0_lr0p001_bs64,20,0.6284,0.7784,40.3657,31.0326,27.5968,209
hourly,validation,gru_seq24_h64_l2_d0p0_lr0p001_bs64,21,0.5013,0.6403,34.6504,27.6326,24.4585,209
hourly,validation,gru_seq24_h64_l2_d0p0_lr0p001_bs64,22,0.4583,0.5765,39.8395,33.8656,30.3095,209
hourly,validation,gru_seq24_h64_l2_d0p0_lr0p001_bs64,23,0.3548,0.4786,49.0014,39.0726,39.8052,209
summary,test,gru_seq24_h64_l2_d0p0_lr0p001_bs64,,0.3386,0.4829,45.8251,36.4762,35.2982,5025
hourly,test,gru_seq24_h64_l2_d0p0_lr0p001_bs64,0,0.2403,0.4076,34.1387,32.4326,36.426,209
hourly,test,gru_seq24_h64_l2_d0p0_lr0p001_bs64,1,0.1923,0.3202,28.2739,30.3214,33.843,209
hourly,test,gru_seq24_h64_l2_d0p0_lr0p001_bs64,2,0.1674,0.2696,28.3038,28.35,31.7504,209
hourly,test,gru_seq24_h64_l2_d0p0_lr0p001_bs64,3,0.1522,0.2418,31.8439,28.7777,32.7191,209
hourly,test,gru_seq24_h64_l2_d0p0_lr0p001_bs64,4,0.1681,0.2549,34.8837,31.9493,36.3069,209
hourly,test,gru_seq24_h64_l2_d0p0_lr0p001_bs64,5,0.1722,0.2565,39.57,33.3348,38.2885,209
hourly,test,gru_seq24_h64_l2_d0p0_lr0p001_bs64,6,0.2488,0.3091,49.1527,37.5431,38.152,209
hourly,test,gru_seq24_h64_l2_d0p0_lr0p001_bs64,7,0.4581,0.5575,57.7849,41.3082,34.7941,209
hourly,test,gru_seq24_h64_l2_d0p0_lr0p001_bs64,8,0.3343,0.4374,39.7329,31.1556,26.6339,209
hourly,test,gru_seq24_h64_l2_d0p0_lr0p001_bs64,9,0.3579,0.4749,45.4592,34.2921,29.8508,209
hourly,test,gru_seq24_h64_l2_d0p0_lr0p001_bs64,10,0.3977,0.5318,53.6563,39.0624,34.9042,209
hourly,test,gru_seq24_h64_l2_d0p0_lr0p001_bs64,11,0.3737,0.5214,48.0884,36.7311,32.8002,209
hourly,test,gru_seq24_h64_l2_d0p0_lr0p001_bs64,12,0.4112,0.5777,49.4847,38.7515,37.0892,209
hourly,test,gru_seq24_h64_l2_d0p0_lr0p001_bs64,13,0.3511,0.4611,43.6393,35.8888,33.5055,209
hourly,test,gru_seq24_h64_l2_d0p0_lr0p001_bs64,14,0.3762,0.5065,52.2823,40.7237,38.2052,209
hourly,test,gru_seq24_h64_l2_d0p0_lr0p001_bs64,15,0.3518,0.4961,47.4653,38.2217,38.8001,210
hourly,test,gru_seq24_h64_l2_d0p0_lr0p001_bs64,16,0.3334,0.4396,53.8567,40.8151,40.6506,210
hourly,test,gru_seq24_h64_l2_d0p0_lr0p001_bs64,17,0.3688,0.5119,53.4554,41.9232,41.7324,210
hourly,test,gru_seq24_h64_l2_d0p0_lr0p001_bs64,18,0.4522,0.6468,58.4862,43.2449,42.2203,210
hourly,test,gru_seq24_h64_l2_d0p0_lr0p001_bs64,19,0.4725,0.617,59.8603,40.6818,36.3312,210
hourly,test,gru_seq24_h64_l2_d0p0_lr0p001_bs64,20,0.4707,0.6109,54.3389,36.6951,31.9318,210
hourly,test,gru_seq24_h64_l2_d0p0_lr0p001_bs64,21,0.5086,0.6532,49.6715,37.9385,33.4448,210
hourly,test,gru_seq24_h64_l2_d0p0_lr0p001_bs64,22,0.4162,0.5622,42.0523,35.3773,34.3602,210
hourly,test,gru_seq24_h64_l2_d0p0_lr0p001_bs64,23,0.3472,0.5153,44.0779,39.7836,40.8245,210
summary,validation,gru_seq24_h64_l2_d0p0_lr0p0005_bs64,,0.3729,0.5364,39.1478,31.9738,29.8806,5024
hourly,validation,gru_seq24_h64_l2_d0p0_lr0p0005_bs64,0,0.2153,0.312,37.1044,32.975,34.0473,209
hourly,validation,gru_seq24_h64_l2_d0p0_lr0p0005_bs64,1,0.1704,0.2875,30.4785,27.6161,32.0551,209
hourly,validation,gru_seq24_h64_l2_d0p0_lr0p0005_bs64,2,0.1434,0.2371,27.7746,25.6934,29.9051,209
hourly,validation,gru_seq24_h64_l2_d0p0_lr0p0005_bs64,3,0.1275,0.2107,28.2102,24.4318,29.451,209
hourly,validation,gru_seq24_h64_l2_d0p0_lr0p0005_bs64,4,0.1293,0.2075,29.5219,26.7672,31.3754,209
hourly,validation,gru_seq24_h64_l2_d0p0_lr0p0005_bs64,5,0.1702,0.2237,39.1494,34.9747,38.7629,209
hourly,validation,gru_seq24_h64_l2_d0p0_lr0p0005_bs64,6,0.2983,0.3842,43.7138,35.7054,36.1479,209
hourly,validation,gru_seq24_h64_l2_d0p0_lr0p0005_bs64,7,0.5059,0.6268,45.0723,34.7572,28.574,210
hourly,validation,gru_seq24_h64_l2_d0p0_lr0p0005_bs64,8,0.3782,0.496,31.9786,26.2008,22.936,210
hourly,validation,gru_seq24_h64_l2_d0p0_lr0p0005_bs64,9,0.3364,0.4502,29.7215,24.1163,21.6893,210
hourly,validation,gru_seq24_h64_l2_d0p0_lr0p0005_bs64,10,0.3559,0.4878,28.672,25.0451,23.5458,210
hourly,validation,gru_seq24_h64_l2_d0p0_lr0p0005_bs64,11,0.4139,0.6271,38.1528,29.8432,27.4151,210
hourly,validation,gru_seq24_h64_l2_d0p0_lr0p0005_bs64,12,0.4299,0.6238,42.177,32.0265,29.5117,210
hourly,validation,gru_seq24_h64_l2_d0p0_lr0p0005_bs64,13,0.4218,0.5666,46.5084,36.0612,31.1214,210
hourly,validation,gru_seq24_h64_l2_d0p0_lr0p0005_bs64,14,0.4329,0.613,49.3297,37.4436,34.6032,210
hourly,validation,gru_seq24_h64_l2_d0p0_lr0p0005_bs64,15,0.4364,0.6375,48.6345,38.297,36.6526,209
hourly,validation,gru_seq24_h64_l2_d0p0_lr0p0005_bs64,16,0.3897,0.5526,43.4131,35.7343,33.3529,209
hourly,validation,gru_seq24_h64_l2_d0p0_lr0p0005_bs64,17,0.4866,0.6843,49.0098,38.7245,36.5746,209
hourly,validation,gru_seq24_h64_l2_d0p0_lr0p0005_bs64,18,0.5328,0.6902,49.1032,36.6303,32.5374,209
hourly,validation,gru_seq24_h64_l2_d0p0_lr0p0005_bs64,19,0.6407,0.7886,39.103,33.2573,30.8003,209
hourly,validation,gru_seq24_h64_l2_d0p0_lr0p0005_bs64,20,0.6253,0.7746,39.3891,30.9273,27.4637,209
hourly,validation,gru_seq24_h64_l2_d0p0_lr0p0005_bs64,21,0.4926,0.627,33.085,26.8892,24.0355,209
hourly,validation,gru_seq24_h64_l2_d0p0_lr0p0005_bs64,22,0.4599,0.5767,39.7886,34.1742,30.4144,209
hourly,validation,gru_seq24_h64_l2_d0p0_lr0p0005_bs64,23,0.3559,0.4695,50.4642,39.1289,39.9286,209
summary,test,gru_seq24_h64_l2_d0p0_lr0p0005_bs64,,0.3283,0.4799,41.8357,34.8184,34.2255,5025
hourly,test,gru_seq24_h64_l2_d0p0_lr0p0005_bs64,0,0.2467,0.409,35.5187,33.7791,37.4024,209
hourly,test,gru_seq24_h64_l2_d0p0_lr0p0005_bs64,1,0.1971,0.326,29.1989,31.8501,34.6987,209
hourly,test,gru_seq24_h64_l2_d0p0_lr0p0005_bs64,2,0.1678,0.2746,27.0002,28.9074,31.8102,209
hourly,test,gru_seq24_h64_l2_d0p0_lr0p0005_bs64,3,0.1361,0.2411,25.236,25.1549,29.2509,209
hourly,test,gru_seq24_h64_l2_d0p0_lr0p0005_bs64,4,0.1571,0.2487,30.8576,30.4476,33.9436,209
hourly,test,gru_seq24_h64_l2_d0p0_lr0p0005_bs64,5,0.1546,0.2487,32.8359,29.8746,34.3806,209
hourly,test,gru_seq24_h64_l2_d0p0_lr0p0005_bs64,6,0.2239,0.2936,40.2789,33.4322,34.3401,209
hourly,test,gru_seq24_h64_l2_d0p0_lr0p0005_bs64,7,0.4372,0.5558,50.0894,37.5843,33.2074,209
hourly,test,gru_seq24_h64_l2_d0p0_lr0p0005_bs64,8,0.311,0.4175,36.0121,27.9638,24.7802,209
hourly,test,gru_seq24_h64_l2_d0p0_lr0p0005_bs64,9,0.3423,0.4665,41.1284,31.852,28.5439,209
hourly,test,gru_seq24_h64_l2_d0p0_lr0p0005_bs64,10,0.3845,0.5256,48.4347,36.7489,33.7432,209
hourly,test,gru_seq24_h64_l2_d0p0_lr0p0005_bs64,11,0.3773,0.5374,45.2331,35.9767,33.1213,209
hourly,test,gru_seq24_h64_l2_d0p0_lr0p0005_bs64,12,0.4075,0.5776,46.2985,38.6627,36.7504,209
hourly,test,gru_seq24_h64_l2_d0p0_lr0p0005_bs64,13,0.352,0.4692,41.8134,35.6591,33.5895,209
hourly,test,gru_seq24_h64_l2_d0p0_lr0p0005_bs64,14,0.377,0.5167,49.8648,40.1699,38.2871,209
hourly,test,gru_seq24_h64_l2_d0p0_lr0p0005_bs64,15,0.3301,0.468,43.5492,36.6361,36.3999,210
hourly,test,gru_seq24_h64_l2_d0p0_lr0p0005_bs64,16,0.318,0.4284,49.0648,38.6656,38.7674,210
hourly,test,gru_seq24_h64_l2_d0p0_lr0p0005_bs64,17,0.3634,0.5047,50.379,40.6946,41.1181,210
hourly,test,gru_seq24_h64_l2_d0p0_lr0p0005_bs64,18,0.4314,0.6322,52.1172,40.5762,40.2837,210
hourly,test,gru_seq24_h64_l2_d0p0_lr0p0005_bs64,19,0.4494,0.6182,52.6447,37.7236,34.5521,210
hourly,test,gru_seq24_h64_l2_d0p0_lr0p0005_bs64,20,0.4499,0.6021,48.7281,34.1304,30.5246,210
hourly,test,gru_seq24_h64_l2_d0p0_lr0p0005_bs64,21,0.5085,0.665,46.64,36.6333,33.4417,210
hourly,test,gru_seq24_h64_l2_d0p0_lr0p0005_bs64,22,0.4156,0.5566,40.2688,34.8366,34.3156,210
hourly,test,gru_seq24_h64_l2_d0p0_lr0p0005_bs64,23,0.3376,0.5166,40.6368,37.5665,39.6938,210
summary,validation,gru_seq24_h64_l2_d0p2_lr0p001_bs64,,0.3775,0.5395,39.9694,32.37,30.2421,5024
hourly,validation,gru_seq24_h64_l2_d0p2_lr0p001_bs64,0,0.2246,0.331,35.662,33.4827,35.5184,209
hourly,validation,gru_seq24_h64_l2_d0p2_lr0p001_bs64,1,0.1744,0.3002,28.2719,27.2522,32.8034,209
hourly,validation,gru_seq24_h64_l2_d0p2_lr0p001_bs64,2,0.1453,0.2373,28.0614,25.5805,30.3121,209
hourly,validation,gru_seq24_h64_l2_d0p2_lr0p001_bs64,3,0.1414,0.2124,32.2438,27.5452,32.653,209
hourly,validation,gru_seq24_h64_l2_d0p2_lr0p001_bs64,4,0.1344,0.2103,30.8065,27.7431,32.6322,209
hourly,validation,gru_seq24_h64_l2_d0p2_lr0p001_bs64,5,0.1732,0.227,40.8877,35.4071,39.4614,209
hourly,validation,gru_seq24_h64_l2_d0p2_lr0p001_bs64,6,0.3161,0.3994,47.2395,38.4955,38.3013,209
hourly,validation,gru_seq24_h64_l2_d0p2_lr0p001_bs64,7,0.5179,0.6293,50.22,36.874,29.2518,210
hourly,validation,gru_seq24_h64_l2_d0p2_lr0p001_bs64,8,0.4078,0.5091,35.9728,27.5437,24.7339,210
hourly,validation,gru_seq24_h64_l2_d0p2_lr0p001_bs64,9,0.3513,0.4686,33.4337,24.8108,22.6504,210
hourly,validation,gru_seq24_h64_l2_d0p2_lr0p001_bs64,10,0.3492,0.4761,31.2934,24.4012,23.0965,210
hourly,validation,gru_seq24_h64_l2_d0p2_lr0p001_bs64,11,0.417,0.6251,41.7312,29.9737,27.6171,210
hourly,validation,gru_seq24_h64_l2_d0p2_lr0p001_bs64,12,0.4322,0.6157,45.0347,32.6844,29.6721,210
hourly,validation,gru_seq24_h64_l2_d0p2_lr0p001_bs64,13,0.4224,0.5691,46.462,35.9373,31.1667,210
hourly,validation,gru_seq24_h64_l2_d0p2_lr0p001_bs64,14,0.4419,0.6192,48.8399,37.9736,35.3191,210
hourly,validation,gru_seq24_h64_l2_d0p2_lr0p001_bs64,15,0.4476,0.6515,46.8592,38.3776,37.5945,209
hourly,validation,gru_seq24_h64_l2_d0p2_lr0p001_bs64,16,0.3942,0.5612,41.302,35.4868,33.7329,209
hourly,validation,gru_seq24_h64_l2_d0p2_lr0p001_bs64,17,0.4639,0.6721,44.227,36.425,34.8673,209
hourly,validation,gru_seq24_h64_l2_d0p2_lr0p001_bs64,18,0.5329,0.6961,46.6849,36.3448,32.5396,209
hourly,validation,gru_seq24_h64_l2_d0p2_lr0p001_bs64,19,0.629,0.7756,39.3671,32.9991,30.2391,209
hourly,validation,gru_seq24_h64_l2_d0p2_lr0p001_bs64,20,0.6311,0.7777,41.6155,31.1615,27.7154,209
hourly,validation,gru_seq24_h64_l2_d0p2_lr0p001_bs64,21,0.4971,0.6379,34.4451,27.4855,24.251,209
hourly,validation,gru_seq24_h64_l2_d0p2_lr0p001_bs64,22,0.4538,0.5701,39.8995,33.6796,30.0159,209
hourly,validation,gru_seq24_h64_l2_d0p2_lr0p001_bs64,23,0.3588,0.486,48.6423,39.2578,40.2533,209
summary,test,gru_seq24_h64_l2_d0p2_lr0p001_bs64,,0.3411,0.4856,46.3892,36.6904,35.5585,5025
hourly,test,gru_seq24_h64_l2_d0p2_lr0p001_bs64,0,0.2455,0.4079,34.8848,33.446,37.2175,209
hourly,test,gru_seq24_h64_l2_d0p2_lr0p001_bs64,1,0.1934,0.3263,27.4554,30.143,34.0346,209
hourly,test,gru_seq24_h64_l2_d0p2_lr0p001_bs64,2,0.1672,0.2722,27.4795,28.2807,31.7012,209
hourly,test,gru_seq24_h64_l2_d0p2_lr0p001_bs64,3,0.1516,0.2431,31.1676,28.6814,32.5865,209
hourly,test,gru_seq24_h64_l2_d0p2_lr0p001_bs64,4,0.172,0.2584,35.7735,32.8781,37.1511,209
hourly,test,gru_seq24_h64_l2_d0p2_lr0p001_bs64,5,0.1749,0.2584,40.5095,34.0689,38.9001,209
hourly,test,gru_seq24_h64_l2_d0p2_lr0p001_bs64,6,0.2444,0.3043,48.5436,37.6215,37.4775,209
hourly,test,gru_seq24_h64_l2_d0p2_lr0p001_bs64,7,0.4602,0.5581,59.9494,41.9933,34.9514,209
hourly,test,gru_seq24_h64_l2_d0p2_lr0p001_bs64,8,0.3592,0.4501,45.5235,33.1132,28.6141,209
hourly,test,gru_seq24_h64_l2_d0p2_lr0p001_bs64,9,0.3605,0.4819,47.7059,34.5811,30.0646,209
hourly,test,gru_seq24_h64_l2_d0p2_lr0p001_bs64,10,0.4028,0.5355,56.4506,39.69,35.3447,209
hourly,test,gru_seq24_h64_l2_d0p2_lr0p001_bs64,11,0.3801,0.5287,51.0319,37.6517,33.3675,209
hourly,test,gru_seq24_h64_l2_d0p2_lr0p001_bs64,12,0.4161,0.5841,51.3057,39.1208,37.5248,209
hourly,test,gru_seq24_h64_l2_d0p2_lr0p001_bs64,13,0.3579,0.4665,44.9618,36.653,34.1502,209
hourly,test,gru_seq24_h64_l2_d0p2_lr0p001_bs64,14,0.38,0.5112,52.0733,40.9794,38.5915,209
hourly,test,gru_seq24_h64_l2_d0p2_lr0p001_bs64,15,0.35,0.4952,46.0845,37.9202,38.602,210
hourly,test,gru_seq24_h64_l2_d0p2_lr0p001_bs64,16,0.325,0.4313,51.338,39.7944,39.6229,210
hourly,test,gru_seq24_h64_l2_d0p2_lr0p001_bs64,17,0.3606,0.5096,51.509,41.0771,40.8013,210
hourly,test,gru_seq24_h64_l2_d0p2_lr0p001_bs64,18,0.4513,0.6473,57.2155,42.7189,42.1437,210
hourly,test,gru_seq24_h64_l2_d0p2_lr0p001_bs64,19,0.4739,0.6193,60.1632,40.441,36.436,210
hourly,test,gru_seq24_h64_l2_d0p2_lr0p001_bs64,20,0.4819,0.6261,55.5372,36.9359,32.6894,210
hourly,test,gru_seq24_h64_l2_d0p2_lr0p001_bs64,21,0.516,0.6617,50.2837,38.2217,33.9342,210
hourly,test,gru_seq24_h64_l2_d0p2_lr0p001_bs64,22,0.4131,0.5526,42.027,35.1785,34.1052,210
hourly,test,gru_seq24_h64_l2_d0p2_lr0p001_bs64,23,0.3456,0.5122,44.1718,39.2779,40.6343,210
summary,validation,gru_seq24_h64_l2_d0p2_lr0p0005_bs64,,0.3736,0.5385,38.4297,31.7103,29.936,5024
hourly,validation,gru_seq24_h64_l2_d0p2_lr0p0005_bs64,0,0.2119,0.3202,35.3083,30.618,33.5078,209
hourly,validation,gru_seq24_h64_l2_d0p2_lr0p0005_bs64,1,0.1721,0.2921,29.908,27.3049,32.3803,209
hourly,validation,gru_seq24_h64_l2_d0p2_lr0p0005_bs64,2,0.1433,0.2391,27.1059,25.0952,29.8951,209
hourly,validation,gru_seq24_h64_l2_d0p2_lr0p0005_bs64,3,0.1295,0.2184,27.9488,24.7128,29.9004,209
hourly,validation,gru_seq24_h64_l2_d0p2_lr0p0005_bs64,4,0.124,0.2049,27.3727,25.7297,30.0994,209
hourly,validation,gru_seq24_h64_l2_d0p2_lr0p0005_bs64,5,0.1663,0.2254,37.2105,34.0757,37.887,209
hourly,validation,gru_seq24_h64_l2_d0p2_lr0p0005_bs64,6,0.2993,0.3889,44.9063,35.6966,36.2688,209
hourly,validation,gru_seq24_h64_l2_d0p2_lr0p0005_bs64,7,0.5118,0.6314,46.7719,35.5162,28.9048,210
hourly,validation,gru_seq24_h64_l2_d0p2_lr0p0005_bs64,8,0.3728,0.4906,31.5311,25.9731,22.6117,210
hourly,validation,gru_seq24_h64_l2_d0p2_lr0p0005_bs64,9,0.3393,0.4503,29.9214,24.3928,21.8759,210
hourly,validation,gru_seq24_h64_l2_d0p2_lr0p0005_bs64,10,0.3597,0.4876,29.3034,25.4349,23.7971,210
hourly,validation,gru_seq24_h64_l2_d0p2_lr0p0005_bs64,11,0.428,0.6342,38.48,30.9704,28.3468,210
hourly,validation,gru_seq24_h64_l2_d0p2_lr0p0005_bs64,12,0.4319,0.6238,41.0851,32.0987,29.6463,210
hourly,validation,gru_seq24_h64_l2_d0p2_lr0p0005_bs64,13,0.4223,0.5688,44.007,35.5649,31.1625,210
hourly,validation,gru_seq24_h64_l2_d0p2_lr0p0005_bs64,14,0.4286,0.6159,46.5746,36.4766,34.2538,210
hourly,validation,gru_seq24_h64_l2_d0p2_lr0p0005_bs64,15,0.4329,0.6402,46.2388,37.3966,36.3634,209
hourly,validation,gru_seq24_h64_l2_d0p2_lr0p0005_bs64,16,0.3876,0.5561,41.4093,35.0593,33.1679,209
hourly,validation,gru_seq24_h64_l2_d0p2_lr0p0005_bs64,17,0.4765,0.6785,46.3929,37.5458,35.8147,209
hourly,validation,gru_seq24_h64_l2_d0p2_lr0p0005_bs64,18,0.5368,0.6912,48.098,36.7642,32.7786,209
hourly,validation,gru_seq24_h64_l2_d0p2_lr0p0005_bs64,19,0.6389,0.7819,39.4253,33.4027,30.7132,209
hourly,validation,gru_seq24_h64_l2_d0p2_lr0p0005_bs64,20,0.6296,0.776,39.8496,31.2578,27.6529,209
hourly,validation,gru_seq24_h64_l2_d0p2_lr0p0005_bs64,21,0.5044,0.6427,34.0785,27.5085,24.6075,209
hourly,validation,gru_seq24_h64_l2_d0p2_lr0p0005_bs64,22,0.4629,0.5806,40.3296,34.2023,30.6163,209
hourly,validation,gru_seq24_h64_l2_d0p2_lr0p0005_bs64,23,0.3554,0.4758,49.0552,38.2847,39.8715,209
summary,test,gru_seq24_h64_l2_d0p2_lr0p0005_bs64,,0.3283,0.4815,41.1737,34.7428,34.2212,5025
hourly,test,gru_seq24_h64_l2_d0p2_lr0p0005_bs64,0,0.2451,0.4125,33.8613,33.2535,37.1536,209
hourly,test,gru_seq24_h64_l2_d0p2_lr0p0005_bs64,1,0.1986,0.3315,29.0976,31.6305,34.9572,209
hourly,test,gru_seq24_h64_l2_d0p2_lr0p0005_bs64,2,0.1672,0.2755,26.5395,28.9478,31.711,209
hourly,test,gru_seq24_h64_l2_d0p2_lr0p0005_bs64,3,0.1319,0.2391,23.9914,24.442,28.3498,209
hourly,test,gru_seq24_h64_l2_d0p2_lr0p0005_bs64,4,0.1559,0.2526,29.7992,29.986,33.671,209
hourly,test,gru_seq24_h64_l2_d0p2_lr0p0005_bs64,5,0.1519,0.2492,31.8052,29.3688,33.7697,209
hourly,test,gru_seq24_h64_l2_d0p2_lr0p0005_bs64,6,0.225,0.2931,40.4879,33.9911,34.5133,209
hourly,test,gru_seq24_h64_l2_d0p2_lr0p0005_bs64,7,0.4496,0.5682,52.4754,39.1007,34.1439,209
hourly,test,gru_seq24_h64_l2_d0p2_lr0p0005_bs64,8,0.3098,0.415,36.5624,27.9729,24.6794,209
hourly,test,gru_seq24_h64_l2_d0p2_lr0p0005_bs64,9,0.3463,0.474,41.5584,32.2813,28.8795,209
hourly,test,gru_seq24_h64_l2_d0p2_lr0p0005_bs64,10,0.3873,0.5312,48.6506,37.2864,33.9875,209
hourly,test,gru_seq24_h64_l2_d0p2_lr0p0005_bs64,11,0.3813,0.5349,44.7138,36.4529,33.4737,209
hourly,test,gru_seq24_h64_l2_d0p2_lr0p0005_bs64,12,0.4092,0.5819,45.593,38.5714,36.9048,209
hourly,test,gru_seq24_h64_l2_d0p2_lr0p0005_bs64,13,0.3495,0.4676,40.2042,35.3976,33.3497,209
hourly,test,gru_seq24_h64_l2_d0p2_lr0p0005_bs64,14,0.3738,0.5178,47.655,39.5575,37.9591,209
hourly,test,gru_seq24_h64_l2_d0p2_lr0p0005_bs64,15,0.3258,0.47,41.7176,35.9461,35.9312,210
hourly,test,gru_seq24_h64_l2_d0p2_lr0p0005_bs64,16,0.3125,0.4262,47.1291,38.0807,38.1001,210
hourly,test,gru_seq24_h64_l2_d0p2_lr0p0005_bs64,17,0.3579,0.5077,47.7857,39.8995,40.4984,210
hourly,test,gru_seq24_h64_l2_d0p2_lr0p0005_bs64,18,0.4299,0.6344,50.713,40.5785,40.1384,210
hourly,test,gru_seq24_h64_l2_d0p2_lr0p0005_bs64,19,0.4483,0.6169,51.7274,37.7451,34.4712,210
hourly,test,gru_seq24_h64_l2_d0p2_lr0p0005_bs64,20,0.4549,0.6037,48.5252,34.3488,30.859,210
hourly,test,gru_seq24_h64_l2_d0p2_lr0p0005_bs64,21,0.5074,0.6596,46.3195,36.4338,33.3659,210
hourly,test,gru_seq24_h64_l2_d0p2_lr0p0005_bs64,22,0.4142,0.5497,40.5925,34.8126,34.1941,210
hourly,test,gru_seq24_h64_l2_d0p2_lr0p0005_bs64,23,0.3421,0.5256,40.4507,37.6316,40.2179,210
summary,validation,gru_seq24_h64_l2_d0p3_lr0p001_bs64,,0.3779,0.5406,39.6282,32.3997,30.2757,5024
hourly,validation,gru_seq24_h64_l2_d0p3_lr0p001_bs64,0,0.2245,0.3363,34.4759,33.3486,35.4998,209
hourly,validation,gru_seq24_h64_l2_d0p3_lr0p001_bs64,1,0.1753,0.3039,27.9481,27.3679,32.986,209
hourly,validation,gru_seq24_h64_l2_d0p3_lr0p001_bs64,2,0.1459,0.239,27.9583,25.7941,30.4474,209
hourly,validation,gru_seq24_h64_l2_d0p3_lr0p001_bs64,3,0.1412,0.2127,32.0353,27.5662,32.6124,209
hourly,validation,gru_seq24_h64_l2_d0p3_lr0p001_bs64,4,0.1336,0.2083,30.6904,27.6484,32.4211,209
hourly,validation,gru_seq24_h64_l2_d0p3_lr0p001_bs64,5,0.176,0.2278,41.8908,36.0993,40.1045,209
hourly,validation,gru_seq24_h64_l2_d0p3_lr0p001_bs64,6,0.3143,0.3984,46.0861,38.3985,38.0931,209
hourly,validation,gru_seq24_h64_l2_d0p3_lr0p001_bs64,7,0.5186,0.6323,48.7963,36.6832,29.29,210
hourly,validation,gru_seq24_h64_l2_d0p3_lr0p001_bs64,8,0.4118,0.5125,35.8278,27.6684,24.9767,210
hourly,validation,gru_seq24_h64_l2_d0p3_lr0p001_bs64,9,0.3498,0.4688,33.1231,24.5918,22.5525,210
hourly,validation,gru_seq24_h64_l2_d0p3_lr0p001_bs64,10,0.3497,0.4775,31.142,24.4607,23.1342,210
hourly,validation,gru_seq24_h64_l2_d0p3_lr0p001_bs64,11,0.419,0.6244,41.2659,30.1643,27.7498,210
hourly,validation,gru_seq24_h64_l2_d0p3_lr0p001_bs64,12,0.4312,0.6143,44.25,32.5879,29.6012,210
hourly,validation,gru_seq24_h64_l2_d0p3_lr0p001_bs64,13,0.4221,0.569,45.7868,35.8806,31.1459,210
hourly,validation,gru_seq24_h64_l2_d0p3_lr0p001_bs64,14,0.4411,0.62,48.5667,37.9524,35.2533,210
hourly,validation,gru_seq24_h64_l2_d0p3_lr0p001_bs64,15,0.4473,0.6508,47.1036,38.4787,37.5687,209
hourly,validation,gru_seq24_h64_l2_d0p3_lr0p001_bs64,16,0.3962,0.5619,42.0216,35.8375,33.9101,209
hourly,validation,gru_seq24_h64_l2_d0p3_lr0p001_bs64,17,0.4649,0.674,44.2687,36.4352,34.939,209
hourly,validation,gru_seq24_h64_l2_d0p3_lr0p001_bs64,18,0.5363,0.6981,46.3964,36.4065,32.7503,209
hourly,validation,gru_seq24_h64_l2_d0p3_lr0p001_bs64,19,0.6276,0.7767,39.2039,32.9387,30.1691,209
hourly,validation,gru_seq24_h64_l2_d0p3_lr0p001_bs64,20,0.6273,0.7739,40.9289,30.9751,27.5526,209
hourly,validation,gru_seq24_h64_l2_d0p3_lr0p001_bs64,21,0.5002,0.6426,34.0563,27.5727,24.4055,209
hourly,validation,gru_seq24_h64_l2_d0p3_lr0p001_bs64,22,0.4557,0.5755,39.6867,33.7137,30.1425,209
hourly,validation,gru_seq24_h64_l2_d0p3_lr0p001_bs64,23,0.3576,0.4885,47.5103,39.066,40.1226,209
summary,test,gru_seq24_h64_l2_d0p3_lr0p001_bs64,,0.3413,0.487,45.9521,36.6669,35.5772,5025
hourly,test,gru_seq24_h64_l2_d0p3_lr0p001_bs64,0,0.2459,0.4104,34.1782,33.5304,37.2753,209
hourly,test,gru_seq24_h64_l2_d0p3_lr0p001_bs64,1,0.1943,0.3309,27.1427,30.2203,34.2041,209
hourly,test,gru_seq24_h64_l2_d0p3_lr0p001_bs64,2,0.167,0.2746,27.0648,28.1722,31.6743,209
hourly,test,gru_seq24_h64_l2_d0p3_lr0p001_bs64,3,0.1496,0.2428,30.4078,28.1972,32.1519,209
hourly,test,gru_seq24_h64_l2_d0p3_lr0p001_bs64,4,0.1721,0.2575,36.0281,33.0228,37.187,209
hourly,test,gru_seq24_h64_l2_d0p3_lr0p001_bs64,5,0.1784,0.2601,41.784,34.8879,39.6789,209
hourly,test,gru_seq24_h64_l2_d0p3_lr0p001_bs64,6,0.242,0.3012,47.6929,37.5112,37.1084,209
hourly,test,gru_seq24_h64_l2_d0p3_lr0p001_bs64,7,0.4606,0.56,58.412,41.9664,34.9816,209
hourly,test,gru_seq24_h64_l2_d0p3_lr0p001_bs64,8,0.3594,0.4502,45.0908,32.9101,28.6309,209
hourly,test,gru_seq24_h64_l2_d0p3_lr0p001_bs64,9,0.3603,0.4852,47.6246,34.4043,30.0493,209
hourly,test,gru_seq24_h64_l2_d0p3_lr0p001_bs64,10,0.4032,0.5367,55.9061,39.5822,35.3799,209
hourly,test,gru_seq24_h64_l2_d0p3_lr0p001_bs64,11,0.3806,0.5287,50.3509,37.6518,33.4122,209
hourly,test,gru_seq24_h64_l2_d0p3_lr0p001_bs64,12,0.4161,0.5851,50.4236,39.0384,37.5331,209
hourly,test,gru_seq24_h64_l2_d0p3_lr0p001_bs64,13,0.3561,0.4662,44.1733,36.4943,33.9821,209
hourly,test,gru_seq24_h64_l2_d0p3_lr0p001_bs64,14,0.3793,0.512,51.3823,40.8516,38.5231,209
hourly,test,gru_seq24_h64_l2_d0p3_lr0p001_bs64,15,0.3477,0.4938,45.5707,37.7295,38.3497,210
hourly,test,gru_seq24_h64_l2_d0p3_lr0p001_bs64,16,0.324,0.4312,51.266,39.7107,39.5066,210
hourly,test,gru_seq24_h64_l2_d0p3_lr0p001_bs64,17,0.3612,0.5101,51.4405,41.1663,40.8707,210
hourly,test,gru_seq24_h64_l2_d0p3_lr0p001_bs64,18,0.4534,0.6505,57.1357,42.8996,42.3387,210
hourly,test,gru_seq24_h64_l2_d0p3_lr0p001_bs64,19,0.4792,0.6246,60.3834,40.7395,36.8461,210
hourly,test,gru_seq24_h64_l2_d0p3_lr0p001_bs64,20,0.4797,0.624,54.726,36.7667,32.5414,210
hourly,test,gru_seq24_h64_l2_d0p3_lr0p001_bs64,21,0.5175,0.6656,49.6556,38.2443,34.035,210
hourly,test,gru_seq24_h64_l2_d0p3_lr0p001_bs64,22,0.4137,0.5559,41.4148,35.0205,34.1533,210
hourly,test,gru_seq24_h64_l2_d0p3_lr0p001_bs64,23,0.3458,0.5156,43.398,39.1849,40.6493,210
summary,validation,gru_seq24_h64_l2_d0p3_lr0p0005_bs64,,0.3758,0.5391,39.5291,32.0842,30.1132,5024
hourly,validation,gru_seq24_h64_l2_d0p3_lr0p0005_bs64,0,0.2271,0.3294,38.6695,33.1254,35.9096,209
hourly,validation,gru_seq24_h64_l2_d0p3_lr0p0005_bs64,1,0.1753,0.2965,29.0438,27.7499,32.9726,209
hourly,validation,gru_seq24_h64_l2_d0p3_lr0p0005_bs64,2,0.1432,0.238,26.3596,25.3271,29.8637,209
hourly,validation,gru_seq24_h64_l2_d0p3_lr0p0005_bs64,3,0.1277,0.2098,27.0289,24.4421,29.5015,209
hourly,validation,gru_seq24_h64_l2_d0p3_lr0p0005_bs64,4,0.1215,0.1993,26.5411,25.2365,29.5034,209
hourly,validation,gru_seq24_h64_l2_d0p3_lr0p0005_bs64,5,0.1794,0.2308,43.2036,36.71,40.861,209
hourly,validation,gru_seq24_h64_l2_d0p3_lr0p0005_bs64,6,0.3242,0.4242,49.8905,37.1814,39.2933,209
hourly,validation,gru_seq24_h64_l2_d0p3_lr0p0005_bs64,7,0.4959,0.6097,48.0297,34.6826,28.0087,210
hourly,validation,gru_seq24_h64_l2_d0p3_lr0p0005_bs64,8,0.3902,0.4991,34.4156,26.8456,23.6661,210
hourly,validation,gru_seq24_h64_l2_d0p3_lr0p0005_bs64,9,0.349,0.4657,33.046,24.779,22.5,210
hourly,validation,gru_seq24_h64_l2_d0p3_lr0p0005_bs64,10,0.3512,0.4774,30.4105,24.6109,23.2339,210
hourly,validation,gru_seq24_h64_l2_d0p3_lr0p0005_bs64,11,0.4293,0.6278,39.9791,30.9594,28.4339,210
hourly,validation,gru_seq24_h64_l2_d0p3_lr0p0005_bs64,12,0.4347,0.6201,42.1092,32.5398,29.8438,210
hourly,validation,gru_seq24_h64_l2_d0p3_lr0p0005_bs64,13,0.4224,0.5694,43.8798,35.834,31.1682,210
hourly,validation,gru_seq24_h64_l2_d0p3_lr0p0005_bs64,14,0.4396,0.6212,47.0346,37.7035,35.1376,210
hourly,validation,gru_seq24_h64_l2_d0p3_lr0p0005_bs64,15,0.4438,0.648,45.8039,38.3449,37.2795,209
hourly,validation,gru_seq24_h64_l2_d0p3_lr0p0005_bs64,16,0.3977,0.5667,41.5434,36.143,34.0392,209
hourly,validation,gru_seq24_h64_l2_d0p3_lr0p0005_bs64,17,0.4741,0.689,44.209,37.1256,35.6319,209
hourly,validation,gru_seq24_h64_l2_d0p3_lr0p0005_bs64,18,0.5234,0.6927,44.3215,35.4122,31.9626,209
hourly,validation,gru_seq24_h64_l2_d0p3_lr0p0005_bs64,19,0.6205,0.77,37.9241,32.4408,29.8305,209
hourly,validation,gru_seq24_h64_l2_d0p3_lr0p0005_bs64,20,0.6256,0.7731,40.8356,30.9682,27.4743,209
hourly,validation,gru_seq24_h64_l2_d0p3_lr0p0005_bs64,21,0.4942,0.6325,34.7262,27.0982,24.113,209
hourly,validation,gru_seq24_h64_l2_d0p3_lr0p0005_bs64,22,0.4531,0.5655,43.125,33.6479,29.9677,209
hourly,validation,gru_seq24_h64_l2_d0p3_lr0p0005_bs64,23,0.3755,0.4931,56.5542,41.1554,42.1279,209
summary,test,gru_seq24_h64_l2_d0p3_lr0p0005_bs64,,0.3337,0.484,42.6246,35.34,34.7912,5025
hourly,test,gru_seq24_h64_l2_d0p3_lr0p0005_bs64,0,0.2448,0.3973,36.4255,33.3708,37.1156,209
hourly,test,gru_seq24_h64_l2_d0p3_lr0p0005_bs64,1,0.1961,0.3247,28.7457,30.7409,34.509,209
hourly,test,gru_seq24_h64_l2_d0p3_lr0p0005_bs64,2,0.1698,0.2821,27.1479,29.0928,32.2041,209
hourly,test,gru_seq24_h64_l2_d0p3_lr0p0005_bs64,3,0.1381,0.2401,25.7979,25.5135,29.6795,209
hourly,test,gru_seq24_h64_l2_d0p3_lr0p0005_bs64,4,0.157,0.2532,30.2434,30.0685,33.913,209
hourly,test,gru_seq24_h64_l2_d0p3_lr0p0005_bs64,5,0.1702,0.2648,37.7469,32.7547,37.8481,209
hourly,test,gru_seq24_h64_l2_d0p3_lr0p0005_bs64,6,0.2524,0.3205,46.513,36.4395,38.7098,209
hourly,test,gru_seq24_h64_l2_d0p3_lr0p0005_bs64,7,0.44,0.5502,55.0801,39.2242,33.4146,209
hourly,test,gru_seq24_h64_l2_d0p3_lr0p0005_bs64,8,0.3247,0.428,38.6733,28.865,25.8694,209
hourly,test,gru_seq24_h64_l2_d0p3_lr0p0005_bs64,9,0.3513,0.4829,44.3029,32.6993,29.2981,209
hourly,test,gru_seq24_h64_l2_d0p3_lr0p0005_bs64,10,0.3959,0.5372,52.1942,38.3932,34.7448,209
hourly,test,gru_seq24_h64_l2_d0p3_lr0p0005_bs64,11,0.3855,0.5347,46.3536,37.2028,33.8385,209
hourly,test,gru_seq24_h64_l2_d0p3_lr0p0005_bs64,12,0.4129,0.5825,45.7693,38.62,37.2396,209
hourly,test,gru_seq24_h64_l2_d0p3_lr0p0005_bs64,13,0.3511,0.4667,40.2967,35.9705,33.5072,209
hourly,test,gru_seq24_h64_l2_d0p3_lr0p0005_bs64,14,0.3728,0.5148,46.1938,39.4986,37.8568,209
hourly,test,gru_seq24_h64_l2_d0p3_lr0p0005_bs64,15,0.332,0.4842,40.5524,36.0651,36.6131,210
hourly,test,gru_seq24_h64_l2_d0p3_lr0p0005_bs64,16,0.3093,0.4215,45.0062,37.8837,37.7109,210
hourly,test,gru_seq24_h64_l2_d0p3_lr0p0005_bs64,17,0.347,0.5049,44.6945,38.9605,39.2653,210
hourly,test,gru_seq24_h64_l2_d0p3_lr0p0005_bs64,18,0.4207,0.6331,47.452,39.4861,39.2827,210
hourly,test,gru_seq24_h64_l2_d0p3_lr0p0005_bs64,19,0.4615,0.6201,52.2686,38.57,35.4856,210
hourly,test,gru_seq24_h64_l2_d0p3_lr0p0005_bs64,20,0.4696,0.6141,50.2817,35.3245,31.8583,210
hourly,test,gru_seq24_h64_l2_d0p3_lr0p0005_bs64,21,0.5127,0.6659,48.174,37.2383,33.7179,210
hourly,test,gru_seq24_h64_l2_d0p3_lr0p0005_bs64,22,0.4267,0.5635,44.1452,35.5262,35.2281,210
hourly,test,gru_seq24_h64_l2_d0p3_lr0p0005_bs64,23,0.3643,0.524,48.7506,40.5474,42.8257,210
summary,validation,gru_seq24_h128_l1_d0p0_lr0p001_bs64,,0.3745,0.5402,38.1674,31.9765,30.0047,5024
hourly,validation,gru_seq24_h128_l1_d0p0_lr0p001_bs64,0,0.2201,0.3153,39.0092,33.2252,34.8024,209
hourly,validation,gru_seq24_h128_l1_d0p0_lr0p001_bs64,1,0.1756,0.2903,30.8378,29.4859,33.0305,209
hourly,validation,gru_seq24_h128_l1_d0p0_lr0p001_bs64,2,0.1493,0.2428,28.9413,26.9009,31.1396,209
hourly,validation,gru_seq24_h128_l1_d0p0_lr0p001_bs64,3,0.1325,0.2189,28.7205,25.9084,30.6094,209
hourly,validation,gru_seq24_h128_l1_d0p0_lr0p001_bs64,4,0.1246,0.2097,27.3079,26.1209,30.2483,209
hourly,validation,gru_seq24_h128_l1_d0p0_lr0p001_bs64,5,0.149,0.2228,31.518,30.2421,33.9538,209
hourly,validation,gru_seq24_h128_l1_d0p0_lr0p001_bs64,6,0.3157,0.4097,44.8504,36.5485,38.2625,209
hourly,validation,gru_seq24_h128_l1_d0p0_lr0p001_bs64,7,0.5095,0.6305,45.8713,34.7235,28.7727,210
hourly,validation,gru_seq24_h128_l1_d0p0_lr0p001_bs64,8,0.3814,0.493,33.7163,26.6193,23.1347,210
hourly,validation,gru_seq24_h128_l1_d0p0_lr0p001_bs64,9,0.3446,0.4583,30.0673,24.7721,22.217,210
hourly,validation,gru_seq24_h128_l1_d0p0_lr0p001_bs64,10,0.3599,0.4875,29.2024,25.3641,23.8101,210
hourly,validation,gru_seq24_h128_l1_d0p0_lr0p001_bs64,11,0.4272,0.6329,38.4205,30.8258,28.2945,210
hourly,validation,gru_seq24_h128_l1_d0p0_lr0p001_bs64,12,0.4321,0.6218,41.0463,32.2109,29.6618,210
hourly,validation,gru_seq24_h128_l1_d0p0_lr0p001_bs64,13,0.4272,0.5698,44.8426,36.7762,31.5191,210
hourly,validation,gru_seq24_h128_l1_d0p0_lr0p001_bs64,14,0.4277,0.6122,46.9606,36.3127,34.1857,210
hourly,validation,gru_seq24_h128_l1_d0p0_lr0p001_bs64,15,0.4338,0.643,45.6258,37.6469,36.4366,209
hourly,validation,gru_seq24_h128_l1_d0p0_lr0p001_bs64,16,0.3749,0.547,37.7217,33.5001,32.081,209
hourly,validation,gru_seq24_h128_l1_d0p0_lr0p001_bs64,17,0.4546,0.6645,40.9753,35.569,34.1686,209
hourly,validation,gru_seq24_h128_l1_d0p0_lr0p001_bs64,18,0.5304,0.6976,44.7352,35.9418,32.3897,209
hourly,validation,gru_seq24_h128_l1_d0p0_lr0p001_bs64,19,0.6485,0.804,39.2423,34.262,31.1767,209
hourly,validation,gru_seq24_h128_l1_d0p0_lr0p001_bs64,20,0.6092,0.7716,38.5446,30.5301,26.7552,209
hourly,validation,gru_seq24_h128_l1_d0p0_lr0p001_bs64,21,0.5158,0.6475,34.4193,28.3845,25.1662,209
hourly,validation,gru_seq24_h128_l1_d0p0_lr0p001_bs64,22,0.4796,0.5952,41.3061,35.582,31.7176,209
hourly,validation,gru_seq24_h128_l1_d0p0_lr0p001_bs64,23,0.3631,0.4691,52.1115,40.0216,40.7315,209
summary,test,gru_seq24_h128_l1_d0p0_lr0p001_bs64,,0.3319,0.4812,42.5701,35.5542,34.5958,5025
hourly,test,gru_seq24_h128_l1_d0p0_lr0p001_bs64,0,0.2432,0.3886,36.6364,33.6701,36.864,209
hourly,test,gru_seq24_h128_l1_d0p0_lr0p001_bs64,1,0.1999,0.321,30.6919,32.8393,35.1931,209
hourly,test,gru_seq24_h128_l1_d0p0_lr0p001_bs64,2,0.1748,0.2831,29.1214,29.9054,33.1384,209
hourly,test,gru_seq24_h128_l1_d0p0_lr0p001_bs64,3,0.1492,0.2553,27.987,27.6774,32.0598,209
hourly,test,gru_seq24_h128_l1_d0p0_lr0p001_bs64,4,0.1554,0.256,29.769,29.5573,33.5763,209
hourly,test,gru_seq24_h128_l1_d0p0_lr0p001_bs64,5,0.155,0.2527,32.7376,29.8184,34.4725,209
hourly,test,gru_seq24_h128_l1_d0p0_lr0p001_bs64,6,0.238,0.2993,43.2363,34.5118,36.5016,209
hourly,test,gru_seq24_h128_l1_d0p0_lr0p001_bs64,7,0.4299,0.5345,51.937,38.0187,32.6524,209
hourly,test,gru_seq24_h128_l1_d0p0_lr0p001_bs64,8,0.3238,0.4349,39.3256,29.4462,25.7964,209
hourly,test,gru_seq24_h128_l1_d0p0_lr0p001_bs64,9,0.3427,0.4661,39.7114,32.1114,28.5766,209
hourly,test,gru_seq24_h128_l1_d0p0_lr0p001_bs64,10,0.3854,0.5293,47.4366,37.0632,33.8215,209
hourly,test,gru_seq24_h128_l1_d0p0_lr0p001_bs64,11,0.381,0.5319,44.0565,36.6001,33.443,209
hourly,test,gru_seq24_h128_l1_d0p0_lr0p001_bs64,12,0.4144,0.5818,45.7515,39.4592,37.3796,209
hourly,test,gru_seq24_h128_l1_d0p0_lr0p001_bs64,13,0.3457,0.4579,39.7053,35.4625,32.9898,209
hourly,test,gru_seq24_h128_l1_d0p0_lr0p001_bs64,14,0.3753,0.514,48.5496,39.9371,38.1117,209
hourly,test,gru_seq24_h128_l1_d0p0_lr0p001_bs64,15,0.3284,0.4697,42.8578,36.3027,36.2172,210
hourly,test,gru_seq24_h128_l1_d0p0_lr0p001_bs64,16,0.3176,0.4215,49.4877,39.468,38.7171,210
hourly,test,gru_seq24_h128_l1_d0p0_lr0p001_bs64,17,0.3583,0.5054,48.0045,40.4991,40.5438,210
hourly,test,gru_seq24_h128_l1_d0p0_lr0p001_bs64,18,0.439,0.6463,51.8768,41.4713,40.9958,210
hourly,test,gru_seq24_h128_l1_d0p0_lr0p001_bs64,19,0.4492,0.6213,52.9799,39.0125,34.535,210
hourly,test,gru_seq24_h128_l1_d0p0_lr0p001_bs64,20,0.4466,0.5844,49.8639,35.2606,30.2954,210
hourly,test,gru_seq24_h128_l1_d0p0_lr0p001_bs64,21,0.5384,0.6936,51.8117,39.6259,35.4094,210
hourly,test,gru_seq24_h128_l1_d0p0_lr0p001_bs64,22,0.4286,0.5674,44.2608,36.5962,35.3871,210
hourly,test,gru_seq24_h128_l1_d0p0_lr0p001_bs64,23,0.3415,0.5163,43.6387,38.8566,40.153,210
summary,validation,gru_seq24_h128_l1_d0p0_lr0p0005_bs64,,0.3746,0.5407,38.6344,32.0028,30.0101,5024
hourly,validation,gru_seq24_h128_l1_d0p0_lr0p0005_bs64,0,0.2343,0.3247,44.7232,35.5661,37.051,209
hourly,validation,gru_seq24_h128_l1_d0p0_lr0p0005_bs64,1,0.1773,0.2843,33.7644,29.2886,33.3619,209
hourly,validation,gru_seq24_h128_l1_d0p0_lr0p0005_bs64,2,0.1511,0.2444,30.0029,26.7893,31.5237,209
hourly,validation,gru_seq24_h128_l1_d0p0_lr0p0005_bs64,3,0.1323,0.2181,28.8718,25.7493,30.562,209
hourly,validation,gru_seq24_h128_l1_d0p0_lr0p0005_bs64,4,0.1245,0.2115,27.074,25.8591,30.2147,209
hourly,validation,gru_seq24_h128_l1_d0p0_lr0p0005_bs64,5,0.1615,0.2289,35.6958,33.1353,36.7899,209
hourly,validation,gru_seq24_h128_l1_d0p0_lr0p0005_bs64,6,0.2888,0.3836,41.094,33.862,34.9979,209
hourly,validation,gru_seq24_h128_l1_d0p0_lr0p0005_bs64,7,0.4927,0.6283,41.378,32.828,27.8249,210
hourly,validation,gru_seq24_h128_l1_d0p0_lr0p0005_bs64,8,0.3931,0.5085,32.3236,27.3691,23.8408,210
hourly,validation,gru_seq24_h128_l1_d0p0_lr0p0005_bs64,9,0.3343,0.4521,29.6905,24.009,21.5522,210
hourly,validation,gru_seq24_h128_l1_d0p0_lr0p0005_bs64,10,0.3596,0.4906,29.258,25.4048,23.7893,210
hourly,validation,gru_seq24_h128_l1_d0p0_lr0p0005_bs64,11,0.428,0.6347,38.961,30.9397,28.3464,210
hourly,validation,gru_seq24_h128_l1_d0p0_lr0p0005_bs64,12,0.4323,0.617,41.4425,32.1988,29.6802,210
hourly,validation,gru_seq24_h128_l1_d0p0_lr0p0005_bs64,13,0.4228,0.5644,44.1892,36.2663,31.1973,210
hourly,validation,gru_seq24_h128_l1_d0p0_lr0p0005_bs64,14,0.4292,0.6195,46.1422,36.6632,34.3019,210
hourly,validation,gru_seq24_h128_l1_d0p0_lr0p0005_bs64,15,0.4349,0.6458,45.0824,37.6951,36.5296,209
hourly,validation,gru_seq24_h128_l1_d0p0_lr0p0005_bs64,16,0.3791,0.5552,38.0406,33.6415,32.442,209
hourly,validation,gru_seq24_h128_l1_d0p0_lr0p0005_bs64,17,0.4626,0.6763,40.7926,35.7258,34.7667,209
hourly,validation,gru_seq24_h128_l1_d0p0_lr0p0005_bs64,18,0.5398,0.7066,44.1233,36.6509,32.9659,209
hourly,validation,gru_seq24_h128_l1_d0p0_lr0p0005_bs64,19,0.6527,0.8107,38.5849,34.4012,31.3753,209
hourly,validation,gru_seq24_h128_l1_d0p0_lr0p0005_bs64,20,0.6164,0.7667,38.8782,30.6837,27.0728,209
hourly,validation,gru_seq24_h128_l1_d0p0_lr0p0005_bs64,21,0.5005,0.6344,35.237,27.2377,24.4163,209
hourly,validation,gru_seq24_h128_l1_d0p0_lr0p0005_bs64,22,0.4575,0.5743,43.7852,34.0389,30.2581,209
hourly,validation,gru_seq24_h128_l1_d0p0_lr0p0005_bs64,23,0.3828,0.4846,58.1176,42.1142,42.9396,209
summary,test,gru_seq24_h128_l1_d0p0_lr0p0005_bs64,,0.3331,0.4798,44.0764,35.7095,34.7296,5025
hourly,test,gru_seq24_h128_l1_d0p0_lr0p0005_bs64,0,0.2571,0.3917,42.659,35.5445,38.9709,209
hourly,test,gru_seq24_h128_l1_d0p0_lr0p0005_bs64,1,0.1974,0.304,33.845,31.7644,34.7475,209
hourly,test,gru_seq24_h128_l1_d0p0_lr0p0005_bs64,2,0.179,0.2764,32.5667,30.5947,33.9418,209
hourly,test,gru_seq24_h128_l1_d0p0_lr0p0005_bs64,3,0.1511,0.2542,29.8319,27.6503,32.4845,209
hourly,test,gru_seq24_h128_l1_d0p0_lr0p0005_bs64,4,0.1542,0.2525,30.111,29.2254,33.3104,209
hourly,test,gru_seq24_h128_l1_d0p0_lr0p0005_bs64,5,0.1606,0.2558,34.8657,31.0406,35.709,209
hourly,test,gru_seq24_h128_l1_d0p0_lr0p0005_bs64,6,0.2369,0.3015,43.2874,34.8974,36.336,209
hourly,test,gru_seq24_h128_l1_d0p0_lr0p0005_bs64,7,0.438,0.5578,53.0618,38.3305,33.2623,209
hourly,test,gru_seq24_h128_l1_d0p0_lr0p0005_bs64,8,0.3252,0.4259,38.8339,29.0761,25.9088,209
hourly,test,gru_seq24_h128_l1_d0p0_lr0p0005_bs64,9,0.3355,0.464,41.752,31.8643,27.9801,209
hourly,test,gru_seq24_h128_l1_d0p0_lr0p0005_bs64,10,0.392,0.5335,51.5042,38.4007,34.4003,209
hourly,test,gru_seq24_h128_l1_d0p0_lr0p0005_bs64,11,0.3796,0.5303,46.5323,36.9488,33.316,209
hourly,test,gru_seq24_h128_l1_d0p0_lr0p0005_bs64,12,0.4145,0.5841,47.7636,39.2215,37.3851,209
hourly,test,gru_seq24_h128_l1_d0p0_lr0p0005_bs64,13,0.345,0.4574,40.8963,35.2391,32.9253,209
hourly,test,gru_seq24_h128_l1_d0p0_lr0p0005_bs64,14,0.3776,0.5151,49.8113,40.2636,38.3434,209
hourly,test,gru_seq24_h128_l1_d0p0_lr0p0005_bs64,15,0.3368,0.4802,43.8703,37.2386,37.1457,210
hourly,test,gru_seq24_h128_l1_d0p0_lr0p0005_bs64,16,0.319,0.423,49.7975,39.726,38.8906,210
hourly,test,gru_seq24_h128_l1_d0p0_lr0p0005_bs64,17,0.3548,0.5061,47.2748,40.2748,40.1505,210
hourly,test,gru_seq24_h128_l1_d0p0_lr0p0005_bs64,18,0.4411,0.6498,50.7667,41.497,41.1896,210
hourly,test,gru_seq24_h128_l1_d0p0_lr0p0005_bs64,19,0.4465,0.6149,51.3912,38.3614,34.3323,210
hourly,test,gru_seq24_h128_l1_d0p0_lr0p0005_bs64,20,0.444,0.5827,49.1254,34.7168,30.1179,210
hourly,test,gru_seq24_h128_l1_d0p0_lr0p0005_bs64,21,0.5176,0.6682,51.3112,38.1955,34.0399,210
hourly,test,gru_seq24_h128_l1_d0p0_lr0p0005_bs64,22,0.43,0.5611,47.2559,36.1847,35.5042,210
hourly,test,gru_seq24_h128_l1_d0p0_lr0p0005_bs64,23,0.3587,0.5083,49.5096,40.6506,42.1668,210
summary,validation,gru_seq24_h128_l2_d0p0_lr0p001_bs64,,0.3783,0.5456,39.3568,32.2079,30.3127,5024
hourly,validation,gru_seq24_h128_l2_d0p0_lr0p001_bs64,0,0.2206,0.3237,37.5634,32.677,34.8913,209
hourly,validation,gru_seq24_h128_l2_d0p0_lr0p001_bs64,1,0.1802,0.2929,33.5905,29.35,33.8917,209
hourly,validation,gru_seq24_h128_l2_d0p0_lr0p001_bs64,2,0.1475,0.2407,28.531,26.3254,30.7776,209
hourly,validation,gru_seq24_h128_l2_d0p0_lr0p001_bs64,3,0.1255,0.2153,26.3405,23.7592,28.9803,209
hourly,validation,gru_seq24_h128_l2_d0p0_lr0p001_bs64,4,0.1198,0.2089,24.8581,25.041,29.0877,209
hourly,validation,gru_seq24_h128_l2_d0p0_lr0p001_bs64,5,0.1762,0.2384,42.0591,35.5726,40.1293,209
hourly,validation,gru_seq24_h128_l2_d0p0_lr0p001_bs64,6,0.3795,0.5022,58.3616,40.407,45.9856,209
hourly,validation,gru_seq24_h128_l2_d0p0_lr0p001_bs64,7,0.5032,0.6112,51.1211,35.5954,28.4201,210
hourly,validation,gru_seq24_h128_l2_d0p0_lr0p001_bs64,8,0.3899,0.5013,35.2798,26.7951,23.6466,210
hourly,validation,gru_seq24_h128_l2_d0p0_lr0p001_bs64,9,0.3446,0.4549,32.4768,24.6868,22.2152,210
hourly,validation,gru_seq24_h128_l2_d0p0_lr0p001_bs64,10,0.3617,0.4859,30.2057,25.9783,23.9258,210
hourly,validation,gru_seq24_h128_l2_d0p0_lr0p001_bs64,11,0.4468,0.6416,39.3447,32.3632,29.589,210
hourly,validation,gru_seq24_h128_l2_d0p0_lr0p001_bs64,12,0.4363,0.623,41.0466,32.4729,29.9521,210
hourly,validation,gru_seq24_h128_l2_d0p0_lr0p001_bs64,13,0.4264,0.5742,44.0075,36.3871,31.466,210
hourly,validation,gru_seq24_h128_l2_d0p0_lr0p001_bs64,14,0.4284,0.6208,46.3154,36.1628,34.2436,210
hourly,validation,gru_seq24_h128_l2_d0p0_lr0p001_bs64,15,0.4351,0.6425,46.0636,37.5748,36.5468,209
hourly,validation,gru_seq24_h128_l2_d0p0_lr0p001_bs64,16,0.3875,0.5573,39.7212,35.0218,33.1621,209
hourly,validation,gru_seq24_h128_l2_d0p0_lr0p001_bs64,17,0.462,0.6842,40.1371,35.4582,34.7205,209
hourly,validation,gru_seq24_h128_l2_d0p0_lr0p001_bs64,18,0.5352,0.7227,43.1397,36.387,32.6849,209
hourly,validation,gru_seq24_h128_l2_d0p0_lr0p001_bs64,19,0.6271,0.7854,36.9936,32.9706,30.1448,209
hourly,validation,gru_seq24_h128_l2_d0p0_lr0p001_bs64,20,0.6236,0.774,40.0909,30.8839,27.3881,209
hourly,validation,gru_seq24_h128_l2_d0p0_lr0p001_bs64,21,0.5013,0.6408,35.3204,27.4729,24.4572,209
hourly,validation,gru_seq24_h128_l2_d0p0_lr0p001_bs64,22,0.4596,0.5879,41.1461,33.8387,30.3953,209
hourly,validation,gru_seq24_h128_l2_d0p0_lr0p001_bs64,23,0.3607,0.4771,50.8258,39.8419,40.4666,209
summary,test,gru_seq24_h128_l2_d0p0_lr0p001_bs64,,0.3398,0.4899,43.916,36.2691,35.4259,5025
hourly,test,gru_seq24_h128_l2_d0p0_lr0p001_bs64,0,0.2458,0.4109,35.1186,34.2665,37.2595,209
hourly,test,gru_seq24_h128_l2_d0p0_lr0p001_bs64,1,0.1974,0.3205,30.8079,31.3215,34.7529,209
hourly,test,gru_seq24_h128_l2_d0p0_lr0p001_bs64,2,0.1758,0.2857,29.2927,30.6453,33.3281,209
hourly,test,gru_seq24_h128_l2_d0p0_lr0p001_bs64,3,0.1421,0.253,26.0136,26.4496,30.5416,209
hourly,test,gru_seq24_h128_l2_d0p0_lr0p001_bs64,4,0.1577,0.2635,28.7835,30.2166,34.0616,209
hourly,test,gru_seq24_h128_l2_d0p0_lr0p001_bs64,5,0.1801,0.2765,40.4905,34.2696,40.0435,209
hourly,test,gru_seq24_h128_l2_d0p0_lr0p001_bs64,6,0.3105,0.3865,57.9143,41.161,47.6116,209
hourly,test,gru_seq24_h128_l2_d0p0_lr0p001_bs64,7,0.4707,0.5796,66.6057,42.4396,35.746,209
hourly,test,gru_seq24_h128_l2_d0p0_lr0p001_bs64,8,0.3613,0.4598,48.0961,33.7607,28.7869,209
hourly,test,gru_seq24_h128_l2_d0p0_lr0p001_bs64,9,0.3625,0.4728,47.1765,34.8342,30.2317,209
hourly,test,gru_seq24_h128_l2_d0p0_lr0p001_bs64,10,0.3993,0.5326,51.538,39.1498,35.0413,209
hourly,test,gru_seq24_h128_l2_d0p0_lr0p001_bs64,11,0.3942,0.5408,45.0624,37.6607,34.6032,209
hourly,test,gru_seq24_h128_l2_d0p0_lr0p001_bs64,12,0.4243,0.5956,45.2683,39.6608,38.2722,209
hourly,test,gru_seq24_h128_l2_d0p0_lr0p001_bs64,13,0.357,0.4755,40.2129,36.7399,34.067,209
hourly,test,gru_seq24_h128_l2_d0p0_lr0p001_bs64,14,0.3697,0.519,45.0073,38.5946,37.5419,209
hourly,test,gru_seq24_h128_l2_d0p0_lr0p001_bs64,15,0.3306,0.4848,40.7644,36.4096,36.4572,210
hourly,test,gru_seq24_h128_l2_d0p0_lr0p001_bs64,16,0.312,0.4245,46.2508,38.5234,38.0399,210
hourly,test,gru_seq24_h128_l2_d0p0_lr0p001_bs64,17,0.3491,0.5075,45.0071,39.4225,39.4999,210
hourly,test,gru_seq24_h128_l2_d0p0_lr0p001_bs64,18,0.4273,0.6486,48.3005,40.112,39.897,210
hourly,test,gru_seq24_h128_l2_d0p0_lr0p001_bs64,19,0.461,0.6193,53.5989,39.264,35.4428,210
hourly,test,gru_seq24_h128_l2_d0p0_lr0p001_bs64,20,0.4575,0.6014,49.7614,34.8754,31.0375,210
hourly,test,gru_seq24_h128_l2_d0p0_lr0p001_bs64,21,0.5061,0.6538,48.329,36.9118,33.2807,210
hourly,test,gru_seq24_h128_l2_d0p0_lr0p001_bs64,22,0.4142,0.5583,41.8851,34.6781,34.2016,210
hourly,test,gru_seq24_h128_l2_d0p0_lr0p001_bs64,23,0.3469,0.5182,42.5961,39.0287,40.7877,210
summary,validation,gru_seq24_h128_l2_d0p0_lr0p0005_bs64,,0.3746,0.5395,38.3475,31.9888,30.0142,5024
hourly,validation,gru_seq24_h128_l2_d0p0_lr0p0005_bs64,0,0.2271,0.3327,36.665,32.9965,35.9114,209
hourly,validation,gru_seq24_h128_l2_d0p0_lr0p0005_bs64,1,0.1785,0.2966,30.6025,28.6109,33.572,209
hourly,validation,gru_seq24_h128_l2_d0p0_lr0p0005_bs64,2,0.1482,0.2365,28.7909,26.9634,30.9254,209
hourly,validation,gru_seq24_h128_l2_d0p0_lr0p0005_bs64,3,0.1281,0.2029,28.1952,24.9852,29.5862,209
hourly,validation,gru_seq24_h128_l2_d0p0_lr0p0005_bs64,4,0.1267,0.2038,29.2007,26.306,30.7626,209
hourly,validation,gru_seq24_h128_l2_d0p0_lr0p0005_bs64,5,0.1529,0.2212,33.088,31.117,34.8272,209
hourly,validation,gru_seq24_h128_l2_d0p0_lr0p0005_bs64,6,0.2959,0.3932,41.1239,34.6517,35.8645,209
hourly,validation,gru_seq24_h128_l2_d0p0_lr0p0005_bs64,7,0.5001,0.6356,42.7962,33.9022,28.2441,210
hourly,validation,gru_seq24_h128_l2_d0p0_lr0p0005_bs64,8,0.3848,0.5,31.9485,26.4561,23.3357,210
hourly,validation,gru_seq24_h128_l2_d0p0_lr0p0005_bs64,9,0.3398,0.4544,30.3986,24.1696,21.9066,210
hourly,validation,gru_seq24_h128_l2_d0p0_lr0p0005_bs64,10,0.3623,0.4849,30.0626,25.7301,23.9663,210
hourly,validation,gru_seq24_h128_l2_d0p0_lr0p0005_bs64,11,0.4427,0.6365,40.0096,31.9529,29.3198,210
hourly,validation,gru_seq24_h128_l2_d0p0_lr0p0005_bs64,12,0.4388,0.6279,41.9174,32.4596,30.1238,210
hourly,validation,gru_seq24_h128_l2_d0p0_lr0p0005_bs64,13,0.4264,0.5685,45.2189,36.4586,31.4653,210
hourly,validation,gru_seq24_h128_l2_d0p0_lr0p0005_bs64,14,0.4299,0.6087,47.9519,37.123,34.3627,210
hourly,validation,gru_seq24_h128_l2_d0p0_lr0p0005_bs64,15,0.4392,0.6375,48.27,38.8929,36.8958,209
hourly,validation,gru_seq24_h128_l2_d0p0_lr0p0005_bs64,16,0.3868,0.5485,42.2762,35.9385,33.0981,209
hourly,validation,gru_seq24_h128_l2_d0p0_lr0p0005_bs64,17,0.473,0.6804,43.4791,37.1588,35.5495,209
hourly,validation,gru_seq24_h128_l2_d0p0_lr0p0005_bs64,18,0.5254,0.6982,44.0361,36.2266,32.0838,209
hourly,validation,gru_seq24_h128_l2_d0p0_lr0p0005_bs64,19,0.6514,0.8027,39.237,34.1259,31.3155,209
hourly,validation,gru_seq24_h128_l2_d0p0_lr0p0005_bs64,20,0.6213,0.772,40.0854,30.8704,27.2878,209
hourly,validation,gru_seq24_h128_l2_d0p0_lr0p0005_bs64,21,0.4817,0.6189,34.2365,26.5606,23.5006,209
hourly,validation,gru_seq24_h128_l2_d0p0_lr0p0005_bs64,22,0.465,0.5852,41.6106,34.3442,30.7543,209
hourly,validation,gru_seq24_h128_l2_d0p0_lr0p0005_bs64,23,0.363,0.4814,49.1213,39.7671,40.7262,209
summary,test,gru_seq24_h128_l2_d0p0_lr0p0005_bs64,,0.3363,0.4847,44.5223,36.0482,35.0634,5025
hourly,test,gru_seq24_h128_l2_d0p0_lr0p0005_bs64,0,0.2496,0.3966,37.5547,34.337,37.8379,209
hourly,test,gru_seq24_h128_l2_d0p0_lr0p0005_bs64,1,0.1964,0.3261,30.2648,31.078,34.5613,209
hourly,test,gru_seq24_h128_l2_d0p0_lr0p0005_bs64,2,0.1731,0.2791,29.3614,29.3024,32.8278,209
hourly,test,gru_seq24_h128_l2_d0p0_lr0p0005_bs64,3,0.1528,0.2547,29.9309,28.1038,32.8489,209
hourly,test,gru_seq24_h128_l2_d0p0_lr0p0005_bs64,4,0.1592,0.2508,32.2561,30.1853,34.3971,209
hourly,test,gru_seq24_h128_l2_d0p0_lr0p0005_bs64,5,0.1549,0.255,32.519,29.6389,34.4459,209
hourly,test,gru_seq24_h128_l2_d0p0_lr0p0005_bs64,6,0.2198,0.2909,37.8761,33.0822,33.7077,209
hourly,test,gru_seq24_h128_l2_d0p0_lr0p0005_bs64,7,0.443,0.5691,49.2189,38.1759,33.6435,209
hourly,test,gru_seq24_h128_l2_d0p0_lr0p0005_bs64,8,0.3228,0.4283,36.79,28.3662,25.7145,209
hourly,test,gru_seq24_h128_l2_d0p0_lr0p0005_bs64,9,0.342,0.4703,42.1473,31.9204,28.5228,209
hourly,test,gru_seq24_h128_l2_d0p0_lr0p0005_bs64,10,0.3989,0.5359,53.0147,38.7104,35.0088,209
hourly,test,gru_seq24_h128_l2_d0p0_lr0p0005_bs64,11,0.3878,0.5353,48.4667,37.8408,34.0401,209
hourly,test,gru_seq24_h128_l2_d0p0_lr0p0005_bs64,12,0.4261,0.598,50.8271,40.1901,38.4288,209
hourly,test,gru_seq24_h128_l2_d0p0_lr0p0005_bs64,13,0.3536,0.4595,43.4402,36.5327,33.7424,209
hourly,test,gru_seq24_h128_l2_d0p0_lr0p0005_bs64,14,0.3877,0.5154,54.8653,42.1455,39.3717,209
hourly,test,gru_seq24_h128_l2_d0p0_lr0p0005_bs64,15,0.3411,0.4694,47.5563,38.3828,37.613,210
hourly,test,gru_seq24_h128_l2_d0p0_lr0p0005_bs64,16,0.3294,0.4272,54.4998,41.1962,40.1573,210
hourly,test,gru_seq24_h128_l2_d0p0_lr0p0005_bs64,17,0.3688,0.509,53.3665,42.588,41.7277,210
hourly,test,gru_seq24_h128_l2_d0p0_lr0p0005_bs64,18,0.4387,0.6427,54.4135,42.3587,40.9601,210
hourly,test,gru_seq24_h128_l2_d0p0_lr0p0005_bs64,19,0.4661,0.6294,55.4191,40.028,35.8347,210
hourly,test,gru_seq24_h128_l2_d0p0_lr0p0005_bs64,20,0.4544,0.5991,52.086,35.7811,30.8257,210
hourly,test,gru_seq24_h128_l2_d0p0_lr0p0005_bs64,21,0.5302,0.6813,52.1279,38.9445,34.866,210
hourly,test,gru_seq24_h128_l2_d0p0_lr0p0005_bs64,22,0.4214,0.5543,44.6118,35.998,34.7931,210
hourly,test,gru_seq24_h128_l2_d0p0_lr0p0005_bs64,23,0.3513,0.5269,45.6396,40.1214,41.3068,210
summary,validation,gru_seq24_h128_l2_d0p2_lr0p001_bs64,,0.3754,0.5456,37.5135,31.9311,30.0768,5024
hourly,validation,gru_seq24_h128_l2_d0p2_lr0p001_bs64,0,0.2215,0.3415,31.8398,32.3215,35.0232,209
hourly,validation,gru_seq24_h128_l2_d0p2_lr0p001_bs64,1,0.1694,0.2948,26.7741,27.2732,31.8709,209
hourly,validation,gru_seq24_h128_l2_d0p2_lr0p001_bs64,2,0.1377,0.2342,25.5366,24.2655,28.7263,209
hourly,validation,gru_seq24_h128_l2_d0p2_lr0p001_bs64,3,0.1294,0.2119,28.6249,24.6252,29.8773,209
hourly,validation,gru_seq24_h128_l2_d0p2_lr0p001_bs64,4,0.1282,0.2015,29.6134,26.7439,31.1092,209
hourly,validation,gru_seq24_h128_l2_d0p2_lr0p001_bs64,5,0.1593,0.227,34.5691,32.4151,36.298,209
hourly,validation,gru_seq24_h128_l2_d0p2_lr0p001_bs64,6,0.2842,0.3724,37.2155,34.3905,34.4467,209
hourly,validation,gru_seq24_h128_l2_d0p2_lr0p001_bs64,7,0.5335,0.6773,42.9472,35.6432,30.1284,210
hourly,validation,gru_seq24_h128_l2_d0p2_lr0p001_bs64,8,0.379,0.5047,31.4883,26.2286,22.9871,210
hourly,validation,gru_seq24_h128_l2_d0p2_lr0p001_bs64,9,0.3462,0.4619,29.9683,24.9335,22.3205,210
hourly,validation,gru_seq24_h128_l2_d0p2_lr0p001_bs64,10,0.3746,0.5036,29.3262,27.102,24.7789,210
hourly,validation,gru_seq24_h128_l2_d0p2_lr0p001_bs64,11,0.4377,0.6405,37.4308,31.643,28.9898,210
hourly,validation,gru_seq24_h128_l2_d0p2_lr0p001_bs64,12,0.4302,0.6267,40.7125,31.9968,29.5332,210
hourly,validation,gru_seq24_h128_l2_d0p2_lr0p001_bs64,13,0.4268,0.5682,45.9764,35.9328,31.4948,210
hourly,validation,gru_seq24_h128_l2_d0p2_lr0p001_bs64,14,0.4332,0.6142,50.5111,37.5653,34.6271,210
hourly,validation,gru_seq24_h128_l2_d0p2_lr0p001_bs64,15,0.4498,0.652,50.6159,39.8548,37.7807,209
hourly,validation,gru_seq24_h128_l2_d0p2_lr0p001_bs64,16,0.4021,0.5639,43.177,36.7613,34.4145,209
hourly,validation,gru_seq24_h128_l2_d0p2_lr0p001_bs64,17,0.4786,0.6988,42.8102,37.0162,35.9749,209
hourly,validation,gru_seq24_h128_l2_d0p2_lr0p001_bs64,18,0.5545,0.7357,47.6922,37.2811,33.8596,209
hourly,validation,gru_seq24_h128_l2_d0p2_lr0p001_bs64,19,0.6155,0.7573,39.6458,32.6072,29.5916,209
hourly,validation,gru_seq24_h128_l2_d0p2_lr0p001_bs64,20,0.6083,0.7621,40.2979,30.2671,26.7171,209
hourly,validation,gru_seq24_h128_l2_d0p2_lr0p001_bs64,21,0.4844,0.6298,32.8815,26.9504,23.6342,209
hourly,validation,gru_seq24_h128_l2_d0p2_lr0p001_bs64,22,0.4797,0.6128,38.6019,35.0332,31.7254,209
hourly,validation,gru_seq24_h128_l2_d0p2_lr0p001_bs64,23,0.3437,0.475,42.029,37.5171,38.5601,209
summary,test,gru_seq24_h128_l2_d0p2_lr0p001_bs64,,0.3318,0.4867,41.1314,34.9829,34.5896,5025
hourly,test,gru_seq24_h128_l2_d0p2_lr0p001_bs64,0,0.2431,0.4104,32.5096,33.1438,36.8602,209
hourly,test,gru_seq24_h128_l2_d0p2_lr0p001_bs64,1,0.1932,0.331,26.877,29.9346,34.0,209
hourly,test,gru_seq24_h128_l2_d0p2_lr0p001_bs64,2,0.1707,0.2847,27.1479,29.0121,32.3657,209
hourly,test,gru_seq24_h128_l2_d0p2_lr0p001_bs64,3,0.1417,0.2476,26.7029,25.8879,30.4481,209
hourly,test,gru_seq24_h128_l2_d0p2_lr0p001_bs64,4,0.1575,0.2494,31.7065,30.2854,34.0294,209
hourly,test,gru_seq24_h128_l2_d0p2_lr0p001_bs64,5,0.1534,0.2558,31.7131,29.2959,34.1092,209
hourly,test,gru_seq24_h128_l2_d0p2_lr0p001_bs64,6,0.2181,0.2887,36.505,33.2634,33.4447,209
hourly,test,gru_seq24_h128_l2_d0p2_lr0p001_bs64,7,0.4659,0.603,48.9513,39.6821,35.3849,209
hourly,test,gru_seq24_h128_l2_d0p2_lr0p001_bs64,8,0.3041,0.4086,34.33,27.1611,24.2292,209
hourly,test,gru_seq24_h128_l2_d0p2_lr0p001_bs64,9,0.3497,0.4782,40.3856,32.5216,29.1674,209
hourly,test,gru_seq24_h128_l2_d0p2_lr0p001_bs64,10,0.3912,0.5382,46.0597,37.3478,34.3315,209
hourly,test,gru_seq24_h128_l2_d0p2_lr0p001_bs64,11,0.3928,0.5466,43.5454,37.2179,34.4753,209
hourly,test,gru_seq24_h128_l2_d0p2_lr0p001_bs64,12,0.4114,0.5805,44.8724,38.9722,37.1012,209
hourly,test,gru_seq24_h128_l2_d0p2_lr0p001_bs64,13,0.3498,0.4668,41.1464,35.6763,33.3816,209
hourly,test,gru_seq24_h128_l2_d0p2_lr0p001_bs64,14,0.3751,0.5111,49.593,40.0582,38.0965,209
hourly,test,gru_seq24_h128_l2_d0p2_lr0p001_bs64,15,0.3277,0.4692,42.9549,36.0055,36.1383,210
hourly,test,gru_seq24_h128_l2_d0p2_lr0p001_bs64,16,0.3208,0.4322,49.1445,38.9275,39.1077,210
hourly,test,gru_seq24_h128_l2_d0p2_lr0p001_bs64,17,0.3549,0.507,46.68,39.8567,40.1595,210
hourly,test,gru_seq24_h128_l2_d0p2_lr0p001_bs64,18,0.4391,0.6434,51.5044,41.2083,41.0027,210
hourly,test,gru_seq24_h128_l2_d0p2_lr0p001_bs64,19,0.4671,0.6263,55.9384,39.3894,35.9114,210
hourly,test,gru_seq24_h128_l2_d0p2_lr0p001_bs64,20,0.4624,0.6164,51.0812,34.8093,31.3666,210
hourly,test,gru_seq24_h128_l2_d0p2_lr0p001_bs64,21,0.5217,0.6723,48.9574,37.8219,34.3103,210
hourly,test,gru_seq24_h128_l2_d0p2_lr0p001_bs64,22,0.4147,0.5581,39.7518,34.5823,34.2356,210
hourly,test,gru_seq24_h128_l2_d0p2_lr0p001_bs64,23,0.3339,0.5229,38.8336,37.407,39.2595,210
summary,validation,gru_seq24_h128_l2_d0p2_lr0p0005_bs64,,0.3759,0.5407,38.5579,32.0301,30.1164,5024
hourly,validation,gru_seq24_h128_l2_d0p2_lr0p0005_bs64,0,0.227,0.3338,36.4721,32.5396,35.8934,209
hourly,validation,gru_seq24_h128_l2_d0p2_lr0p0005_bs64,1,0.1802,0.2983,31.1796,28.6889,33.8925,209
hourly,validation,gru_seq24_h128_l2_d0p2_lr0p0005_bs64,2,0.1518,0.2396,29.2576,26.7371,31.6625,209
hourly,validation,gru_seq24_h128_l2_d0p2_lr0p0005_bs64,3,0.1303,0.2029,28.9074,25.3369,30.1021,209
hourly,validation,gru_seq24_h128_l2_d0p2_lr0p0005_bs64,4,0.1257,0.2023,28.5138,26.0884,30.5013,209
hourly,validation,gru_seq24_h128_l2_d0p2_lr0p0005_bs64,5,0.1541,0.2206,33.5159,31.3991,35.1021,209
hourly,validation,gru_seq24_h128_l2_d0p2_lr0p0005_bs64,6,0.2888,0.3845,40.5316,33.9739,34.9939,209
hourly,validation,gru_seq24_h128_l2_d0p2_lr0p0005_bs64,7,0.5163,0.6494,45.8329,35.6615,29.1594,210
hourly,validation,gru_seq24_h128_l2_d0p2_lr0p0005_bs64,8,0.3819,0.4996,32.2486,26.3312,23.1627,210
hourly,validation,gru_seq24_h128_l2_d0p2_lr0p0005_bs64,9,0.3406,0.4554,30.8748,24.2375,21.96,210
hourly,validation,gru_seq24_h128_l2_d0p2_lr0p0005_bs64,10,0.3624,0.4846,30.1394,25.784,23.9754,210
hourly,validation,gru_seq24_h128_l2_d0p2_lr0p0005_bs64,11,0.4427,0.6361,40.3202,31.9884,29.3223,210
hourly,validation,gru_seq24_h128_l2_d0p2_lr0p0005_bs64,12,0.4388,0.6236,42.3856,32.5775,30.1228,210
hourly,validation,gru_seq24_h128_l2_d0p2_lr0p0005_bs64,13,0.4258,0.5655,45.6449,36.2043,31.4154,210
hourly,validation,gru_seq24_h128_l2_d0p2_lr0p0005_bs64,14,0.4342,0.6146,49.4403,37.6213,34.7065,210
hourly,validation,gru_seq24_h128_l2_d0p2_lr0p0005_bs64,15,0.4407,0.6407,49.2178,38.765,37.0204,209
hourly,validation,gru_seq24_h128_l2_d0p2_lr0p0005_bs64,16,0.3885,0.5508,42.7857,35.9769,33.2486,209
hourly,validation,gru_seq24_h128_l2_d0p2_lr0p0005_bs64,17,0.4628,0.6707,42.6299,36.4664,34.7835,209
hourly,validation,gru_seq24_h128_l2_d0p2_lr0p0005_bs64,18,0.5277,0.7,44.0985,36.3573,32.2227,209
hourly,validation,gru_seq24_h128_l2_d0p2_lr0p0005_bs64,19,0.6482,0.7963,38.7135,33.9742,31.1631,209
hourly,validation,gru_seq24_h128_l2_d0p2_lr0p0005_bs64,20,0.6209,0.769,39.1661,30.9034,27.2693,209
hourly,validation,gru_seq24_h128_l2_d0p2_lr0p0005_bs64,21,0.4923,0.6295,33.5713,26.9253,24.0201,209
hourly,validation,gru_seq24_h128_l2_d0p2_lr0p0005_bs64,22,0.4734,0.5976,41.1915,34.7465,31.3128,209
hourly,validation,gru_seq24_h128_l2_d0p2_lr0p0005_bs64,23,0.3645,0.4903,48.7098,39.4663,40.8918,209
summary,test,gru_seq24_h128_l2_d0p2_lr0p0005_bs64,,0.3329,0.4808,43.4751,35.5394,34.7036,5025
hourly,test,gru_seq24_h128_l2_d0p2_lr0p0005_bs64,0,0.2502,0.3999,37.7579,33.9914,37.9345,209
hourly,test,gru_seq24_h128_l2_d0p2_lr0p0005_bs64,1,0.1952,0.3228,30.0449,30.3345,34.3578,209
hourly,test,gru_seq24_h128_l2_d0p2_lr0p0005_bs64,2,0.1689,0.2732,28.6897,28.5427,32.0337,209
hourly,test,gru_seq24_h128_l2_d0p2_lr0p0005_bs64,3,0.1502,0.2492,29.7831,27.7456,32.2895,209
hourly,test,gru_seq24_h128_l2_d0p2_lr0p0005_bs64,4,0.1599,0.2526,31.8447,30.2675,34.5468,209
hourly,test,gru_seq24_h128_l2_d0p2_lr0p0005_bs64,5,0.1542,0.255,31.8255,29.4842,34.2789,209
hourly,test,gru_seq24_h128_l2_d0p2_lr0p0005_bs64,6,0.2114,0.2824,35.8609,32.1677,32.4203,209
hourly,test,gru_seq24_h128_l2_d0p2_lr0p0005_bs64,7,0.444,0.5671,48.2301,38.4978,33.7233,209
hourly,test,gru_seq24_h128_l2_d0p2_lr0p0005_bs64,8,0.3194,0.4223,36.8138,28.7195,25.4457,209
hourly,test,gru_seq24_h128_l2_d0p2_lr0p0005_bs64,9,0.3437,0.4715,42.3086,32.1216,28.66,209
hourly,test,gru_seq24_h128_l2_d0p2_lr0p0005_bs64,10,0.3919,0.5336,50.3985,37.5942,34.3905,209
hourly,test,gru_seq24_h128_l2_d0p2_lr0p0005_bs64,11,0.3855,0.5313,47.493,37.3037,33.837,209
hourly,test,gru_seq24_h128_l2_d0p2_lr0p0005_bs64,12,0.4246,0.5946,50.4616,39.9834,38.2955,209
hourly,test,gru_seq24_h128_l2_d0p2_lr0p0005_bs64,13,0.3544,0.461,43.5664,36.2944,33.8249,209
hourly,test,gru_seq24_h128_l2_d0p2_lr0p0005_bs64,14,0.3854,0.5156,54.2034,41.8822,39.1362,209
hourly,test,gru_seq24_h128_l2_d0p2_lr0p0005_bs64,15,0.3428,0.4709,47.8618,38.2462,37.8026,210
hourly,test,gru_seq24_h128_l2_d0p2_lr0p0005_bs64,16,0.3281,0.4259,53.9981,40.976,40.0011,210
hourly,test,gru_seq24_h128_l2_d0p2_lr0p0005_bs64,17,0.3641,0.5055,51.6691,41.9,41.2005,210
hourly,test,gru_seq24_h128_l2_d0p2_lr0p0005_bs64,18,0.4332,0.638,52.2695,41.617,40.4526,210
hourly,test,gru_seq24_h128_l2_d0p2_lr0p0005_bs64,19,0.4603,0.6291,52.9092,39.1819,35.3882,210
hourly,test,gru_seq24_h128_l2_d0p2_lr0p0005_bs64,20,0.4484,0.5894,49.033,34.9175,30.4193,210
hourly,test,gru_seq24_h128_l2_d0p2_lr0p0005_bs64,21,0.5058,0.6602,48.1407,36.8883,33.2639,210
hourly,test,gru_seq24_h128_l2_d0p2_lr0p0005_bs64,22,0.4167,0.5455,43.0951,35.1555,34.4058,210
hourly,test,gru_seq24_h128_l2_d0p2_lr0p0005_bs64,23,0.3479,0.5203,44.8933,38.9978,40.8961,210
summary,validation,gru_seq24_h128_l2_d0p3_lr0p001_bs64,,0.3749,0.5448,37.5418,31.8043,30.0364,5024
hourly,validation,gru_seq24_h128_l2_d0p3_lr0p001_bs64,0,0.2209,0.3429,31.2495,31.4692,34.9305,209
hourly,validation,gru_seq24_h128_l2_d0p3_lr0p001_bs64,1,0.1742,0.3006,26.7066,28.0972,32.7658,209
hourly,validation,gru_seq24_h128_l2_d0p3_lr0p001_bs64,2,0.1397,0.2378,25.1668,24.7933,29.14,209
hourly,validation,gru_seq24_h128_l2_d0p3_lr0p001_bs64,3,0.1263,0.2128,26.9256,23.923,29.1712,209
hourly,validation,gru_seq24_h128_l2_d0p3_lr0p001_bs64,4,0.1212,0.2034,26.528,24.9058,29.4173,209
hourly,validation,gru_seq24_h128_l2_d0p3_lr0p001_bs64,5,0.1614,0.2291,35.4256,32.7222,36.7776,209
hourly,validation,gru_seq24_h128_l2_d0p3_lr0p001_bs64,6,0.2894,0.376,40.1413,34.2406,35.0686,209
hourly,validation,gru_seq24_h128_l2_d0p3_lr0p001_bs64,7,0.5216,0.6648,43.9501,35.2947,29.4595,210
hourly,validation,gru_seq24_h128_l2_d0p3_lr0p001_bs64,8,0.3771,0.5003,31.7569,26.1047,22.8698,210
hourly,validation,gru_seq24_h128_l2_d0p3_lr0p001_bs64,9,0.3461,0.4622,30.632,24.931,22.315,210
hourly,validation,gru_seq24_h128_l2_d0p3_lr0p001_bs64,10,0.3752,0.5013,29.6786,27.1053,24.819,210
hourly,validation,gru_seq24_h128_l2_d0p3_lr0p001_bs64,11,0.4433,0.6403,37.897,32.1288,29.3582,210
hourly,validation,gru_seq24_h128_l2_d0p3_lr0p001_bs64,12,0.428,0.6205,40.6419,31.8911,29.3805,210
hourly,validation,gru_seq24_h128_l2_d0p3_lr0p001_bs64,13,0.4232,0.5649,45.5095,35.6253,31.2239,210
hourly,validation,gru_seq24_h128_l2_d0p3_lr0p001_bs64,14,0.434,0.6125,50.3616,37.6681,34.6897,210
hourly,validation,gru_seq24_h128_l2_d0p3_lr0p001_bs64,15,0.4476,0.6499,50.1049,39.5866,37.6001,209
hourly,validation,gru_seq24_h128_l2_d0p3_lr0p001_bs64,16,0.3977,0.5607,42.2457,36.0995,34.0346,209
hourly,validation,gru_seq24_h128_l2_d0p3_lr0p001_bs64,17,0.4742,0.6996,42.0279,36.6904,35.6429,209
hourly,validation,gru_seq24_h128_l2_d0p3_lr0p001_bs64,18,0.5474,0.7321,47.0374,36.8546,33.4307,209
hourly,validation,gru_seq24_h128_l2_d0p3_lr0p001_bs64,19,0.6271,0.7642,40.8773,33.0608,30.1482,209
hourly,validation,gru_seq24_h128_l2_d0p3_lr0p001_bs64,20,0.6106,0.7631,41.0664,30.3681,26.8176,209
hourly,validation,gru_seq24_h128_l2_d0p3_lr0p001_bs64,21,0.4879,0.6372,33.6336,27.1788,23.8039,209
hourly,validation,gru_seq24_h128_l2_d0p3_lr0p001_bs64,22,0.4733,0.6043,38.7402,34.7128,31.305,209
hourly,validation,gru_seq24_h128_l2_d0p3_lr0p001_bs64,23,0.3482,0.4815,42.6505,37.8691,39.0574,209
summary,test,gru_seq24_h128_l2_d0p3_lr0p001_bs64,,0.3323,0.4868,41.3692,35.1311,34.6432,5025
hourly,test,gru_seq24_h128_l2_d0p3_lr0p001_bs64,0,0.2419,0.4077,32.3238,32.865,36.6686,209
hourly,test,gru_seq24_h128_l2_d0p3_lr0p001_bs64,1,0.2001,0.3397,27.8101,31.801,35.2188,209
hourly,test,gru_seq24_h128_l2_d0p3_lr0p001_bs64,2,0.1787,0.2947,28.1403,31.4581,33.8823,209
hourly,test,gru_seq24_h128_l2_d0p3_lr0p001_bs64,3,0.1414,0.2516,25.6979,26.2657,30.4005,209
hourly,test,gru_seq24_h128_l2_d0p3_lr0p001_bs64,4,0.1564,0.2565,30.0084,30.1973,33.7928,209
hourly,test,gru_seq24_h128_l2_d0p3_lr0p001_bs64,5,0.1527,0.2569,31.3846,29.0235,33.9525,209
hourly,test,gru_seq24_h128_l2_d0p3_lr0p001_bs64,6,0.218,0.2872,37.7652,33.1241,33.4284,209
hourly,test,gru_seq24_h128_l2_d0p3_lr0p001_bs64,7,0.4571,0.594,49.9485,39.3388,34.7132,209
hourly,test,gru_seq24_h128_l2_d0p3_lr0p001_bs64,8,0.3036,0.408,34.7112,27.1494,24.1844,209
hourly,test,gru_seq24_h128_l2_d0p3_lr0p001_bs64,9,0.35,0.4813,41.0174,32.9364,29.1881,209
hourly,test,gru_seq24_h128_l2_d0p3_lr0p001_bs64,10,0.392,0.5399,45.7062,37.1082,34.4039,209
hourly,test,gru_seq24_h128_l2_d0p3_lr0p001_bs64,11,0.3945,0.5453,43.4916,37.5335,34.6252,209
hourly,test,gru_seq24_h128_l2_d0p3_lr0p001_bs64,12,0.4124,0.5825,44.3261,38.7803,37.1961,209
hourly,test,gru_seq24_h128_l2_d0p3_lr0p001_bs64,13,0.3486,0.4647,40.8836,35.7887,33.2712,209
hourly,test,gru_seq24_h128_l2_d0p3_lr0p001_bs64,14,0.3739,0.5126,49.3084,39.8074,37.9712,209
hourly,test,gru_seq24_h128_l2_d0p3_lr0p001_bs64,15,0.3288,0.4694,43.1712,36.2754,36.2619,210
hourly,test,gru_seq24_h128_l2_d0p3_lr0p001_bs64,16,0.3193,0.4292,48.9616,38.8054,38.9304,210
hourly,test,gru_seq24_h128_l2_d0p3_lr0p001_bs64,17,0.3527,0.5035,46.3801,39.5669,39.9094,210
hourly,test,gru_seq24_h128_l2_d0p3_lr0p001_bs64,18,0.4354,0.6397,50.6177,40.8638,40.6586,210
hourly,test,gru_seq24_h128_l2_d0p3_lr0p001_bs64,19,0.4718,0.6274,56.633,39.4134,36.2785,210
hourly,test,gru_seq24_h128_l2_d0p3_lr0p001_bs64,20,0.4737,0.6275,53.1346,35.3681,32.1342,210
hourly,test,gru_seq24_h128_l2_d0p3_lr0p001_bs64,21,0.5183,0.6679,50.2321,37.4933,34.0871,210
hourly,test,gru_seq24_h128_l2_d0p3_lr0p001_bs64,22,0.4142,0.5524,41.0645,34.6371,34.1969,210
hourly,test,gru_seq24_h128_l2_d0p3_lr0p001_bs64,23,0.3367,0.5241,39.8665,37.4331,39.5855,210
summary,validation,gru_seq24_h128_l2_d0p3_lr0p0005_bs64,,0.3785,0.5417,40.4736,32.7553,30.3268,5024
hourly,validation,gru_seq24_h128_l2_d0p3_lr0p0005_bs64,0,0.2293,0.3315,39.1915,36.2177,36.2653,209
hourly,validation,gru_seq24_h128_l2_d0p3_lr0p0005_bs64,1,0.1761,0.2937,31.2876,28.751,33.1353,209
hourly,validation,gru_seq24_h128_l2_d0p3_lr0p0005_bs64,2,0.1473,0.2507,27.4962,25.9038,30.7355,209
hourly,validation,gru_seq24_h128_l2_d0p3_lr0p0005_bs64,3,0.1394,0.2282,29.4643,27.5675,32.1941,209
hourly,validation,gru_seq24_h128_l2_d0p3_lr0p0005_bs64,4,0.1329,0.219,27.6928,29.3451,32.2513,209
hourly,validation,gru_seq24_h128_l2_d0p3_lr0p0005_bs64,5,0.172,0.2376,39.965,34.6916,39.1727,209
hourly,validation,gru_seq24_h128_l2_d0p3_lr0p0005_bs64,6,0.3395,0.4389,53.7806,38.6672,41.1469,209
hourly,validation,gru_seq24_h128_l2_d0p3_lr0p0005_bs64,7,0.5464,0.6453,55.6024,39.1251,30.861,210
hourly,validation,gru_seq24_h128_l2_d0p3_lr0p0005_bs64,8,0.394,0.5046,35.3656,27.1501,23.8949,210
hourly,validation,gru_seq24_h128_l2_d0p3_lr0p0005_bs64,9,0.3407,0.4508,31.7839,24.5694,21.9656,210
hourly,validation,gru_seq24_h128_l2_d0p3_lr0p0005_bs64,10,0.3485,0.4758,30.2753,24.8098,23.0541,210
hourly,validation,gru_seq24_h128_l2_d0p3_lr0p0005_bs64,11,0.4223,0.6246,40.6839,30.6423,27.9691,210
hourly,validation,gru_seq24_h128_l2_d0p3_lr0p0005_bs64,12,0.4321,0.6172,43.9307,32.8387,29.6662,210
hourly,validation,gru_seq24_h128_l2_d0p3_lr0p0005_bs64,13,0.4192,0.5656,46.9564,35.9305,30.9311,210
hourly,validation,gru_seq24_h128_l2_d0p3_lr0p0005_bs64,14,0.4444,0.6243,51.6266,38.4959,35.5165,210
hourly,validation,gru_seq24_h128_l2_d0p3_lr0p0005_bs64,15,0.4408,0.6397,49.6295,38.4933,37.0261,209
hourly,validation,gru_seq24_h128_l2_d0p3_lr0p0005_bs64,16,0.392,0.5556,43.0337,35.7723,33.5475,209
hourly,validation,gru_seq24_h128_l2_d0p3_lr0p0005_bs64,17,0.4671,0.6838,43.3484,36.4012,35.1106,209
hourly,validation,gru_seq24_h128_l2_d0p3_lr0p0005_bs64,18,0.5291,0.7087,43.7304,35.6265,32.312,209
hourly,validation,gru_seq24_h128_l2_d0p3_lr0p0005_bs64,19,0.6151,0.7706,36.6587,32.3283,29.5698,209
hourly,validation,gru_seq24_h128_l2_d0p3_lr0p0005_bs64,20,0.6226,0.7672,39.877,30.8307,27.3454,209
hourly,validation,gru_seq24_h128_l2_d0p3_lr0p0005_bs64,21,0.5062,0.646,34.9818,27.6133,24.6973,209
hourly,validation,gru_seq24_h128_l2_d0p3_lr0p0005_bs64,22,0.4583,0.5757,41.099,33.4394,30.3132,209
hourly,validation,gru_seq24_h128_l2_d0p3_lr0p0005_bs64,23,0.3672,0.4833,53.8459,40.956,41.1978,209
summary,test,gru_seq24_h128_l2_d0p3_lr0p0005_bs64,,0.3354,0.4819,43.6614,36.1798,34.9605,5025
hourly,test,gru_seq24_h128_l2_d0p3_lr0p0005_bs64,0,0.2457,0.4074,35.0869,35.0127,37.2524,209
hourly,test,gru_seq24_h128_l2_d0p3_lr0p0005_bs64,1,0.198,0.3204,30.3722,32.5246,34.8509,209
hourly,test,gru_seq24_h128_l2_d0p3_lr0p0005_bs64,2,0.1783,0.2856,29.5868,32.145,33.8187,209
hourly,test,gru_seq24_h128_l2_d0p3_lr0p0005_bs64,3,0.1451,0.251,27.0654,28.1931,31.1946,209
hourly,test,gru_seq24_h128_l2_d0p3_lr0p0005_bs64,4,0.1718,0.2746,31.7933,34.9999,37.1106,209
hourly,test,gru_seq24_h128_l2_d0p3_lr0p0005_bs64,5,0.1683,0.271,36.0013,32.1164,37.4266,209
hourly,test,gru_seq24_h128_l2_d0p3_lr0p0005_bs64,6,0.2722,0.3393,51.0942,38.3783,41.7469,209
hourly,test,gru_seq24_h128_l2_d0p3_lr0p0005_bs64,7,0.4759,0.5746,63.0258,42.9936,36.1452,209
hourly,test,gru_seq24_h128_l2_d0p3_lr0p0005_bs64,8,0.3412,0.438,43.1552,31.9826,27.1803,209
hourly,test,gru_seq24_h128_l2_d0p3_lr0p0005_bs64,9,0.3501,0.4678,43.3931,33.2186,29.1942,209
hourly,test,gru_seq24_h128_l2_d0p3_lr0p0005_bs64,10,0.3896,0.5251,51.691,38.1878,34.1911,209
hourly,test,gru_seq24_h128_l2_d0p3_lr0p0005_bs64,11,0.3835,0.5277,47.2277,37.3378,33.6617,209
hourly,test,gru_seq24_h128_l2_d0p3_lr0p0005_bs64,12,0.4113,0.578,46.233,38.3601,37.0931,209
hourly,test,gru_seq24_h128_l2_d0p3_lr0p0005_bs64,13,0.3531,0.4663,42.5818,36.4785,33.6929,209
hourly,test,gru_seq24_h128_l2_d0p3_lr0p0005_bs64,14,0.3685,0.5108,48.4689,39.1224,37.4176,209
hourly,test,gru_seq24_h128_l2_d0p3_lr0p0005_bs64,15,0.3312,0.4794,42.7753,36.275,36.5266,210
hourly,test,gru_seq24_h128_l2_d0p3_lr0p0005_bs64,16,0.3182,0.4291,48.9949,38.8438,38.79,210
hourly,test,gru_seq24_h128_l2_d0p3_lr0p0005_bs64,17,0.3487,0.5034,46.5704,39.2308,39.4518,210
hourly,test,gru_seq24_h128_l2_d0p3_lr0p0005_bs64,18,0.4284,0.6404,49.4913,40.0,39.9977,210
hourly,test,gru_seq24_h128_l2_d0p3_lr0p0005_bs64,19,0.4582,0.6106,54.2532,38.7947,35.2315,210
hourly,test,gru_seq24_h128_l2_d0p3_lr0p0005_bs64,20,0.4659,0.604,49.3783,35.1999,31.6059,210
hourly,test,gru_seq24_h128_l2_d0p3_lr0p0005_bs64,21,0.487,0.6353,44.8791,35.3812,32.0271,210
hourly,test,gru_seq24_h128_l2_d0p3_lr0p0005_bs64,22,0.4071,0.556,40.3362,33.8056,33.6129,210
hourly,test,gru_seq24_h128_l2_d0p3_lr0p0005_bs64,23,0.3485,0.5087,44.2849,39.6782,40.976,210
summary,validation,gru_seq48_h32_l1_d0p0_lr0p001_bs64,,0.3754,0.5403,40.3856,32.2649,30.1091,4976
hourly,validation,gru_seq48_h32_l1_d0p0_lr0p001_bs64,0,0.2347,0.3384,43.1689,34.8946,36.9529,207
hourly,validation,gru_seq48_h32_l1_d0p0_lr0p001_bs64,1,0.1723,0.2796,33.1575,28.0645,32.4968,207
hourly,validation,gru_seq48_h32_l1_d0p0_lr0p001_bs64,2,0.1511,0.2388,31.3117,26.8708,31.4387,207
hourly,validation,gru_seq48_h32_l1_d0p0_lr0p001_bs64,3,0.1421,0.2166,33.2579,27.5335,32.758,207
hourly,validation,gru_seq48_h32_l1_d0p0_lr0p001_bs64,4,0.1319,0.2101,30.6494,27.116,31.9577,207
hourly,validation,gru_seq48_h32_l1_d0p0_lr0p001_bs64,5,0.1673,0.2251,39.0115,34.2718,38.2281,207
hourly,validation,gru_seq48_h32_l1_d0p0_lr0p001_bs64,6,0.2952,0.3838,41.4096,35.2821,35.6523,207
hourly,validation,gru_seq48_h32_l1_d0p0_lr0p001_bs64,7,0.5191,0.635,46.7477,36.1997,29.3368,208
hourly,validation,gru_seq48_h32_l1_d0p0_lr0p001_bs64,8,0.3819,0.4989,32.7867,26.3275,23.2284,208
hourly,validation,gru_seq48_h32_l1_d0p0_lr0p001_bs64,9,0.3329,0.4516,30.9986,23.6793,21.5043,208
hourly,validation,gru_seq48_h32_l1_d0p0_lr0p001_bs64,10,0.3564,0.4844,30.8372,25.0096,23.6239,208
hourly,validation,gru_seq48_h32_l1_d0p0_lr0p001_bs64,11,0.4092,0.6178,40.6862,29.7564,27.2463,208
hourly,validation,gru_seq48_h32_l1_d0p0_lr0p001_bs64,12,0.4311,0.6155,45.1685,32.8791,29.8116,208
hourly,validation,gru_seq48_h32_l1_d0p0_lr0p001_bs64,13,0.4247,0.5706,48.0991,36.4815,31.4854,208
hourly,validation,gru_seq48_h32_l1_d0p0_lr0p001_bs64,14,0.4418,0.6212,51.5905,38.5717,35.4117,208
hourly,validation,gru_seq48_h32_l1_d0p0_lr0p001_bs64,15,0.4373,0.6424,49.2833,38.2364,36.9795,207
hourly,validation,gru_seq48_h32_l1_d0p0_lr0p001_bs64,16,0.3889,0.559,41.2563,34.8355,33.2031,207
hourly,validation,gru_seq48_h32_l1_d0p0_lr0p001_bs64,17,0.473,0.6977,42.1438,36.1413,35.3594,207
hourly,validation,gru_seq48_h32_l1_d0p0_lr0p001_bs64,18,0.5263,0.7081,42.75,35.1943,31.9967,207
hourly,validation,gru_seq48_h32_l1_d0p0_lr0p001_bs64,19,0.6151,0.7688,37.0587,32.4655,29.5534,207
hourly,validation,gru_seq48_h32_l1_d0p0_lr0p001_bs64,20,0.64,0.7859,41.1503,31.471,28.1362,207
hourly,validation,gru_seq48_h32_l1_d0p0_lr0p001_bs64,21,0.5027,0.6426,35.8152,27.5333,24.5767,207
hourly,validation,gru_seq48_h32_l1_d0p0_lr0p001_bs64,22,0.4541,0.5717,43.5111,33.6214,30.0389,207
hourly,validation,gru_seq48_h32_l1_d0p0_lr0p001_bs64,23,0.3796,0.4924,57.3869,41.9657,42.5195,207
summary,test,gru_seq48_h32_l1_d0p0_lr0p001_bs64,,0.3335,0.4795,44.0522,35.5762,34.6711,4977
hourly,test,gru_seq48_h32_l1_d0p0_lr0p001_bs64,0,0.2454,0.3938,37.0212,33.2241,37.0688,207
hourly,test,gru_seq48_h32_l1_d0p0_lr0p001_bs64,1,0.194,0.3116,30.7177,30.2109,34.0918,207
hourly,test,gru_seq48_h32_l1_d0p0_lr0p001_bs64,2,0.1713,0.2734,29.2371,29.0168,32.4477,207
hourly,test,gru_seq48_h32_l1_d0p0_lr0p001_bs64,3,0.1502,0.2486,30.2019,27.8259,32.2333,207
hourly,test,gru_seq48_h32_l1_d0p0_lr0p001_bs64,4,0.1578,0.2524,32.3523,29.7347,34.0786,207
hourly,test,gru_seq48_h32_l1_d0p0_lr0p001_bs64,5,0.1623,0.2588,35.954,30.7906,36.1762,207
hourly,test,gru_seq48_h32_l1_d0p0_lr0p001_bs64,6,0.2286,0.2965,41.4257,35.1473,35.1571,207
hourly,test,gru_seq48_h32_l1_d0p0_lr0p001_bs64,7,0.467,0.5644,56.7501,42.2117,35.5976,207
hourly,test,gru_seq48_h32_l1_d0p0_lr0p001_bs64,8,0.3261,0.4315,37.8576,29.1397,26.0366,207
hourly,test,gru_seq48_h32_l1_d0p0_lr0p001_bs64,9,0.3478,0.4746,43.0835,32.3004,28.9714,207
hourly,test,gru_seq48_h32_l1_d0p0_lr0p001_bs64,10,0.3855,0.5204,51.4841,37.1693,33.7571,207
hourly,test,gru_seq48_h32_l1_d0p0_lr0p001_bs64,11,0.379,0.5284,49.0622,36.9071,33.1596,207
hourly,test,gru_seq48_h32_l1_d0p0_lr0p001_bs64,12,0.413,0.5812,50.0461,39.1674,37.0309,207
hourly,test,gru_seq48_h32_l1_d0p0_lr0p001_bs64,13,0.3617,0.47,44.9437,37.4789,34.3369,207
hourly,test,gru_seq48_h32_l1_d0p0_lr0p001_bs64,14,0.3768,0.511,51.8221,40.4566,38.082,207
hourly,test,gru_seq48_h32_l1_d0p0_lr0p001_bs64,15,0.3453,0.4866,46.8264,38.2923,37.9071,208
hourly,test,gru_seq48_h32_l1_d0p0_lr0p001_bs64,16,0.3195,0.4274,50.8761,39.5469,38.7537,208
hourly,test,gru_seq48_h32_l1_d0p0_lr0p001_bs64,17,0.3513,0.5019,47.6384,39.6088,39.5982,208
hourly,test,gru_seq48_h32_l1_d0p0_lr0p001_bs64,18,0.4248,0.6373,49.8459,40.42,39.8099,208
hourly,test,gru_seq48_h32_l1_d0p0_lr0p001_bs64,19,0.4534,0.604,51.3757,38.436,34.6716,208
hourly,test,gru_seq48_h32_l1_d0p0_lr0p001_bs64,20,0.4687,0.6013,50.0136,35.5353,31.5765,208
hourly,test,gru_seq48_h32_l1_d0p0_lr0p001_bs64,21,0.5047,0.6549,48.1443,36.9117,32.9522,208
hourly,test,gru_seq48_h32_l1_d0p0_lr0p001_bs64,22,0.4134,0.5684,43.0663,34.3734,33.9578,208
hourly,test,gru_seq48_h32_l1_d0p0_lr0p001_bs64,23,0.3533,0.5022,47.3211,39.8123,41.4153,208
summary,validation,gru_seq48_h32_l1_d0p0_lr0p0005_bs64,,0.3754,0.5391,39.7237,32.1464,30.1084,4976
hourly,validation,gru_seq48_h32_l1_d0p0_lr0p0005_bs64,0,0.2354,0.336,43.011,34.8753,37.0697,207
hourly,validation,gru_seq48_h32_l1_d0p0_lr0p0005_bs64,1,0.1737,0.2799,33.103,28.3283,32.7611,207
hourly,validation,gru_seq48_h32_l1_d0p0_lr0p0005_bs64,2,0.1494,0.2387,30.4421,26.4547,31.0842,207
hourly,validation,gru_seq48_h32_l1_d0p0_lr0p0005_bs64,3,0.1353,0.2124,30.6303,26.1041,31.2033,207
hourly,validation,gru_seq48_h32_l1_d0p0_lr0p0005_bs64,4,0.1293,0.2105,29.1372,26.8923,31.3218,207
hourly,validation,gru_seq48_h32_l1_d0p0_lr0p0005_bs64,5,0.1669,0.2255,38.7993,34.2632,38.1299,207
hourly,validation,gru_seq48_h32_l1_d0p0_lr0p0005_bs64,6,0.3033,0.3942,43.2636,35.3109,36.6387,207
hourly,validation,gru_seq48_h32_l1_d0p0_lr0p0005_bs64,7,0.4999,0.6212,45.3016,34.5235,28.2522,208
hourly,validation,gru_seq48_h32_l1_d0p0_lr0p0005_bs64,8,0.3802,0.5018,31.9171,26.2871,23.1238,208
hourly,validation,gru_seq48_h32_l1_d0p0_lr0p0005_bs64,9,0.3379,0.4562,30.2631,24.2472,21.8307,208
hourly,validation,gru_seq48_h32_l1_d0p0_lr0p0005_bs64,10,0.3615,0.4895,29.7541,25.645,23.9572,208
hourly,validation,gru_seq48_h32_l1_d0p0_lr0p0005_bs64,11,0.4238,0.6245,39.2184,30.7267,28.2168,208
hourly,validation,gru_seq48_h32_l1_d0p0_lr0p0005_bs64,12,0.4327,0.6179,42.8981,32.6514,29.9258,208
hourly,validation,gru_seq48_h32_l1_d0p0_lr0p0005_bs64,13,0.4269,0.5717,46.4331,36.6034,31.6456,208
hourly,validation,gru_seq48_h32_l1_d0p0_lr0p0005_bs64,14,0.4372,0.6191,49.4179,38.1639,35.0449,208
hourly,validation,gru_seq48_h32_l1_d0p0_lr0p0005_bs64,15,0.4336,0.6367,47.136,37.6468,36.6654,207
hourly,validation,gru_seq48_h32_l1_d0p0_lr0p0005_bs64,16,0.3825,0.5563,40.1875,34.2661,32.6578,207
hourly,validation,gru_seq48_h32_l1_d0p0_lr0p0005_bs64,17,0.4794,0.6945,44.5456,36.9092,35.8331,207
hourly,validation,gru_seq48_h32_l1_d0p0_lr0p0005_bs64,18,0.5339,0.7049,47.1624,35.8479,32.4618,207
hourly,validation,gru_seq48_h32_l1_d0p0_lr0p0005_bs64,19,0.6231,0.7671,39.9154,32.5823,29.9375,207
hourly,validation,gru_seq48_h32_l1_d0p0_lr0p0005_bs64,20,0.6426,0.7841,42.0533,31.5024,28.2536,207
hourly,validation,gru_seq48_h32_l1_d0p0_lr0p0005_bs64,21,0.4844,0.6253,33.8933,26.7614,23.6831,207
hourly,validation,gru_seq48_h32_l1_d0p0_lr0p0005_bs64,22,0.4628,0.5809,40.8749,34.1096,30.6167,207
hourly,validation,gru_seq48_h32_l1_d0p0_lr0p0005_bs64,23,0.3726,0.4881,54.0231,40.851,41.7331,207
summary,test,gru_seq48_h32_l1_d0p0_lr0p0005_bs64,,0.3363,0.4802,44.6435,36.0644,34.9611,4977
hourly,test,gru_seq48_h32_l1_d0p0_lr0p0005_bs64,0,0.2514,0.3944,38.9682,34.1785,37.9815,207
hourly,test,gru_seq48_h32_l1_d0p0_lr0p0005_bs64,1,0.1957,0.3092,31.6976,30.8458,34.3856,207
hourly,test,gru_seq48_h32_l1_d0p0_lr0p0005_bs64,2,0.1712,0.2759,28.7281,29.1233,32.4334,207
hourly,test,gru_seq48_h32_l1_d0p0_lr0p0005_bs64,3,0.1472,0.2521,28.2585,27.4385,31.5957,207
hourly,test,gru_seq48_h32_l1_d0p0_lr0p0005_bs64,4,0.1571,0.2584,30.3405,29.9185,33.9249,207
hourly,test,gru_seq48_h32_l1_d0p0_lr0p0005_bs64,5,0.1597,0.2618,34.0886,30.2061,35.6118,207
hourly,test,gru_seq48_h32_l1_d0p0_lr0p0005_bs64,6,0.229,0.2969,40.203,34.0895,35.2265,207
hourly,test,gru_seq48_h32_l1_d0p0_lr0p0005_bs64,7,0.4474,0.5499,55.4211,40.3457,34.1056,207
hourly,test,gru_seq48_h32_l1_d0p0_lr0p0005_bs64,8,0.3221,0.4242,38.6851,29.6355,25.7104,207
hourly,test,gru_seq48_h32_l1_d0p0_lr0p0005_bs64,9,0.3486,0.4746,41.9546,32.6712,29.041,207
hourly,test,gru_seq48_h32_l1_d0p0_lr0p0005_bs64,10,0.3833,0.5217,49.0014,37.3456,33.5671,207
hourly,test,gru_seq48_h32_l1_d0p0_lr0p0005_bs64,11,0.387,0.5323,46.6821,37.3042,33.858,207
hourly,test,gru_seq48_h32_l1_d0p0_lr0p0005_bs64,12,0.4202,0.5922,49.0349,40.0167,37.6782,207
hourly,test,gru_seq48_h32_l1_d0p0_lr0p0005_bs64,13,0.3617,0.4732,43.6916,37.5166,34.3311,207
hourly,test,gru_seq48_h32_l1_d0p0_lr0p0005_bs64,14,0.3796,0.5123,50.9366,40.5684,38.3615,207
hourly,test,gru_seq48_h32_l1_d0p0_lr0p0005_bs64,15,0.3495,0.4882,46.9939,38.8622,38.3741,208
hourly,test,gru_seq48_h32_l1_d0p0_lr0p0005_bs64,16,0.3232,0.4258,51.8932,40.3127,39.2037,208
hourly,test,gru_seq48_h32_l1_d0p0_lr0p0005_bs64,17,0.3628,0.505,51.317,41.2351,40.8921,208
hourly,test,gru_seq48_h32_l1_d0p0_lr0p0005_bs64,18,0.4357,0.6296,55.5231,42.1782,40.8391,208
hourly,test,gru_seq48_h32_l1_d0p0_lr0p0005_bs64,19,0.4794,0.6226,59.0254,40.6706,36.6573,208
hourly,test,gru_seq48_h32_l1_d0p0_lr0p0005_bs64,20,0.4743,0.6107,55.2658,36.6201,31.9524,208
hourly,test,gru_seq48_h32_l1_d0p0_lr0p0005_bs64,21,0.5117,0.6505,51.4782,38.1219,33.4034,208
hourly,test,gru_seq48_h32_l1_d0p0_lr0p0005_bs64,22,0.4136,0.5534,43.8164,35.5085,33.9719,208
hourly,test,gru_seq48_h32_l1_d0p0_lr0p0005_bs64,23,0.3562,0.5054,48.1408,40.6892,41.7541,208
summary,validation,gru_seq48_h32_l2_d0p0_lr0p001_bs64,,0.3749,0.5432,38.0585,31.9588,30.0704,4976
hourly,validation,gru_seq48_h32_l2_d0p0_lr0p001_bs64,0,0.2315,0.3346,38.7068,33.291,36.4575,207
hourly,validation,gru_seq48_h32_l2_d0p0_lr0p001_bs64,1,0.1687,0.2762,30.5833,27.8555,31.8122,207
hourly,validation,gru_seq48_h32_l2_d0p0_lr0p001_bs64,2,0.1471,0.2431,28.7488,25.9961,30.6152,207
hourly,validation,gru_seq48_h32_l2_d0p0_lr0p001_bs64,3,0.1325,0.2124,29.5985,25.7162,30.5512,207
hourly,validation,gru_seq48_h32_l2_d0p0_lr0p001_bs64,4,0.1251,0.2062,27.5713,25.9839,30.3112,207
hourly,validation,gru_seq48_h32_l2_d0p0_lr0p001_bs64,5,0.1515,0.2124,33.8656,31.3629,34.6238,207
hourly,validation,gru_seq48_h32_l2_d0p0_lr0p001_bs64,6,0.306,0.4,42.6731,36.5163,36.9615,207
hourly,validation,gru_seq48_h32_l2_d0p0_lr0p001_bs64,7,0.5011,0.6376,44.3995,34.5514,28.3212,208
hourly,validation,gru_seq48_h32_l2_d0p0_lr0p001_bs64,8,0.3803,0.5043,32.6873,26.2169,23.1281,208
hourly,validation,gru_seq48_h32_l2_d0p0_lr0p001_bs64,9,0.335,0.4457,30.9658,23.887,21.6428,208
hourly,validation,gru_seq48_h32_l2_d0p0_lr0p001_bs64,10,0.3601,0.4942,29.8165,25.2081,23.8648,208
hourly,validation,gru_seq48_h32_l2_d0p0_lr0p001_bs64,11,0.4149,0.6201,38.4582,29.9743,27.6237,208
hourly,validation,gru_seq48_h32_l2_d0p0_lr0p001_bs64,12,0.4256,0.6161,41.1175,31.8912,29.4327,208
hourly,validation,gru_seq48_h32_l2_d0p0_lr0p001_bs64,13,0.4336,0.5741,45.9794,36.7865,32.1455,208
hourly,validation,gru_seq48_h32_l2_d0p0_lr0p001_bs64,14,0.419,0.5997,46.4943,36.1256,33.5874,208
hourly,validation,gru_seq48_h32_l2_d0p0_lr0p001_bs64,15,0.4437,0.6472,47.4359,38.863,37.52,207
hourly,validation,gru_seq48_h32_l2_d0p0_lr0p001_bs64,16,0.3872,0.5662,40.6639,35.4387,33.058,207
hourly,validation,gru_seq48_h32_l2_d0p0_lr0p001_bs64,17,0.4786,0.6901,43.7728,37.3349,35.7741,207
hourly,validation,gru_seq48_h32_l2_d0p0_lr0p001_bs64,18,0.5348,0.7137,44.2808,36.2527,32.5128,207
hourly,validation,gru_seq48_h32_l2_d0p0_lr0p001_bs64,19,0.6298,0.7818,36.7337,32.9473,30.2552,207
hourly,validation,gru_seq48_h32_l2_d0p0_lr0p001_bs64,20,0.6142,0.7653,37.088,30.5104,27.0055,207
hourly,validation,gru_seq48_h32_l2_d0p0_lr0p001_bs64,21,0.5179,0.6648,32.5301,28.284,25.3216,207
hourly,validation,gru_seq48_h32_l2_d0p0_lr0p001_bs64,22,0.5052,0.627,41.9317,37.2682,33.4197,207
hourly,validation,gru_seq48_h32_l2_d0p0_lr0p001_bs64,23,0.3537,0.4752,47.2756,38.802,39.6204,207
summary,test,gru_seq48_h32_l2_d0p0_lr0p001_bs64,,0.3325,0.4831,42.571,35.3185,34.5633,4977
hourly,test,gru_seq48_h32_l2_d0p0_lr0p001_bs64,0,0.2405,0.4044,34.7922,32.6474,36.3405,207
hourly,test,gru_seq48_h32_l2_d0p0_lr0p001_bs64,1,0.2057,0.3403,30.0284,31.7973,36.1445,207
hourly,test,gru_seq48_h32_l2_d0p0_lr0p001_bs64,2,0.1682,0.2768,27.3466,28.7048,31.8589,207
hourly,test,gru_seq48_h32_l2_d0p0_lr0p001_bs64,3,0.1405,0.2492,25.8039,25.8447,30.1474,207
hourly,test,gru_seq48_h32_l2_d0p0_lr0p001_bs64,4,0.1599,0.2621,30.1131,30.5866,34.539,207
hourly,test,gru_seq48_h32_l2_d0p0_lr0p001_bs64,5,0.1548,0.2547,32.0309,29.8752,34.5035,207
hourly,test,gru_seq48_h32_l2_d0p0_lr0p001_bs64,6,0.2225,0.2886,40.2576,33.6459,34.228,207
hourly,test,gru_seq48_h32_l2_d0p0_lr0p001_bs64,7,0.4445,0.5668,52.5674,39.1783,33.8862,207
hourly,test,gru_seq48_h32_l2_d0p0_lr0p001_bs64,8,0.3141,0.4156,38.9676,28.8202,25.0756,207
hourly,test,gru_seq48_h32_l2_d0p0_lr0p001_bs64,9,0.3506,0.478,46.0814,32.7358,29.2096,207
hourly,test,gru_seq48_h32_l2_d0p0_lr0p001_bs64,10,0.3949,0.5336,53.1972,37.97,34.5863,207
hourly,test,gru_seq48_h32_l2_d0p0_lr0p001_bs64,11,0.3861,0.5311,48.3821,37.4917,33.7768,207
hourly,test,gru_seq48_h32_l2_d0p0_lr0p001_bs64,12,0.4158,0.5844,46.9902,38.9439,37.278,207
hourly,test,gru_seq48_h32_l2_d0p0_lr0p001_bs64,13,0.3522,0.4627,40.941,35.7173,33.4285,207
hourly,test,gru_seq48_h32_l2_d0p0_lr0p001_bs64,14,0.3861,0.5251,49.656,41.0567,39.0166,207
hourly,test,gru_seq48_h32_l2_d0p0_lr0p001_bs64,15,0.3443,0.4786,45.587,38.1287,37.7971,208
hourly,test,gru_seq48_h32_l2_d0p0_lr0p001_bs64,16,0.3315,0.4312,50.7321,40.4753,40.2057,208
hourly,test,gru_seq48_h32_l2_d0p0_lr0p001_bs64,17,0.3721,0.5132,51.1577,42.0605,41.9397,208
hourly,test,gru_seq48_h32_l2_d0p0_lr0p001_bs64,18,0.4188,0.6206,49.7668,39.852,39.248,208
hourly,test,gru_seq48_h32_l2_d0p0_lr0p001_bs64,19,0.4373,0.6099,49.0935,36.8622,33.4359,208
hourly,test,gru_seq48_h32_l2_d0p0_lr0p001_bs64,20,0.4464,0.5941,47.5381,33.9669,30.0697,208
hourly,test,gru_seq48_h32_l2_d0p0_lr0p001_bs64,21,0.5155,0.6705,46.2758,36.9572,33.6557,208
hourly,test,gru_seq48_h32_l2_d0p0_lr0p001_bs64,22,0.4311,0.5714,42.1202,36.1195,35.4095,208
hourly,test,gru_seq48_h32_l2_d0p0_lr0p001_bs64,23,0.3428,0.5257,42.079,38.0857,40.1772,208
summary,validation,gru_seq48_h32_l2_d0p0_lr0p0005_bs64,,0.3743,0.5409,39.1859,32.1082,30.0191,4976
hourly,validation,gru_seq48_h32_l2_d0p0_lr0p0005_bs64,0,0.2352,0.3361,41.1608,34.3134,37.0261,207
hourly,validation,gru_seq48_h32_l2_d0p0_lr0p0005_bs64,1,0.1719,0.2837,30.827,29.0369,32.4159,207
hourly,validation,gru_seq48_h32_l2_d0p0_lr0p0005_bs64,2,0.1465,0.2428,28.1922,26.417,30.4788,207
hourly,validation,gru_seq48_h32_l2_d0p0_lr0p0005_bs64,3,0.1341,0.2119,29.3736,26.5255,30.9245,207
hourly,validation,gru_seq48_h32_l2_d0p0_lr0p0005_bs64,4,0.1242,0.2069,27.2659,25.743,30.0933,207
hourly,validation,gru_seq48_h32_l2_d0p0_lr0p0005_bs64,5,0.1775,0.2297,42.9289,36.3372,40.5611,207
hourly,validation,gru_seq48_h32_l2_d0p0_lr0p0005_bs64,6,0.3086,0.4046,45.4887,35.475,37.278,207
hourly,validation,gru_seq48_h32_l2_d0p0_lr0p0005_bs64,7,0.4888,0.6191,45.7423,33.8549,27.6263,208
hourly,validation,gru_seq48_h32_l2_d0p0_lr0p0005_bs64,8,0.3913,0.5144,34.0307,26.8252,23.8003,208
hourly,validation,gru_seq48_h32_l2_d0p0_lr0p0005_bs64,9,0.3354,0.4496,31.3428,24.125,21.6654,208
hourly,validation,gru_seq48_h32_l2_d0p0_lr0p0005_bs64,10,0.3563,0.4865,29.9702,25.1021,23.6132,208
hourly,validation,gru_seq48_h32_l2_d0p0_lr0p0005_bs64,11,0.4153,0.6178,39.9095,30.1485,27.6545,208
hourly,validation,gru_seq48_h32_l2_d0p0_lr0p0005_bs64,12,0.4262,0.6113,43.0141,32.0376,29.4755,208
hourly,validation,gru_seq48_h32_l2_d0p0_lr0p0005_bs64,13,0.4268,0.5703,47.1513,36.4676,31.6374,208
hourly,validation,gru_seq48_h32_l2_d0p0_lr0p0005_bs64,14,0.4153,0.5968,47.481,36.2775,33.2895,208
hourly,validation,gru_seq48_h32_l2_d0p0_lr0p0005_bs64,15,0.4437,0.6483,47.1499,38.5983,37.5193,207
hourly,validation,gru_seq48_h32_l2_d0p0_lr0p0005_bs64,16,0.3934,0.5749,39.7559,35.3465,33.5878,207
hourly,validation,gru_seq48_h32_l2_d0p0_lr0p0005_bs64,17,0.465,0.6905,40.4465,35.8364,34.758,207
hourly,validation,gru_seq48_h32_l2_d0p0_lr0p0005_bs64,18,0.5334,0.7193,43.0331,36.1375,32.4294,207
hourly,validation,gru_seq48_h32_l2_d0p0_lr0p0005_bs64,19,0.6152,0.7679,36.2261,32.2934,29.5574,207
hourly,validation,gru_seq48_h32_l2_d0p0_lr0p0005_bs64,20,0.6346,0.7742,39.5702,31.3414,27.9013,207
hourly,validation,gru_seq48_h32_l2_d0p0_lr0p0005_bs64,21,0.5119,0.656,35.2211,28.1048,25.0308,207
hourly,validation,gru_seq48_h32_l2_d0p0_lr0p0005_bs64,22,0.4691,0.5842,43.0246,34.3314,31.0315,207
hourly,validation,gru_seq48_h32_l2_d0p0_lr0p0005_bs64,23,0.3621,0.4854,52.1304,39.9796,40.5543,207
summary,test,gru_seq48_h32_l2_d0p0_lr0p0005_bs64,,0.3349,0.4838,44.0851,35.9526,34.8157,4977
hourly,test,gru_seq48_h32_l2_d0p0_lr0p0005_bs64,0,0.2393,0.4013,34.7557,32.6038,36.1496,207
hourly,test,gru_seq48_h32_l2_d0p0_lr0p0005_bs64,1,0.2028,0.3287,30.1106,32.2331,35.6429,207
hourly,test,gru_seq48_h32_l2_d0p0_lr0p0005_bs64,2,0.1716,0.2845,27.7907,29.0532,32.5054,207
hourly,test,gru_seq48_h32_l2_d0p0_lr0p0005_bs64,3,0.1439,0.2489,27.0998,26.7027,30.8932,207
hourly,test,gru_seq48_h32_l2_d0p0_lr0p0005_bs64,4,0.1595,0.2567,30.8926,30.635,34.4611,207
hourly,test,gru_seq48_h32_l2_d0p0_lr0p0005_bs64,5,0.1724,0.262,38.8614,33.2721,38.4486,207
hourly,test,gru_seq48_h32_l2_d0p0_lr0p0005_bs64,6,0.2433,0.3065,45.6971,35.8912,37.432,207
hourly,test,gru_seq48_h32_l2_d0p0_lr0p0005_bs64,7,0.458,0.5809,57.9834,40.6897,34.9134,207
hourly,test,gru_seq48_h32_l2_d0p0_lr0p0005_bs64,8,0.3138,0.4136,39.0269,28.7315,25.0517,207
hourly,test,gru_seq48_h32_l2_d0p0_lr0p0005_bs64,9,0.3474,0.4718,44.4006,32.6704,28.9405,207
hourly,test,gru_seq48_h32_l2_d0p0_lr0p0005_bs64,10,0.3881,0.5281,51.1649,37.8069,33.9914,207
hourly,test,gru_seq48_h32_l2_d0p0_lr0p0005_bs64,11,0.3857,0.5316,48.409,37.4091,33.74,207
hourly,test,gru_seq48_h32_l2_d0p0_lr0p0005_bs64,12,0.4112,0.5822,48.6089,39.0375,36.8684,207
hourly,test,gru_seq48_h32_l2_d0p0_lr0p0005_bs64,13,0.358,0.4676,43.9226,36.3454,33.986,207
hourly,test,gru_seq48_h32_l2_d0p0_lr0p0005_bs64,14,0.3874,0.524,53.0553,41.7382,39.1462,207
hourly,test,gru_seq48_h32_l2_d0p0_lr0p0005_bs64,15,0.3454,0.4757,46.1992,38.386,37.9237,208
hourly,test,gru_seq48_h32_l2_d0p0_lr0p0005_bs64,16,0.3274,0.4253,50.7878,40.9374,39.7072,208
hourly,test,gru_seq48_h32_l2_d0p0_lr0p0005_bs64,17,0.3635,0.5074,48.9702,41.5651,40.972,208
hourly,test,gru_seq48_h32_l2_d0p0_lr0p0005_bs64,18,0.4247,0.6352,49.8224,40.6408,39.8046,208
hourly,test,gru_seq48_h32_l2_d0p0_lr0p0005_bs64,19,0.4487,0.6216,51.997,38.4087,34.3125,208
hourly,test,gru_seq48_h32_l2_d0p0_lr0p0005_bs64,20,0.4535,0.6008,50.3517,35.0045,30.548,208
hourly,test,gru_seq48_h32_l2_d0p0_lr0p0005_bs64,21,0.5114,0.6677,48.3586,37.4429,33.3845,208
hourly,test,gru_seq48_h32_l2_d0p0_lr0p0005_bs64,22,0.4264,0.5668,43.8377,35.8879,35.0278,208
hourly,test,gru_seq48_h32_l2_d0p0_lr0p0005_bs64,23,0.3506,0.5167,45.7479,39.6529,41.1016,208
summary,validation,gru_seq48_h32_l2_d0p2_lr0p001_bs64,,0.3776,0.542,39.7456,32.5454,30.2828,4976
hourly,validation,gru_seq48_h32_l2_d0p2_lr0p001_bs64,0,0.2407,0.3321,45.5697,36.0722,37.8974,207
hourly,validation,gru_seq48_h32_l2_d0p2_lr0p001_bs64,1,0.1867,0.2826,37.6969,31.391,35.216,207
hourly,validation,gru_seq48_h32_l2_d0p2_lr0p001_bs64,2,0.1576,0.243,32.9654,28.2852,32.8001,207
hourly,validation,gru_seq48_h32_l2_d0p2_lr0p001_bs64,3,0.1358,0.216,31.0794,26.2817,31.3068,207
hourly,validation,gru_seq48_h32_l2_d0p2_lr0p001_bs64,4,0.127,0.2081,28.7552,26.2543,30.7583,207
hourly,validation,gru_seq48_h32_l2_d0p2_lr0p001_bs64,5,0.1649,0.2187,38.5092,34.096,37.6659,207
hourly,validation,gru_seq48_h32_l2_d0p2_lr0p001_bs64,6,0.3033,0.3919,43.4896,36.2577,36.6355,207
hourly,validation,gru_seq48_h32_l2_d0p2_lr0p001_bs64,7,0.5181,0.6446,45.2403,35.8133,29.2816,208
hourly,validation,gru_seq48_h32_l2_d0p2_lr0p001_bs64,8,0.3815,0.5047,31.8216,26.1998,23.2004,208
hourly,validation,gru_seq48_h32_l2_d0p2_lr0p001_bs64,9,0.3461,0.4646,30.7872,24.6482,22.3619,208
hourly,validation,gru_seq48_h32_l2_d0p2_lr0p001_bs64,10,0.3539,0.4876,28.9454,25.2817,23.4561,208
hourly,validation,gru_seq48_h32_l2_d0p2_lr0p001_bs64,11,0.4205,0.625,37.8459,30.5101,27.9965,208
hourly,validation,gru_seq48_h32_l2_d0p2_lr0p001_bs64,12,0.4289,0.6262,41.3012,32.1737,29.6606,208
hourly,validation,gru_seq48_h32_l2_d0p2_lr0p001_bs64,13,0.4266,0.5729,44.1014,35.5777,31.6221,208
hourly,validation,gru_seq48_h32_l2_d0p2_lr0p001_bs64,14,0.4253,0.6132,45.7824,36.4581,34.0915,208
hourly,validation,gru_seq48_h32_l2_d0p2_lr0p001_bs64,15,0.4325,0.6427,45.8428,37.6266,36.5771,207
hourly,validation,gru_seq48_h32_l2_d0p2_lr0p001_bs64,16,0.3844,0.5581,41.3375,35.2667,32.8199,207
hourly,validation,gru_seq48_h32_l2_d0p2_lr0p001_bs64,17,0.484,0.6955,46.11,37.6595,36.1769,207
hourly,validation,gru_seq48_h32_l2_d0p2_lr0p001_bs64,18,0.5417,0.702,48.4924,37.0324,32.9334,207
hourly,validation,gru_seq48_h32_l2_d0p2_lr0p001_bs64,19,0.6227,0.767,38.2395,32.7773,29.9175,207
hourly,validation,gru_seq48_h32_l2_d0p2_lr0p001_bs64,20,0.6282,0.7797,38.7737,31.3447,27.618,207
hourly,validation,gru_seq48_h32_l2_d0p2_lr0p001_bs64,21,0.5127,0.6543,33.1956,28.1634,25.069,207
hourly,validation,gru_seq48_h32_l2_d0p2_lr0p001_bs64,22,0.4629,0.5803,41.4428,34.3467,30.6242,207
hourly,validation,gru_seq48_h32_l2_d0p2_lr0p001_bs64,23,0.3747,0.4861,56.6278,41.6383,41.9663,207
summary,test,gru_seq48_h32_l2_d0p2_lr0p001_bs64,,0.3314,0.4785,43.4268,35.3752,34.4556,4977
hourly,test,gru_seq48_h32_l2_d0p2_lr0p001_bs64,0,0.2524,0.3956,39.8509,34.5896,38.1358,207
hourly,test,gru_seq48_h32_l2_d0p2_lr0p001_bs64,1,0.2001,0.3134,33.7833,31.5561,35.1521,207
hourly,test,gru_seq48_h32_l2_d0p2_lr0p001_bs64,2,0.1693,0.2625,30.8837,29.3669,32.0794,207
hourly,test,gru_seq48_h32_l2_d0p2_lr0p001_bs64,3,0.1413,0.2288,28.8632,27.1223,30.3281,207
hourly,test,gru_seq48_h32_l2_d0p2_lr0p001_bs64,4,0.1612,0.2508,32.2575,31.0806,34.8127,207
hourly,test,gru_seq48_h32_l2_d0p2_lr0p001_bs64,5,0.1583,0.2485,34.7363,30.8496,35.3005,207
hourly,test,gru_seq48_h32_l2_d0p2_lr0p001_bs64,6,0.22,0.2915,39.353,33.2546,33.8342,207
hourly,test,gru_seq48_h32_l2_d0p2_lr0p001_bs64,7,0.4519,0.5751,50.7291,39.1727,34.4438,207
hourly,test,gru_seq48_h32_l2_d0p2_lr0p001_bs64,8,0.3023,0.4089,35.7735,27.5094,24.1342,207
hourly,test,gru_seq48_h32_l2_d0p2_lr0p001_bs64,9,0.344,0.475,41.6864,31.8811,28.6574,207
hourly,test,gru_seq48_h32_l2_d0p2_lr0p001_bs64,10,0.3847,0.5349,48.7251,36.5927,33.6918,207
hourly,test,gru_seq48_h32_l2_d0p2_lr0p001_bs64,11,0.3903,0.5417,47.3803,37.5728,34.1456,207
hourly,test,gru_seq48_h32_l2_d0p2_lr0p001_bs64,12,0.4128,0.5801,46.9486,38.8802,37.0163,207
hourly,test,gru_seq48_h32_l2_d0p2_lr0p001_bs64,13,0.3543,0.4667,41.7362,35.758,33.6304,207
hourly,test,gru_seq48_h32_l2_d0p2_lr0p001_bs64,14,0.3772,0.5171,49.3392,40.4872,38.1196,207
hourly,test,gru_seq48_h32_l2_d0p2_lr0p001_bs64,15,0.3268,0.4619,43.2263,36.2792,35.8751,208
hourly,test,gru_seq48_h32_l2_d0p2_lr0p001_bs64,16,0.3252,0.4324,50.5513,39.699,39.4401,208
hourly,test,gru_seq48_h32_l2_d0p2_lr0p001_bs64,17,0.3698,0.5082,52.6939,41.8982,41.6809,208
hourly,test,gru_seq48_h32_l2_d0p2_lr0p001_bs64,18,0.434,0.6233,54.6758,41.6348,40.6726,208
hourly,test,gru_seq48_h32_l2_d0p2_lr0p001_bs64,19,0.4489,0.6143,54.3569,38.4605,34.325,208
hourly,test,gru_seq48_h32_l2_d0p2_lr0p001_bs64,20,0.45,0.598,48.9103,34.212,30.3162,208
hourly,test,gru_seq48_h32_l2_d0p2_lr0p001_bs64,21,0.5076,0.6634,45.9548,36.5642,33.1378,208
hourly,test,gru_seq48_h32_l2_d0p2_lr0p001_bs64,22,0.4169,0.5519,42.2685,34.8682,34.2469,208
hourly,test,gru_seq48_h32_l2_d0p2_lr0p001_bs64,23,0.3518,0.5044,47.3224,39.5955,41.2423,208
summary,validation,gru_seq48_h32_l2_d0p2_lr0p0005_bs64,,0.3778,0.5412,39.6735,32.4985,30.2964,4976
hourly,validation,gru_seq48_h32_l2_d0p2_lr0p0005_bs64,0,0.232,0.3309,40.6642,34.2301,36.5342,207
hourly,validation,gru_seq48_h32_l2_d0p2_lr0p0005_bs64,1,0.1745,0.2811,31.6407,28.7052,32.905,207
hourly,validation,gru_seq48_h32_l2_d0p2_lr0p0005_bs64,2,0.1507,0.2365,30.3335,27.2079,31.3496,207
hourly,validation,gru_seq48_h32_l2_d0p2_lr0p0005_bs64,3,0.1401,0.2089,32.6166,27.8375,32.3003,207
hourly,validation,gru_seq48_h32_l2_d0p2_lr0p0005_bs64,4,0.1332,0.2038,31.472,28.0084,32.2698,207
hourly,validation,gru_seq48_h32_l2_d0p2_lr0p0005_bs64,5,0.1671,0.2205,38.8768,34.57,38.1815,207
hourly,validation,gru_seq48_h32_l2_d0p2_lr0p0005_bs64,6,0.3141,0.4048,43.3495,37.0091,37.94,207
hourly,validation,gru_seq48_h32_l2_d0p2_lr0p0005_bs64,7,0.4882,0.6271,42.2987,33.0308,27.5914,208
hourly,validation,gru_seq48_h32_l2_d0p2_lr0p0005_bs64,8,0.3894,0.5076,32.5343,26.5664,23.6844,208
hourly,validation,gru_seq48_h32_l2_d0p2_lr0p0005_bs64,9,0.3373,0.4567,31.1191,24.1557,21.788,208
hourly,validation,gru_seq48_h32_l2_d0p2_lr0p0005_bs64,10,0.3563,0.483,29.4062,25.4759,23.6158,208
hourly,validation,gru_seq48_h32_l2_d0p2_lr0p0005_bs64,11,0.419,0.6205,37.95,30.4798,27.8986,208
hourly,validation,gru_seq48_h32_l2_d0p2_lr0p0005_bs64,12,0.4324,0.6195,41.5725,32.3132,29.9014,208
hourly,validation,gru_seq48_h32_l2_d0p2_lr0p0005_bs64,13,0.4371,0.5736,46.4616,36.8301,32.4046,208
hourly,validation,gru_seq48_h32_l2_d0p2_lr0p0005_bs64,14,0.4279,0.6054,48.9324,37.1905,34.2962,208
hourly,validation,gru_seq48_h32_l2_d0p2_lr0p0005_bs64,15,0.4357,0.6386,49.2357,38.6787,36.8503,207
hourly,validation,gru_seq48_h32_l2_d0p2_lr0p0005_bs64,16,0.3918,0.5622,43.1586,36.2585,33.4531,207
hourly,validation,gru_seq48_h32_l2_d0p2_lr0p0005_bs64,17,0.4765,0.6968,43.2201,36.763,35.6216,207
hourly,validation,gru_seq48_h32_l2_d0p2_lr0p0005_bs64,18,0.5347,0.6996,45.0613,36.2636,32.5065,207
hourly,validation,gru_seq48_h32_l2_d0p2_lr0p0005_bs64,19,0.6431,0.7829,39.5116,33.9314,30.8967,207
hourly,validation,gru_seq48_h32_l2_d0p2_lr0p0005_bs64,20,0.6348,0.7814,40.6802,31.3441,27.9088,207
hourly,validation,gru_seq48_h32_l2_d0p2_lr0p0005_bs64,21,0.5201,0.6586,35.6958,28.4706,25.4305,207
hourly,validation,gru_seq48_h32_l2_d0p2_lr0p0005_bs64,22,0.4647,0.5839,43.0257,34.3766,30.7439,207
hourly,validation,gru_seq48_h32_l2_d0p2_lr0p0005_bs64,23,0.364,0.4816,53.382,40.3345,40.7732,207
summary,test,gru_seq48_h32_l2_d0p2_lr0p0005_bs64,,0.3352,0.483,44.4153,35.7925,34.8461,4977
hourly,test,gru_seq48_h32_l2_d0p2_lr0p0005_bs64,0,0.2445,0.4013,35.9919,33.0155,36.9386,207
hourly,test,gru_seq48_h32_l2_d0p2_lr0p0005_bs64,1,0.1956,0.3232,29.6055,30.1477,34.3727,207
hourly,test,gru_seq48_h32_l2_d0p2_lr0p0005_bs64,2,0.1655,0.2704,28.0525,28.1416,31.363,207
hourly,test,gru_seq48_h32_l2_d0p2_lr0p0005_bs64,3,0.1443,0.2365,28.8609,27.1741,30.9779,207
hourly,test,gru_seq48_h32_l2_d0p2_lr0p0005_bs64,4,0.1619,0.2457,33.1678,31.569,34.9638,207
hourly,test,gru_seq48_h32_l2_d0p2_lr0p0005_bs64,5,0.1677,0.2587,37.5645,32.7352,37.3798,207
hourly,test,gru_seq48_h32_l2_d0p2_lr0p0005_bs64,6,0.2353,0.3045,42.9115,34.6802,36.1969,207
hourly,test,gru_seq48_h32_l2_d0p2_lr0p0005_bs64,7,0.4405,0.5633,53.2237,38.762,33.5785,207
hourly,test,gru_seq48_h32_l2_d0p2_lr0p0005_bs64,8,0.317,0.4174,39.713,28.9137,25.3063,207
hourly,test,gru_seq48_h32_l2_d0p2_lr0p0005_bs64,9,0.3495,0.4792,44.6061,32.6832,29.1146,207
hourly,test,gru_seq48_h32_l2_d0p2_lr0p0005_bs64,10,0.3891,0.5318,50.7528,37.7852,34.0764,207
hourly,test,gru_seq48_h32_l2_d0p2_lr0p0005_bs64,11,0.3962,0.5465,48.7427,38.7689,34.6652,207
hourly,test,gru_seq48_h32_l2_d0p2_lr0p0005_bs64,12,0.4265,0.591,48.8443,40.4149,38.2409,207
hourly,test,gru_seq48_h32_l2_d0p2_lr0p0005_bs64,13,0.3659,0.4753,43.5113,36.9874,34.7285,207
hourly,test,gru_seq48_h32_l2_d0p2_lr0p0005_bs64,14,0.3881,0.5189,52.6916,42.2773,39.2258,207
hourly,test,gru_seq48_h32_l2_d0p2_lr0p0005_bs64,15,0.3388,0.4705,46.3861,37.9586,37.1917,208
hourly,test,gru_seq48_h32_l2_d0p2_lr0p0005_bs64,16,0.3276,0.4329,51.7276,40.1037,39.7336,208
hourly,test,gru_seq48_h32_l2_d0p2_lr0p0005_bs64,17,0.3648,0.5012,51.7615,41.9407,41.1203,208
hourly,test,gru_seq48_h32_l2_d0p2_lr0p0005_bs64,18,0.435,0.6368,53.1306,41.3743,40.7652,208
hourly,test,gru_seq48_h32_l2_d0p2_lr0p0005_bs64,19,0.4535,0.6219,55.4458,38.7531,34.6764,208
hourly,test,gru_seq48_h32_l2_d0p2_lr0p0005_bs64,20,0.4588,0.6097,52.2829,35.1276,30.9068,208
hourly,test,gru_seq48_h32_l2_d0p2_lr0p0005_bs64,21,0.5208,0.6707,49.7903,37.3421,33.9983,208
hourly,test,gru_seq48_h32_l2_d0p2_lr0p0005_bs64,22,0.414,0.5504,43.337,34.664,34.0095,208
hourly,test,gru_seq48_h32_l2_d0p2_lr0p0005_bs64,23,0.3404,0.5064,43.6349,37.589,39.8976,208
summary,validation,gru_seq48_h32_l2_d0p3_lr0p001_bs64,,0.3718,0.5403,38.2607,31.7462,29.8152,4976
hourly,validation,gru_seq48_h32_l2_d0p3_lr0p001_bs64,0,0.2274,0.3249,40.4518,33.5135,35.8027,207
hourly,validation,gru_seq48_h32_l2_d0p3_lr0p001_bs64,1,0.1742,0.2868,31.0211,28.3438,32.8628,207
hourly,validation,gru_seq48_h32_l2_d0p3_lr0p001_bs64,2,0.149,0.2412,28.6381,26.5085,31.001,207
hourly,validation,gru_seq48_h32_l2_d0p3_lr0p001_bs64,3,0.128,0.207,27.3514,24.8278,29.5218,207
hourly,validation,gru_seq48_h32_l2_d0p3_lr0p001_bs64,4,0.1186,0.1996,25.3426,24.5838,28.7375,207
hourly,validation,gru_seq48_h32_l2_d0p3_lr0p001_bs64,5,0.155,0.2205,33.9277,31.8871,35.4177,207
hourly,validation,gru_seq48_h32_l2_d0p3_lr0p001_bs64,6,0.2929,0.387,39.3946,35.2094,35.3815,207
hourly,validation,gru_seq48_h32_l2_d0p3_lr0p001_bs64,7,0.5072,0.6671,40.876,33.7202,28.6679,208
hourly,validation,gru_seq48_h32_l2_d0p3_lr0p001_bs64,8,0.3799,0.5019,30.813,25.9778,23.1029,208
hourly,validation,gru_seq48_h32_l2_d0p3_lr0p001_bs64,9,0.331,0.4492,29.7271,23.8193,21.3815,208
hourly,validation,gru_seq48_h32_l2_d0p3_lr0p001_bs64,10,0.3474,0.4811,29.1898,24.7276,23.0282,208
hourly,validation,gru_seq48_h32_l2_d0p3_lr0p001_bs64,11,0.4154,0.6193,38.9815,30.3672,27.6619,208
hourly,validation,gru_seq48_h32_l2_d0p3_lr0p001_bs64,12,0.4317,0.6263,42.9471,32.6426,29.8556,208
hourly,validation,gru_seq48_h32_l2_d0p3_lr0p001_bs64,13,0.4295,0.5699,46.2182,36.1343,31.8408,208
hourly,validation,gru_seq48_h32_l2_d0p3_lr0p001_bs64,14,0.427,0.6056,47.7826,36.9906,34.2261,208
hourly,validation,gru_seq48_h32_l2_d0p3_lr0p001_bs64,15,0.4356,0.6391,47.219,38.3131,36.8375,207
hourly,validation,gru_seq48_h32_l2_d0p3_lr0p001_bs64,16,0.3869,0.5613,40.7983,35.3443,33.0318,207
hourly,validation,gru_seq48_h32_l2_d0p3_lr0p001_bs64,17,0.4755,0.6955,42.7042,36.6139,35.5478,207
hourly,validation,gru_seq48_h32_l2_d0p3_lr0p001_bs64,18,0.5411,0.7122,45.6133,36.8314,32.8988,207
hourly,validation,gru_seq48_h32_l2_d0p3_lr0p001_bs64,19,0.6141,0.7595,37.7548,32.309,29.5014,207
hourly,validation,gru_seq48_h32_l2_d0p3_lr0p001_bs64,20,0.6254,0.7821,39.4461,30.8968,27.4955,207
hourly,validation,gru_seq48_h32_l2_d0p3_lr0p001_bs64,21,0.4952,0.6358,33.6426,27.3252,24.2116,207
hourly,validation,gru_seq48_h32_l2_d0p3_lr0p001_bs64,22,0.4623,0.5795,42.4476,34.1361,30.5826,207
hourly,validation,gru_seq48_h32_l2_d0p3_lr0p001_bs64,23,0.3701,0.4863,55.9669,40.9317,41.458,207
summary,test,gru_seq48_h32_l2_d0p3_lr0p001_bs64,,0.3327,0.4812,43.7314,35.3755,34.5838,4977
hourly,test,gru_seq48_h32_l2_d0p3_lr0p001_bs64,0,0.2473,0.3976,37.1399,33.3693,37.3621,207
hourly,test,gru_seq48_h32_l2_d0p3_lr0p001_bs64,1,0.1962,0.3226,29.6092,30.246,34.4765,207
hourly,test,gru_seq48_h32_l2_d0p3_lr0p001_bs64,2,0.1616,0.2663,26.6887,27.6139,30.6187,207
hourly,test,gru_seq48_h32_l2_d0p3_lr0p001_bs64,3,0.1302,0.2277,24.5813,24.3472,27.9493,207
hourly,test,gru_seq48_h32_l2_d0p3_lr0p001_bs64,4,0.1577,0.2522,30.1865,30.4432,34.0547,207
hourly,test,gru_seq48_h32_l2_d0p3_lr0p001_bs64,5,0.1537,0.2489,32.496,29.938,34.2657,207
hourly,test,gru_seq48_h32_l2_d0p3_lr0p001_bs64,6,0.2197,0.2876,39.1364,33.3914,33.7965,207
hourly,test,gru_seq48_h32_l2_d0p3_lr0p001_bs64,7,0.4591,0.5955,53.0041,39.9429,34.9978,207
hourly,test,gru_seq48_h32_l2_d0p3_lr0p001_bs64,8,0.3165,0.4224,38.9414,28.5009,25.2667,207
hourly,test,gru_seq48_h32_l2_d0p3_lr0p001_bs64,9,0.351,0.4877,44.4635,32.4118,29.2429,207
hourly,test,gru_seq48_h32_l2_d0p3_lr0p001_bs64,10,0.3915,0.5361,52.0327,37.8175,34.2889,207
hourly,test,gru_seq48_h32_l2_d0p3_lr0p001_bs64,11,0.3912,0.539,49.4692,38.2534,34.2277,207
hourly,test,gru_seq48_h32_l2_d0p3_lr0p001_bs64,12,0.4125,0.5773,48.6915,39.2051,36.9857,207
hourly,test,gru_seq48_h32_l2_d0p3_lr0p001_bs64,13,0.3559,0.4646,43.1528,36.1032,33.7865,207
hourly,test,gru_seq48_h32_l2_d0p3_lr0p001_bs64,14,0.3813,0.5199,51.8719,41.3554,38.5334,207
hourly,test,gru_seq48_h32_l2_d0p3_lr0p001_bs64,15,0.3339,0.4634,45.7374,37.2889,36.6538,208
hourly,test,gru_seq48_h32_l2_d0p3_lr0p001_bs64,16,0.3316,0.4376,52.1462,40.6783,40.2246,208
hourly,test,gru_seq48_h32_l2_d0p3_lr0p001_bs64,17,0.3721,0.5128,52.5754,42.3805,41.9433,208
hourly,test,gru_seq48_h32_l2_d0p3_lr0p001_bs64,18,0.4348,0.6292,54.4496,41.8116,40.7499,208
hourly,test,gru_seq48_h32_l2_d0p3_lr0p001_bs64,19,0.4573,0.6178,55.6561,38.9526,34.9667,208
hourly,test,gru_seq48_h32_l2_d0p3_lr0p001_bs64,20,0.4578,0.6013,50.8798,34.8538,30.8404,208
hourly,test,gru_seq48_h32_l2_d0p3_lr0p001_bs64,21,0.5008,0.6506,46.5142,36.1867,32.6973,208
hourly,test,gru_seq48_h32_l2_d0p3_lr0p001_bs64,22,0.4144,0.5533,42.9694,34.5982,34.0435,208
hourly,test,gru_seq48_h32_l2_d0p3_lr0p001_bs64,23,0.3522,0.506,46.8989,39.19,41.2885,208
summary,validation,gru_seq48_h32_l2_d0p3_lr0p0005_bs64,,0.3754,0.5418,38.4461,32.0783,30.1079,4976
hourly,validation,gru_seq48_h32_l2_d0p3_lr0p0005_bs64,0,0.2205,0.3308,35.7533,31.893,34.7227,207
hourly,validation,gru_seq48_h32_l2_d0p3_lr0p0005_bs64,1,0.1787,0.3045,30.0319,28.7359,33.7148,207
hourly,validation,gru_seq48_h32_l2_d0p3_lr0p0005_bs64,2,0.1498,0.2463,27.6014,26.7785,31.1779,207
hourly,validation,gru_seq48_h32_l2_d0p3_lr0p0005_bs64,3,0.1291,0.2084,26.4843,25.5028,29.7618,207
hourly,validation,gru_seq48_h32_l2_d0p3_lr0p0005_bs64,4,0.1199,0.2013,25.3695,24.9318,29.0351,207
hourly,validation,gru_seq48_h32_l2_d0p3_lr0p0005_bs64,5,0.1783,0.2307,42.8757,36.3675,40.7297,207
hourly,validation,gru_seq48_h32_l2_d0p3_lr0p0005_bs64,6,0.3418,0.4408,51.9091,38.4681,41.2887,207
hourly,validation,gru_seq48_h32_l2_d0p3_lr0p0005_bs64,7,0.4824,0.6051,45.4362,33.4076,27.2653,208
hourly,validation,gru_seq48_h32_l2_d0p3_lr0p0005_bs64,8,0.3863,0.504,33.5947,26.4769,23.4967,208
hourly,validation,gru_seq48_h32_l2_d0p3_lr0p0005_bs64,9,0.3396,0.4587,31.6001,24.3202,21.9417,208
hourly,validation,gru_seq48_h32_l2_d0p3_lr0p0005_bs64,10,0.3531,0.4806,29.3368,25.3305,23.4046,208
hourly,validation,gru_seq48_h32_l2_d0p3_lr0p0005_bs64,11,0.4318,0.6324,38.2537,31.3703,28.7519,208
hourly,validation,gru_seq48_h32_l2_d0p3_lr0p0005_bs64,12,0.4311,0.6276,40.2063,32.0883,29.8129,208
hourly,validation,gru_seq48_h32_l2_d0p3_lr0p0005_bs64,13,0.4342,0.5764,43.5661,36.3174,32.19,208
hourly,validation,gru_seq48_h32_l2_d0p3_lr0p0005_bs64,14,0.425,0.6055,45.5771,36.7051,34.0687,208
hourly,validation,gru_seq48_h32_l2_d0p3_lr0p0005_bs64,15,0.4432,0.6456,46.4413,38.6331,37.4852,207
hourly,validation,gru_seq48_h32_l2_d0p3_lr0p0005_bs64,16,0.3895,0.5663,39.504,35.1189,33.2565,207
hourly,validation,gru_seq48_h32_l2_d0p3_lr0p0005_bs64,17,0.4728,0.6984,40.7554,36.084,35.3442,207
hourly,validation,gru_seq48_h32_l2_d0p3_lr0p0005_bs64,18,0.5485,0.7262,44.4986,37.1308,33.3443,207
hourly,validation,gru_seq48_h32_l2_d0p3_lr0p0005_bs64,19,0.618,0.76,37.4606,32.6731,29.6889,207
hourly,validation,gru_seq48_h32_l2_d0p3_lr0p0005_bs64,20,0.6124,0.7607,38.4129,30.4582,26.9256,207
hourly,validation,gru_seq48_h32_l2_d0p3_lr0p0005_bs64,21,0.5055,0.6446,34.1492,27.8961,24.7137,207
hourly,validation,gru_seq48_h32_l2_d0p3_lr0p0005_bs64,22,0.4531,0.5749,41.9023,33.5382,29.9761,207
hourly,validation,gru_seq48_h32_l2_d0p3_lr0p0005_bs64,23,0.3634,0.4904,51.985,39.7031,40.7057,207
summary,test,gru_seq48_h32_l2_d0p3_lr0p0005_bs64,,0.3361,0.4845,44.1878,35.8892,34.9404,4977
hourly,test,gru_seq48_h32_l2_d0p3_lr0p0005_bs64,0,0.243,0.4012,35.164,32.5279,36.7188,207
hourly,test,gru_seq48_h32_l2_d0p3_lr0p0005_bs64,1,0.1958,0.3264,29.1064,30.4178,34.3969,207
hourly,test,gru_seq48_h32_l2_d0p3_lr0p0005_bs64,2,0.1655,0.2743,27.1447,28.1886,31.3607,207
hourly,test,gru_seq48_h32_l2_d0p3_lr0p0005_bs64,3,0.1332,0.2332,25.0127,25.0748,28.5999,207
hourly,test,gru_seq48_h32_l2_d0p3_lr0p0005_bs64,4,0.1591,0.252,31.0161,30.6482,34.3691,207
hourly,test,gru_seq48_h32_l2_d0p3_lr0p0005_bs64,5,0.1802,0.2668,42.1933,35.2435,40.1802,207
hourly,test,gru_seq48_h32_l2_d0p3_lr0p0005_bs64,6,0.2716,0.3364,52.3603,38.8976,41.7848,207
hourly,test,gru_seq48_h32_l2_d0p3_lr0p0005_bs64,7,0.457,0.5683,60.7858,40.9306,34.8391,207
hourly,test,gru_seq48_h32_l2_d0p3_lr0p0005_bs64,8,0.3298,0.4296,43.8334,30.7111,26.3257,207
hourly,test,gru_seq48_h32_l2_d0p3_lr0p0005_bs64,9,0.3526,0.4795,45.2337,33.2943,29.3691,207
hourly,test,gru_seq48_h32_l2_d0p3_lr0p0005_bs64,10,0.3849,0.5269,49.1664,37.3727,33.7113,207
hourly,test,gru_seq48_h32_l2_d0p3_lr0p0005_bs64,11,0.3953,0.5438,46.2248,38.3582,34.5852,207
hourly,test,gru_seq48_h32_l2_d0p3_lr0p0005_bs64,12,0.418,0.5874,46.028,39.6359,37.4781,207
hourly,test,gru_seq48_h32_l2_d0p3_lr0p0005_bs64,13,0.361,0.4765,41.1668,36.5241,34.2713,207
hourly,test,gru_seq48_h32_l2_d0p3_lr0p0005_bs64,14,0.3824,0.5213,49.0732,40.8524,38.6464,207
hourly,test,gru_seq48_h32_l2_d0p3_lr0p0005_bs64,15,0.3342,0.4742,43.287,36.8442,36.6898,208
hourly,test,gru_seq48_h32_l2_d0p3_lr0p0005_bs64,16,0.323,0.4317,49.4616,39.674,39.1807,208
hourly,test,gru_seq48_h32_l2_d0p3_lr0p0005_bs64,17,0.3626,0.5134,49.3744,41.2949,40.8762,208
hourly,test,gru_seq48_h32_l2_d0p3_lr0p0005_bs64,18,0.4314,0.6365,51.6342,41.1108,40.4329,208
hourly,test,gru_seq48_h32_l2_d0p3_lr0p0005_bs64,19,0.4644,0.626,55.8822,39.4476,35.5143,208
hourly,test,gru_seq48_h32_l2_d0p3_lr0p0005_bs64,20,0.4431,0.5952,50.2377,34.1941,29.8477,208
hourly,test,gru_seq48_h32_l2_d0p3_lr0p0005_bs64,21,0.5118,0.663,47.9091,36.8564,33.4109,208
hourly,test,gru_seq48_h32_l2_d0p3_lr0p0005_bs64,22,0.416,0.5604,43.3744,34.5185,34.1734,208
hourly,test,gru_seq48_h32_l2_d0p3_lr0p0005_bs64,23,0.3469,0.5011,45.6485,38.6284,40.6671,208
summary,validation,gru_seq48_h64_l1_d0p0_lr0p001_bs64,,0.3797,0.5427,40.1602,32.6139,30.4536,4976
hourly,validation,gru_seq48_h64_l1_d0p0_lr0p001_bs64,0,0.2437,0.3278,47.2287,36.5973,38.3651,207
hourly,validation,gru_seq48_h64_l1_d0p0_lr0p001_bs64,1,0.1867,0.2814,38.0083,31.5289,35.2215,207
hourly,validation,gru_seq48_h64_l1_d0p0_lr0p001_bs64,2,0.1567,0.2442,32.339,27.7813,32.6048,207
hourly,validation,gru_seq48_h64_l1_d0p0_lr0p001_bs64,3,0.1403,0.2238,31.9777,26.7028,32.3453,207
hourly,validation,gru_seq48_h64_l1_d0p0_lr0p001_bs64,4,0.1306,0.2168,29.1341,27.0798,31.6333,207
hourly,validation,gru_seq48_h64_l1_d0p0_lr0p001_bs64,5,0.1665,0.2282,37.8466,34.0879,38.0489,207
hourly,validation,gru_seq48_h64_l1_d0p0_lr0p001_bs64,6,0.3197,0.4102,48.4465,37.337,38.6153,207
hourly,validation,gru_seq48_h64_l1_d0p0_lr0p001_bs64,7,0.4775,0.6112,41.3547,31.6555,26.9869,208
hourly,validation,gru_seq48_h64_l1_d0p0_lr0p001_bs64,8,0.3794,0.5053,29.4614,25.7686,23.0778,208
hourly,validation,gru_seq48_h64_l1_d0p0_lr0p001_bs64,9,0.3496,0.4639,31.3588,25.0111,22.5845,208
hourly,validation,gru_seq48_h64_l1_d0p0_lr0p001_bs64,10,0.3646,0.495,30.5988,25.7306,24.1643,208
hourly,validation,gru_seq48_h64_l1_d0p0_lr0p001_bs64,11,0.4196,0.6204,39.8655,30.5244,27.9398,208
hourly,validation,gru_seq48_h64_l1_d0p0_lr0p001_bs64,12,0.4296,0.6099,43.9124,32.668,29.7075,208
hourly,validation,gru_seq48_h64_l1_d0p0_lr0p001_bs64,13,0.4321,0.5707,49.3365,36.82,32.0364,208
hourly,validation,gru_seq48_h64_l1_d0p0_lr0p001_bs64,14,0.4294,0.6105,50.7195,37.1449,34.4219,208
hourly,validation,gru_seq48_h64_l1_d0p0_lr0p001_bs64,15,0.4375,0.6449,47.6861,38.1357,36.9996,207
hourly,validation,gru_seq48_h64_l1_d0p0_lr0p001_bs64,16,0.3899,0.5598,39.3289,35.1441,33.2907,207
hourly,validation,gru_seq48_h64_l1_d0p0_lr0p001_bs64,17,0.4663,0.6801,40.3547,36.0978,34.8602,207
hourly,validation,gru_seq48_h64_l1_d0p0_lr0p001_bs64,18,0.5403,0.7029,43.7657,36.7191,32.8478,207
hourly,validation,gru_seq48_h64_l1_d0p0_lr0p001_bs64,19,0.6654,0.8135,39.2329,34.8393,31.9663,207
hourly,validation,gru_seq48_h64_l1_d0p0_lr0p001_bs64,20,0.6406,0.7886,39.8203,31.5448,28.1632,207
hourly,validation,gru_seq48_h64_l1_d0p0_lr0p001_bs64,21,0.4987,0.6423,33.3536,27.1316,24.3813,207
hourly,validation,gru_seq48_h64_l1_d0p0_lr0p001_bs64,22,0.4712,0.5904,42.5344,35.0098,31.1682,207
hourly,validation,gru_seq48_h64_l1_d0p0_lr0p001_bs64,23,0.376,0.4782,56.203,41.748,42.1125,207
summary,test,gru_seq48_h64_l1_d0p0_lr0p001_bs64,,0.3386,0.4834,44.6838,36.3489,35.2028,4977
hourly,test,gru_seq48_h64_l1_d0p0_lr0p001_bs64,0,0.257,0.3965,41.915,35.4177,38.8209,207
hourly,test,gru_seq48_h64_l1_d0p0_lr0p001_bs64,1,0.2049,0.312,35.2562,33.2265,35.9988,207
hourly,test,gru_seq48_h64_l1_d0p0_lr0p001_bs64,2,0.1763,0.2762,31.0175,29.8518,33.4001,207
hourly,test,gru_seq48_h64_l1_d0p0_lr0p001_bs64,3,0.1506,0.2534,29.7073,27.5237,32.3302,207
hourly,test,gru_seq48_h64_l1_d0p0_lr0p001_bs64,4,0.1618,0.2569,31.943,31.1423,34.9545,207
hourly,test,gru_seq48_h64_l1_d0p0_lr0p001_bs64,5,0.1678,0.2606,36.6407,32.3095,37.4203,207
hourly,test,gru_seq48_h64_l1_d0p0_lr0p001_bs64,6,0.2519,0.3179,46.6309,36.4046,38.7432,207
hourly,test,gru_seq48_h64_l1_d0p0_lr0p001_bs64,7,0.4285,0.5453,50.1607,37.5703,32.6651,207
hourly,test,gru_seq48_h64_l1_d0p0_lr0p001_bs64,8,0.3215,0.4285,37.7425,29.2845,25.6655,207
hourly,test,gru_seq48_h64_l1_d0p0_lr0p001_bs64,9,0.353,0.4723,42.1206,33.2088,29.4054,207
hourly,test,gru_seq48_h64_l1_d0p0_lr0p001_bs64,10,0.3846,0.5196,49.4379,36.8834,33.6826,207
hourly,test,gru_seq48_h64_l1_d0p0_lr0p001_bs64,11,0.3744,0.5269,46.3909,36.2452,32.7554,207
hourly,test,gru_seq48_h64_l1_d0p0_lr0p001_bs64,12,0.4228,0.5851,49.6719,40.4387,37.9092,207
hourly,test,gru_seq48_h64_l1_d0p0_lr0p001_bs64,13,0.3617,0.4667,45.5719,37.1988,34.3373,207
hourly,test,gru_seq48_h64_l1_d0p0_lr0p001_bs64,14,0.3868,0.5135,53.952,42.0138,39.0928,207
hourly,test,gru_seq48_h64_l1_d0p0_lr0p001_bs64,15,0.3452,0.4759,47.1054,38.5156,37.9024,208
hourly,test,gru_seq48_h64_l1_d0p0_lr0p001_bs64,16,0.3267,0.4286,51.1555,40.7133,39.6292,208
hourly,test,gru_seq48_h64_l1_d0p0_lr0p001_bs64,17,0.3736,0.5277,50.1818,42.7039,42.1106,208
hourly,test,gru_seq48_h64_l1_d0p0_lr0p001_bs64,18,0.4397,0.6516,51.396,41.4123,41.2118,208
hourly,test,gru_seq48_h64_l1_d0p0_lr0p001_bs64,19,0.4551,0.6176,52.3145,39.2542,34.7997,208
hourly,test,gru_seq48_h64_l1_d0p0_lr0p001_bs64,20,0.4576,0.5963,49.7564,35.3366,30.825,208
hourly,test,gru_seq48_h64_l1_d0p0_lr0p001_bs64,21,0.5278,0.6733,49.2241,38.4935,34.4571,208
hourly,test,gru_seq48_h64_l1_d0p0_lr0p001_bs64,22,0.4366,0.5694,44.5506,36.8043,35.8632,208
hourly,test,gru_seq48_h64_l1_d0p0_lr0p001_bs64,23,0.3574,0.5202,48.366,40.2937,41.8921,208
summary,validation,gru_seq48_h64_l1_d0p0_lr0p0005_bs64,,0.375,0.5393,39.3176,32.072,30.0732,4976
hourly,validation,gru_seq48_h64_l1_d0p0_lr0p0005_bs64,0,0.2386,0.3249,44.2592,35.7049,37.5748,207
hourly,validation,gru_seq48_h64_l1_d0p0_lr0p0005_bs64,1,0.1784,0.2837,34.6596,29.2474,33.6437,207
hourly,validation,gru_seq48_h64_l1_d0p0_lr0p0005_bs64,2,0.147,0.2411,28.8646,25.6257,30.5796,207
hourly,validation,gru_seq48_h64_l1_d0p0_lr0p0005_bs64,3,0.1299,0.2141,28.8607,24.6584,29.9553,207
hourly,validation,gru_seq48_h64_l1_d0p0_lr0p0005_bs64,4,0.122,0.212,26.211,24.8761,29.5438,207
hourly,validation,gru_seq48_h64_l1_d0p0_lr0p0005_bs64,5,0.1516,0.2262,32.6167,30.6371,34.6419,207
hourly,validation,gru_seq48_h64_l1_d0p0_lr0p0005_bs64,6,0.2956,0.3893,40.6932,35.29,35.706,207
hourly,validation,gru_seq48_h64_l1_d0p0_lr0p0005_bs64,7,0.5153,0.6452,43.4766,34.8461,29.1213,208
hourly,validation,gru_seq48_h64_l1_d0p0_lr0p0005_bs64,8,0.3795,0.5026,31.5769,26.3227,23.0808,208
hourly,validation,gru_seq48_h64_l1_d0p0_lr0p0005_bs64,9,0.3499,0.4632,31.7169,25.1176,22.6041,208
hourly,validation,gru_seq48_h64_l1_d0p0_lr0p0005_bs64,10,0.3566,0.4865,30.033,25.3871,23.6344,208
hourly,validation,gru_seq48_h64_l1_d0p0_lr0p0005_bs64,11,0.4139,0.622,40.2739,30.1085,27.5594,208
hourly,validation,gru_seq48_h64_l1_d0p0_lr0p0005_bs64,12,0.4318,0.6152,44.0693,32.8937,29.8608,208
hourly,validation,gru_seq48_h64_l1_d0p0_lr0p0005_bs64,13,0.4218,0.5632,47.801,36.3288,31.2656,208
hourly,validation,gru_seq48_h64_l1_d0p0_lr0p0005_bs64,14,0.4359,0.6107,51.2224,38.3682,34.9402,208
hourly,validation,gru_seq48_h64_l1_d0p0_lr0p0005_bs64,15,0.4417,0.6441,49.6283,39.1043,37.3506,207
hourly,validation,gru_seq48_h64_l1_d0p0_lr0p0005_bs64,16,0.387,0.5526,41.5567,35.4036,33.0436,207
hourly,validation,gru_seq48_h64_l1_d0p0_lr0p0005_bs64,17,0.4676,0.6825,42.3367,36.1587,34.9514,207
hourly,validation,gru_seq48_h64_l1_d0p0_lr0p0005_bs64,18,0.5374,0.7051,44.822,36.4157,32.6711,207
hourly,validation,gru_seq48_h64_l1_d0p0_lr0p0005_bs64,19,0.6276,0.7769,37.8314,33.1291,30.1496,207
hourly,validation,gru_seq48_h64_l1_d0p0_lr0p0005_bs64,20,0.6412,0.7848,40.9266,31.7492,28.1896,207
hourly,validation,gru_seq48_h64_l1_d0p0_lr0p0005_bs64,21,0.5032,0.6382,34.5003,27.6513,24.605,207
hourly,validation,gru_seq48_h64_l1_d0p0_lr0p0005_bs64,22,0.459,0.5738,41.4982,34.1087,30.3653,207
hourly,validation,gru_seq48_h64_l1_d0p0_lr0p0005_bs64,23,0.3655,0.4759,54.1596,40.6293,40.9369,207
summary,test,gru_seq48_h64_l1_d0p0_lr0p0005_bs64,,0.3328,0.4791,43.3181,35.6208,34.6001,4977
hourly,test,gru_seq48_h64_l1_d0p0_lr0p0005_bs64,0,0.2494,0.4004,38.9182,34.1236,37.6827,207
hourly,test,gru_seq48_h64_l1_d0p0_lr0p0005_bs64,1,0.1992,0.3127,32.8547,31.8444,35.0065,207
hourly,test,gru_seq48_h64_l1_d0p0_lr0p0005_bs64,2,0.1701,0.276,28.1153,28.6631,32.2313,207
hourly,test,gru_seq48_h64_l1_d0p0_lr0p0005_bs64,3,0.1428,0.251,26.7848,26.0175,30.6593,207
hourly,test,gru_seq48_h64_l1_d0p0_lr0p0005_bs64,4,0.1573,0.261,29.4803,29.7218,33.9806,207
hourly,test,gru_seq48_h64_l1_d0p0_lr0p0005_bs64,5,0.1492,0.2562,30.0877,27.9652,33.2681,207
hourly,test,gru_seq48_h64_l1_d0p0_lr0p0005_bs64,6,0.2146,0.2871,36.9117,32.6903,33.0101,207
hourly,test,gru_seq48_h64_l1_d0p0_lr0p0005_bs64,7,0.4516,0.5702,47.3821,39.2365,34.4249,207
hourly,test,gru_seq48_h64_l1_d0p0_lr0p0005_bs64,8,0.3147,0.4187,35.2749,28.3823,25.1253,207
hourly,test,gru_seq48_h64_l1_d0p0_lr0p0005_bs64,9,0.3533,0.4734,41.9004,32.9991,29.4287,207
hourly,test,gru_seq48_h64_l1_d0p0_lr0p0005_bs64,10,0.3871,0.5201,50.3094,37.9547,33.9046,207
hourly,test,gru_seq48_h64_l1_d0p0_lr0p0005_bs64,11,0.3773,0.524,47.2473,36.8495,33.012,207
hourly,test,gru_seq48_h64_l1_d0p0_lr0p0005_bs64,12,0.4143,0.5779,49.3181,39.3776,37.1445,207
hourly,test,gru_seq48_h64_l1_d0p0_lr0p0005_bs64,13,0.3613,0.4663,45.1188,37.3892,34.2979,207
hourly,test,gru_seq48_h64_l1_d0p0_lr0p0005_bs64,14,0.3864,0.5127,54.1105,42.0388,39.0499,207
hourly,test,gru_seq48_h64_l1_d0p0_lr0p0005_bs64,15,0.3471,0.4785,48.0034,38.7149,38.1083,208
hourly,test,gru_seq48_h64_l1_d0p0_lr0p0005_bs64,16,0.326,0.4255,52.8218,40.3799,39.5377,208
hourly,test,gru_seq48_h64_l1_d0p0_lr0p0005_bs64,17,0.3652,0.5072,51.5435,42.066,41.1588,208
hourly,test,gru_seq48_h64_l1_d0p0_lr0p0005_bs64,18,0.4321,0.6438,52.035,41.1058,40.4968,208
hourly,test,gru_seq48_h64_l1_d0p0_lr0p0005_bs64,19,0.45,0.6078,53.1617,39.0414,34.4095,208
hourly,test,gru_seq48_h64_l1_d0p0_lr0p0005_bs64,20,0.4557,0.5894,49.8242,35.3935,30.6988,208
hourly,test,gru_seq48_h64_l1_d0p0_lr0p0005_bs64,21,0.5042,0.6567,47.8979,37.1403,32.9189,208
hourly,test,gru_seq48_h64_l1_d0p0_lr0p0005_bs64,22,0.4207,0.5587,43.137,35.4704,34.5583,208
hourly,test,gru_seq48_h64_l1_d0p0_lr0p0005_bs64,23,0.3545,0.5155,47.1255,40.1931,41.5582,208
summary,validation,gru_seq48_h64_l2_d0p0_lr0p001_bs64,,0.3762,0.5433,38.295,32.2023,30.1743,4976
hourly,validation,gru_seq48_h64_l2_d0p0_lr0p001_bs64,0,0.2271,0.3278,38.7077,33.1438,35.7574,207
hourly,validation,gru_seq48_h64_l2_d0p0_lr0p001_bs64,1,0.1756,0.2935,30.5031,28.7092,33.1171,207
hourly,validation,gru_seq48_h64_l2_d0p0_lr0p001_bs64,2,0.1407,0.2358,26.0164,25.1409,29.2773,207
hourly,validation,gru_seq48_h64_l2_d0p0_lr0p001_bs64,3,0.1223,0.1999,25.9611,23.6276,28.1937,207
hourly,validation,gru_seq48_h64_l2_d0p0_lr0p001_bs64,4,0.1222,0.2006,27.3644,25.1561,29.605,207
hourly,validation,gru_seq48_h64_l2_d0p0_lr0p001_bs64,5,0.1784,0.2305,43.3694,36.3943,40.7706,207
hourly,validation,gru_seq48_h64_l2_d0p0_lr0p001_bs64,6,0.3037,0.3939,43.837,35.6017,36.6808,207
hourly,validation,gru_seq48_h64_l2_d0p0_lr0p001_bs64,7,0.5085,0.6517,41.265,34.1524,28.7403,208
hourly,validation,gru_seq48_h64_l2_d0p0_lr0p001_bs64,8,0.371,0.4939,29.9534,25.5726,22.5629,208
hourly,validation,gru_seq48_h64_l2_d0p0_lr0p001_bs64,9,0.3359,0.4529,29.9564,24.2162,21.7026,208
hourly,validation,gru_seq48_h64_l2_d0p0_lr0p001_bs64,10,0.3649,0.4971,29.357,26.0783,24.1874,208
hourly,validation,gru_seq48_h64_l2_d0p0_lr0p001_bs64,11,0.4374,0.634,38.9839,31.7921,29.1278,208
hourly,validation,gru_seq48_h64_l2_d0p0_lr0p001_bs64,12,0.4325,0.6255,40.7405,32.7416,29.9123,208
hourly,validation,gru_seq48_h64_l2_d0p0_lr0p001_bs64,13,0.4291,0.5732,44.2614,36.8242,31.8099,208
hourly,validation,gru_seq48_h64_l2_d0p0_lr0p001_bs64,14,0.4394,0.6224,46.6209,37.7676,35.217,208
hourly,validation,gru_seq48_h64_l2_d0p0_lr0p001_bs64,15,0.4431,0.6433,46.3344,38.5905,37.4688,207
hourly,validation,gru_seq48_h64_l2_d0p0_lr0p001_bs64,16,0.3887,0.5489,40.582,35.6452,33.1893,207
hourly,validation,gru_seq48_h64_l2_d0p0_lr0p001_bs64,17,0.4676,0.6813,42.4838,36.3672,34.9562,207
hourly,validation,gru_seq48_h64_l2_d0p0_lr0p001_bs64,18,0.5195,0.6987,42.1055,35.5141,31.5824,207
hourly,validation,gru_seq48_h64_l2_d0p0_lr0p001_bs64,19,0.6345,0.7935,36.1288,33.7524,30.485,207
hourly,validation,gru_seq48_h64_l2_d0p0_lr0p001_bs64,20,0.6229,0.772,37.5965,30.915,27.3846,207
hourly,validation,gru_seq48_h64_l2_d0p0_lr0p001_bs64,21,0.5065,0.6522,34.2292,27.7711,24.7652,207
hourly,validation,gru_seq48_h64_l2_d0p0_lr0p001_bs64,22,0.4736,0.5933,45.3657,34.9441,31.3281,207
hourly,validation,gru_seq48_h64_l2_d0p0_lr0p001_bs64,23,0.3828,0.4944,57.3826,42.4787,42.8763,207
summary,test,gru_seq48_h64_l2_d0p0_lr0p001_bs64,,0.3386,0.4844,44.5555,36.4737,35.2065,4977
hourly,test,gru_seq48_h64_l2_d0p0_lr0p001_bs64,0,0.254,0.394,41.401,34.9015,38.3694,207
hourly,test,gru_seq48_h64_l2_d0p0_lr0p001_bs64,1,0.1934,0.3141,30.5253,30.3268,33.986,207
hourly,test,gru_seq48_h64_l2_d0p0_lr0p001_bs64,2,0.172,0.2757,28.899,29.3955,32.5886,207
hourly,test,gru_seq48_h64_l2_d0p0_lr0p001_bs64,3,0.1469,0.2396,29.437,27.5969,31.5219,207
hourly,test,gru_seq48_h64_l2_d0p0_lr0p001_bs64,4,0.1588,0.2462,32.3227,30.4403,34.3097,207
hourly,test,gru_seq48_h64_l2_d0p0_lr0p001_bs64,5,0.1794,0.2641,41.4014,34.9756,40.0052,207
hourly,test,gru_seq48_h64_l2_d0p0_lr0p001_bs64,6,0.2436,0.3085,46.3792,36.2703,37.4687,207
hourly,test,gru_seq48_h64_l2_d0p0_lr0p001_bs64,7,0.4612,0.5858,54.5756,40.848,35.1563,207
hourly,test,gru_seq48_h64_l2_d0p0_lr0p001_bs64,8,0.3169,0.4174,39.3978,29.5378,25.301,207
hourly,test,gru_seq48_h64_l2_d0p0_lr0p001_bs64,9,0.3619,0.4844,47.089,34.979,30.1461,207
hourly,test,gru_seq48_h64_l2_d0p0_lr0p001_bs64,10,0.4086,0.5419,54.1262,40.4026,35.7843,207
hourly,test,gru_seq48_h64_l2_d0p0_lr0p001_bs64,11,0.4036,0.5429,49.0374,39.7534,35.3067,207
hourly,test,gru_seq48_h64_l2_d0p0_lr0p001_bs64,12,0.4212,0.5862,47.3029,39.7859,37.7676,207
hourly,test,gru_seq48_h64_l2_d0p0_lr0p001_bs64,13,0.3525,0.4645,40.8568,35.9172,33.461,207
hourly,test,gru_seq48_h64_l2_d0p0_lr0p001_bs64,14,0.3822,0.5195,49.0159,40.891,38.6261,207
hourly,test,gru_seq48_h64_l2_d0p0_lr0p001_bs64,15,0.3388,0.4808,43.4863,37.3786,37.1952,208
hourly,test,gru_seq48_h64_l2_d0p0_lr0p001_bs64,16,0.3168,0.4229,47.966,38.9763,38.4307,208
hourly,test,gru_seq48_h64_l2_d0p0_lr0p001_bs64,17,0.3589,0.5079,47.8342,40.669,40.4527,208
hourly,test,gru_seq48_h64_l2_d0p0_lr0p001_bs64,18,0.426,0.6406,49.0783,40.5541,39.9249,208
hourly,test,gru_seq48_h64_l2_d0p0_lr0p001_bs64,19,0.4368,0.6049,48.7987,38.0498,33.4023,208
hourly,test,gru_seq48_h64_l2_d0p0_lr0p001_bs64,20,0.4504,0.5904,46.8537,34.8691,30.3414,208
hourly,test,gru_seq48_h64_l2_d0p0_lr0p001_bs64,21,0.5194,0.6682,49.2482,38.3199,33.9117,208
hourly,test,gru_seq48_h64_l2_d0p0_lr0p001_bs64,22,0.4411,0.5751,48.737,37.4065,36.2344,208
hourly,test,gru_seq48_h64_l2_d0p0_lr0p001_bs64,23,0.38,0.5238,55.3876,43.0234,44.5393,208
summary,validation,gru_seq48_h64_l2_d0p0_lr0p0005_bs64,,0.3731,0.5395,38.3383,31.7417,29.9263,4976
hourly,validation,gru_seq48_h64_l2_d0p0_lr0p0005_bs64,0,0.2219,0.3153,39.8702,33.1321,34.9426,207
hourly,validation,gru_seq48_h64_l2_d0p0_lr0p0005_bs64,1,0.1697,0.2834,31.2544,27.7395,32.0148,207
hourly,validation,gru_seq48_h64_l2_d0p0_lr0p0005_bs64,2,0.1428,0.2367,27.329,25.9191,29.7177,207
hourly,validation,gru_seq48_h64_l2_d0p0_lr0p0005_bs64,3,0.126,0.2095,27.0144,24.5452,29.0451,207
hourly,validation,gru_seq48_h64_l2_d0p0_lr0p0005_bs64,4,0.1212,0.206,26.1896,25.1198,29.3575,207
hourly,validation,gru_seq48_h64_l2_d0p0_lr0p0005_bs64,5,0.1575,0.2193,35.4854,32.2556,35.9782,207
hourly,validation,gru_seq48_h64_l2_d0p0_lr0p0005_bs64,6,0.3202,0.426,46.0927,36.4324,38.6806,207
hourly,validation,gru_seq48_h64_l2_d0p0_lr0p0005_bs64,7,0.4775,0.6257,41.2515,31.8933,26.9903,208
hourly,validation,gru_seq48_h64_l2_d0p0_lr0p0005_bs64,8,0.3887,0.5063,32.1375,26.4268,23.6431,208
hourly,validation,gru_seq48_h64_l2_d0p0_lr0p0005_bs64,9,0.3347,0.4547,30.9099,23.835,21.6224,208
hourly,validation,gru_seq48_h64_l2_d0p0_lr0p0005_bs64,10,0.3701,0.4942,29.99,26.2346,24.5283,208
hourly,validation,gru_seq48_h64_l2_d0p0_lr0p0005_bs64,11,0.4334,0.6283,38.1721,31.4017,28.8577,208
hourly,validation,gru_seq48_h64_l2_d0p0_lr0p0005_bs64,12,0.4295,0.6223,39.8806,31.9761,29.7039,208
hourly,validation,gru_seq48_h64_l2_d0p0_lr0p0005_bs64,13,0.4242,0.5768,43.5079,36.2566,31.448,208
hourly,validation,gru_seq48_h64_l2_d0p0_lr0p0005_bs64,14,0.4287,0.618,46.1104,36.4991,34.3622,208
hourly,validation,gru_seq48_h64_l2_d0p0_lr0p0005_bs64,15,0.4305,0.6382,46.1948,37.6638,36.4082,207
hourly,validation,gru_seq48_h64_l2_d0p0_lr0p0005_bs64,16,0.3718,0.5371,39.648,34.1393,31.7421,207
hourly,validation,gru_seq48_h64_l2_d0p0_lr0p0005_bs64,17,0.4755,0.684,44.4589,37.1424,35.545,207
hourly,validation,gru_seq48_h64_l2_d0p0_lr0p0005_bs64,18,0.5334,0.6955,45.726,36.4406,32.4278,207
hourly,validation,gru_seq48_h64_l2_d0p0_lr0p0005_bs64,19,0.631,0.7778,38.016,32.7539,30.3169,207
hourly,validation,gru_seq48_h64_l2_d0p0_lr0p0005_bs64,20,0.6295,0.7811,39.7882,30.9843,27.674,207
hourly,validation,gru_seq48_h64_l2_d0p0_lr0p0005_bs64,21,0.507,0.6452,34.3763,27.7821,24.7913,207
hourly,validation,gru_seq48_h64_l2_d0p0_lr0p0005_bs64,22,0.4586,0.5735,42.2077,34.3227,30.3387,207
hourly,validation,gru_seq48_h64_l2_d0p0_lr0p0005_bs64,23,0.3703,0.4796,54.5308,40.9496,41.4717,207
summary,test,gru_seq48_h64_l2_d0p0_lr0p0005_bs64,,0.335,0.4846,43.2672,35.4882,34.8276,4977
hourly,test,gru_seq48_h64_l2_d0p0_lr0p0005_bs64,0,0.2474,0.3992,37.8229,33.7024,37.3843,207
hourly,test,gru_seq48_h64_l2_d0p0_lr0p0005_bs64,1,0.1966,0.3239,29.8513,31.1893,34.5468,207
hourly,test,gru_seq48_h64_l2_d0p0_lr0p0005_bs64,2,0.1725,0.2785,28.0231,29.8009,32.6906,207
hourly,test,gru_seq48_h64_l2_d0p0_lr0p0005_bs64,3,0.1413,0.2434,26.0893,26.0566,30.3226,207
hourly,test,gru_seq48_h64_l2_d0p0_lr0p0005_bs64,4,0.1578,0.2549,30.5126,30.3399,34.0942,207
hourly,test,gru_seq48_h64_l2_d0p0_lr0p0005_bs64,5,0.1642,0.2587,35.7529,31.6483,36.6017,207
hourly,test,gru_seq48_h64_l2_d0p0_lr0p0005_bs64,6,0.2605,0.3339,48.0955,36.8436,40.0751,207
hourly,test,gru_seq48_h64_l2_d0p0_lr0p0005_bs64,7,0.4362,0.5599,53.9997,38.0279,33.2534,207
hourly,test,gru_seq48_h64_l2_d0p0_lr0p0005_bs64,8,0.3288,0.4342,40.1211,29.3834,26.2471,207
hourly,test,gru_seq48_h64_l2_d0p0_lr0p0005_bs64,9,0.3502,0.4754,44.9202,32.6762,29.1687,207
hourly,test,gru_seq48_h64_l2_d0p0_lr0p0005_bs64,10,0.399,0.5386,51.1018,38.3727,34.9404,207
hourly,test,gru_seq48_h64_l2_d0p0_lr0p0005_bs64,11,0.3903,0.5452,45.9996,37.5777,34.1481,207
hourly,test,gru_seq48_h64_l2_d0p0_lr0p0005_bs64,12,0.4205,0.5957,46.5921,39.8168,37.6999,207
hourly,test,gru_seq48_h64_l2_d0p0_lr0p0005_bs64,13,0.3521,0.4671,40.26,35.7768,33.427,207
hourly,test,gru_seq48_h64_l2_d0p0_lr0p0005_bs64,14,0.3802,0.5164,49.1227,40.3078,38.4259,207
hourly,test,gru_seq48_h64_l2_d0p0_lr0p0005_bs64,15,0.3328,0.4723,42.9964,36.7278,36.5347,208
hourly,test,gru_seq48_h64_l2_d0p0_lr0p0005_bs64,16,0.3157,0.4258,48.6852,38.6537,38.2865,208
hourly,test,gru_seq48_h64_l2_d0p0_lr0p0005_bs64,17,0.3625,0.5058,50.1654,40.7468,40.8627,208
hourly,test,gru_seq48_h64_l2_d0p0_lr0p0005_bs64,18,0.4284,0.6353,52.0662,40.6537,40.1534,208
hourly,test,gru_seq48_h64_l2_d0p0_lr0p0005_bs64,19,0.4565,0.6155,51.9046,38.0907,34.9105,208
hourly,test,gru_seq48_h64_l2_d0p0_lr0p0005_bs64,20,0.4495,0.5998,48.2558,33.7801,30.2838,208
hourly,test,gru_seq48_h64_l2_d0p0_lr0p0005_bs64,21,0.5202,0.6702,47.6252,37.1433,33.9628,208
hourly,test,gru_seq48_h64_l2_d0p0_lr0p0005_bs64,22,0.4232,0.5608,43.066,35.3724,34.7675,208
hourly,test,gru_seq48_h64_l2_d0p0_lr0p0005_bs64,23,0.3503,0.5165,45.1861,38.9287,41.0671,208
summary,validation,gru_seq48_h64_l2_d0p2_lr0p001_bs64,,0.3743,0.543,37.7445,31.6437,30.0222,4976
hourly,validation,gru_seq48_h64_l2_d0p2_lr0p001_bs64,0,0.2141,0.3268,36.2173,31.6398,33.7111,207
hourly,validation,gru_seq48_h64_l2_d0p2_lr0p001_bs64,1,0.1697,0.2816,28.9753,27.8401,32.0,207
hourly,validation,gru_seq48_h64_l2_d0p2_lr0p001_bs64,2,0.1389,0.2388,25.1477,24.5753,28.8995,207
hourly,validation,gru_seq48_h64_l2_d0p2_lr0p001_bs64,3,0.123,0.2085,25.5759,24.2451,28.3745,207
hourly,validation,gru_seq48_h64_l2_d0p2_lr0p001_bs64,4,0.1246,0.2074,26.9259,25.8585,30.1719,207
hourly,validation,gru_seq48_h64_l2_d0p2_lr0p001_bs64,5,0.1546,0.2188,33.7828,31.8559,35.3151,207
hourly,validation,gru_seq48_h64_l2_d0p2_lr0p001_bs64,6,0.3172,0.4129,45.8624,36.7137,38.3185,207
hourly,validation,gru_seq48_h64_l2_d0p2_lr0p001_bs64,7,0.4771,0.6204,42.0196,31.7531,26.9667,208
hourly,validation,gru_seq48_h64_l2_d0p2_lr0p001_bs64,8,0.3863,0.507,31.6764,25.9724,23.4954,208
hourly,validation,gru_seq48_h64_l2_d0p2_lr0p001_bs64,9,0.3311,0.4494,29.8232,23.4471,21.3924,208
hourly,validation,gru_seq48_h64_l2_d0p2_lr0p001_bs64,10,0.3577,0.4827,29.2639,25.1234,23.7087,208
hourly,validation,gru_seq48_h64_l2_d0p2_lr0p001_bs64,11,0.4198,0.6177,37.3952,30.3828,27.9556,208
hourly,validation,gru_seq48_h64_l2_d0p2_lr0p001_bs64,12,0.4291,0.6253,39.3429,31.7797,29.6726,208
hourly,validation,gru_seq48_h64_l2_d0p2_lr0p001_bs64,13,0.4298,0.5778,43.2712,35.8005,31.8639,208
hourly,validation,gru_seq48_h64_l2_d0p2_lr0p001_bs64,14,0.4241,0.616,46.3123,36.0033,33.9902,208
hourly,validation,gru_seq48_h64_l2_d0p2_lr0p001_bs64,15,0.4351,0.6427,48.1129,38.442,36.7945,207
hourly,validation,gru_seq48_h64_l2_d0p2_lr0p001_bs64,16,0.3841,0.546,41.1959,35.482,32.7921,207
hourly,validation,gru_seq48_h64_l2_d0p2_lr0p001_bs64,17,0.4768,0.6811,44.4287,37.208,35.641,207
hourly,validation,gru_seq48_h64_l2_d0p2_lr0p001_bs64,18,0.5298,0.693,43.9846,35.9634,32.2076,207
hourly,validation,gru_seq48_h64_l2_d0p2_lr0p001_bs64,19,0.644,0.7922,38.4804,33.7459,30.9398,207
hourly,validation,gru_seq48_h64_l2_d0p2_lr0p001_bs64,20,0.625,0.786,38.818,30.8582,27.4794,207
hourly,validation,gru_seq48_h64_l2_d0p2_lr0p001_bs64,21,0.5314,0.6806,34.3894,28.6597,25.9838,207
hourly,validation,gru_seq48_h64_l2_d0p2_lr0p001_bs64,22,0.4895,0.6031,43.471,36.2447,32.3812,207
hourly,validation,gru_seq48_h64_l2_d0p2_lr0p001_bs64,23,0.3699,0.488,51.4099,39.9171,41.4307,207
summary,test,gru_seq48_h64_l2_d0p2_lr0p001_bs64,,0.3348,0.4864,42.3089,35.7106,34.8048,4977
hourly,test,gru_seq48_h64_l2_d0p2_lr0p001_bs64,0,0.2501,0.4089,34.9741,35.1364,37.7857,207
hourly,test,gru_seq48_h64_l2_d0p2_lr0p001_bs64,1,0.2019,0.3316,29.3128,32.8935,35.4707,207
hourly,test,gru_seq48_h64_l2_d0p2_lr0p001_bs64,2,0.1714,0.2799,26.7794,29.9389,32.4646,207
hourly,test,gru_seq48_h64_l2_d0p2_lr0p001_bs64,3,0.139,0.2464,25.0238,26.1481,29.8435,207
hourly,test,gru_seq48_h64_l2_d0p2_lr0p001_bs64,4,0.1617,0.2595,30.8704,31.6583,34.9305,207
hourly,test,gru_seq48_h64_l2_d0p2_lr0p001_bs64,5,0.1573,0.2619,32.3389,30.7567,35.0787,207
hourly,test,gru_seq48_h64_l2_d0p2_lr0p001_bs64,6,0.236,0.3086,43.3266,34.7595,36.2997,207
hourly,test,gru_seq48_h64_l2_d0p2_lr0p001_bs64,7,0.4346,0.5548,53.1041,38.2349,33.128,207
hourly,test,gru_seq48_h64_l2_d0p2_lr0p001_bs64,8,0.3367,0.4403,41.0976,30.1194,26.8786,207
hourly,test,gru_seq48_h64_l2_d0p2_lr0p001_bs64,9,0.3413,0.4756,42.9032,32.2555,28.4341,207
hourly,test,gru_seq48_h64_l2_d0p2_lr0p001_bs64,10,0.3849,0.5346,47.6428,35.7766,33.7115,207
hourly,test,gru_seq48_h64_l2_d0p2_lr0p001_bs64,11,0.3815,0.5351,45.2677,36.8666,33.3774,207
hourly,test,gru_seq48_h64_l2_d0p2_lr0p001_bs64,12,0.4115,0.5893,43.9619,37.6001,36.8925,207
hourly,test,gru_seq48_h64_l2_d0p2_lr0p001_bs64,13,0.35,0.4645,39.7998,35.7717,33.2199,207
hourly,test,gru_seq48_h64_l2_d0p2_lr0p001_bs64,14,0.3794,0.519,48.8374,40.5044,38.3429,207
hourly,test,gru_seq48_h64_l2_d0p2_lr0p001_bs64,15,0.3247,0.4528,43.3591,36.5533,35.6509,208
hourly,test,gru_seq48_h64_l2_d0p2_lr0p001_bs64,16,0.3205,0.4301,49.4737,39.6516,38.8786,208
hourly,test,gru_seq48_h64_l2_d0p2_lr0p001_bs64,17,0.3727,0.5141,50.6645,41.6262,42.0103,208
hourly,test,gru_seq48_h64_l2_d0p2_lr0p001_bs64,18,0.4271,0.6276,50.7553,40.5014,40.033,208
hourly,test,gru_seq48_h64_l2_d0p2_lr0p001_bs64,19,0.4699,0.6381,52.2378,39.4738,35.9291,208
hourly,test,gru_seq48_h64_l2_d0p2_lr0p001_bs64,20,0.4536,0.6059,47.3752,34.1876,30.5548,208
hourly,test,gru_seq48_h64_l2_d0p2_lr0p001_bs64,21,0.5379,0.6822,49.0387,38.5966,35.1195,208
hourly,test,gru_seq48_h64_l2_d0p2_lr0p001_bs64,22,0.438,0.5709,44.2596,38.2877,35.9807,208
hourly,test,gru_seq48_h64_l2_d0p2_lr0p001_bs64,23,0.3497,0.5308,42.7708,39.6249,40.9857,208
summary,validation,gru_seq48_h64_l2_d0p2_lr0p0005_bs64,,0.3723,0.541,36.9146,31.5241,29.8613,4976
hourly,validation,gru_seq48_h64_l2_d0p2_lr0p0005_bs64,0,0.2171,0.3247,35.4094,31.2151,34.1818,207
hourly,validation,gru_seq48_h64_l2_d0p2_lr0p0005_bs64,1,0.1703,0.2956,28.2846,26.7124,32.1235,207
hourly,validation,gru_seq48_h64_l2_d0p2_lr0p0005_bs64,2,0.142,0.2402,25.8095,24.8323,29.5345,207
hourly,validation,gru_seq48_h64_l2_d0p2_lr0p0005_bs64,3,0.1279,0.2136,26.5672,24.6496,29.5012,207
hourly,validation,gru_seq48_h64_l2_d0p2_lr0p0005_bs64,4,0.1198,0.2068,24.884,24.5649,29.0079,207
hourly,validation,gru_seq48_h64_l2_d0p2_lr0p0005_bs64,5,0.1543,0.2235,33.4724,31.2993,35.2567,207
hourly,validation,gru_seq48_h64_l2_d0p2_lr0p0005_bs64,6,0.2929,0.3859,40.6682,34.5935,35.3822,207
hourly,validation,gru_seq48_h64_l2_d0p2_lr0p0005_bs64,7,0.5257,0.6612,42.7762,35.3973,29.711,208
hourly,validation,gru_seq48_h64_l2_d0p2_lr0p0005_bs64,8,0.366,0.4978,28.2953,25.3448,22.2596,208
hourly,validation,gru_seq48_h64_l2_d0p2_lr0p0005_bs64,9,0.3526,0.4645,29.8533,25.5141,22.7812,208
hourly,validation,gru_seq48_h64_l2_d0p2_lr0p0005_bs64,10,0.36,0.4961,28.7114,25.6907,23.8582,208
hourly,validation,gru_seq48_h64_l2_d0p2_lr0p0005_bs64,11,0.4361,0.6383,38.1959,31.6891,29.0414,208
hourly,validation,gru_seq48_h64_l2_d0p2_lr0p0005_bs64,12,0.4251,0.622,39.4245,31.8029,29.4001,208
hourly,validation,gru_seq48_h64_l2_d0p2_lr0p0005_bs64,13,0.4242,0.5718,42.5321,35.8256,31.4507,208
hourly,validation,gru_seq48_h64_l2_d0p2_lr0p0005_bs64,14,0.4287,0.6181,45.0801,36.8021,34.3649,208
hourly,validation,gru_seq48_h64_l2_d0p2_lr0p0005_bs64,15,0.4374,0.6434,45.072,37.8444,36.9938,207
hourly,validation,gru_seq48_h64_l2_d0p2_lr0p0005_bs64,16,0.3855,0.5564,40.2067,34.9681,32.9128,207
hourly,validation,gru_seq48_h64_l2_d0p2_lr0p0005_bs64,17,0.4749,0.6859,45.2332,37.256,35.5007,207
hourly,validation,gru_seq48_h64_l2_d0p2_lr0p0005_bs64,18,0.5368,0.7042,47.0221,36.4533,32.6349,207
hourly,validation,gru_seq48_h64_l2_d0p2_lr0p0005_bs64,19,0.6114,0.7578,37.5272,32.1559,29.3713,207
hourly,validation,gru_seq48_h64_l2_d0p2_lr0p0005_bs64,20,0.6162,0.767,38.4653,30.8306,27.0915,207
hourly,validation,gru_seq48_h64_l2_d0p2_lr0p0005_bs64,21,0.5152,0.6493,33.7637,28.5694,25.1889,207
hourly,validation,gru_seq48_h64_l2_d0p2_lr0p0005_bs64,22,0.4537,0.5723,38.8986,33.493,30.0163,207
hourly,validation,gru_seq48_h64_l2_d0p2_lr0p0005_bs64,23,0.3603,0.4818,49.7988,39.0947,40.3507,207
summary,test,gru_seq48_h64_l2_d0p2_lr0p0005_bs64,,0.3295,0.48,41.4324,35.0173,34.2585,4977
hourly,test,gru_seq48_h64_l2_d0p2_lr0p0005_bs64,0,0.2417,0.4003,35.1842,32.4177,36.5234,207
hourly,test,gru_seq48_h64_l2_d0p2_lr0p0005_bs64,1,0.1926,0.3221,27.9441,29.8558,33.8406,207
hourly,test,gru_seq48_h64_l2_d0p2_lr0p0005_bs64,2,0.1677,0.2795,26.495,28.4928,31.7809,207
hourly,test,gru_seq48_h64_l2_d0p2_lr0p0005_bs64,3,0.1374,0.2431,25.1098,25.3841,29.5011,207
hourly,test,gru_seq48_h64_l2_d0p2_lr0p0005_bs64,4,0.1587,0.2597,29.5499,30.1409,34.2724,207
hourly,test,gru_seq48_h64_l2_d0p2_lr0p0005_bs64,5,0.153,0.2599,30.8048,29.206,34.1149,207
hourly,test,gru_seq48_h64_l2_d0p2_lr0p0005_bs64,6,0.2178,0.2897,37.3041,33.4501,33.5044,207
hourly,test,gru_seq48_h64_l2_d0p2_lr0p0005_bs64,7,0.4639,0.5844,49.8957,40.8637,35.3626,207
hourly,test,gru_seq48_h64_l2_d0p2_lr0p0005_bs64,8,0.3007,0.4107,33.6461,27.392,24.008,207
hourly,test,gru_seq48_h64_l2_d0p2_lr0p0005_bs64,9,0.3531,0.4843,41.0846,32.6042,29.4177,207
hourly,test,gru_seq48_h64_l2_d0p2_lr0p0005_bs64,10,0.3933,0.5429,49.2847,37.9805,34.4442,207
hourly,test,gru_seq48_h64_l2_d0p2_lr0p0005_bs64,11,0.3934,0.5397,45.7347,38.0714,34.4155,207
hourly,test,gru_seq48_h64_l2_d0p2_lr0p0005_bs64,12,0.4143,0.5861,45.4622,39.0305,37.1466,207
hourly,test,gru_seq48_h64_l2_d0p2_lr0p0005_bs64,13,0.3535,0.471,40.4817,35.9781,33.552,207
hourly,test,gru_seq48_h64_l2_d0p2_lr0p0005_bs64,14,0.3804,0.518,48.6583,40.5428,38.4391,207
hourly,test,gru_seq48_h64_l2_d0p2_lr0p0005_bs64,15,0.332,0.4794,41.6588,36.0457,36.4523,208
hourly,test,gru_seq48_h64_l2_d0p2_lr0p0005_bs64,16,0.3136,0.4218,47.5339,38.2595,38.0408,208
hourly,test,gru_seq48_h64_l2_d0p2_lr0p0005_bs64,17,0.3572,0.5075,48.8242,40.4016,40.2583,208
hourly,test,gru_seq48_h64_l2_d0p2_lr0p0005_bs64,18,0.4263,0.6292,52.5892,40.6473,39.9583,208
hourly,test,gru_seq48_h64_l2_d0p2_lr0p0005_bs64,19,0.4477,0.6034,53.7049,38.536,34.2339,208
hourly,test,gru_seq48_h64_l2_d0p2_lr0p0005_bs64,20,0.4557,0.5925,49.443,35.0237,30.7001,208
hourly,test,gru_seq48_h64_l2_d0p2_lr0p0005_bs64,21,0.4945,0.6402,45.9473,36.1631,32.2813,208
hourly,test,gru_seq48_h64_l2_d0p2_lr0p0005_bs64,22,0.4064,0.5424,41.6749,34.4145,33.384,208
hourly,test,gru_seq48_h64_l2_d0p2_lr0p0005_bs64,23,0.3506,0.5111,46.0968,39.3983,41.0969,208
summary,validation,gru_seq48_h64_l2_d0p3_lr0p001_bs64,,0.3735,0.541,37.4788,31.5734,29.9541,4976
hourly,validation,gru_seq48_h64_l2_d0p3_lr0p001_bs64,0,0.2108,0.3235,35.1203,30.7464,33.1955,207
hourly,validation,gru_seq48_h64_l2_d0p3_lr0p001_bs64,1,0.1701,0.2792,28.9229,27.7333,32.0821,207
hourly,validation,gru_seq48_h64_l2_d0p3_lr0p001_bs64,2,0.1459,0.2426,26.3838,26.036,30.3464,207
hourly,validation,gru_seq48_h64_l2_d0p3_lr0p001_bs64,3,0.1283,0.2144,26.7368,25.5076,29.5753,207
hourly,validation,gru_seq48_h64_l2_d0p3_lr0p001_bs64,4,0.1238,0.208,26.4975,25.7674,29.9802,207
hourly,validation,gru_seq48_h64_l2_d0p3_lr0p001_bs64,5,0.1438,0.2161,29.5754,29.4735,32.8508,207
hourly,validation,gru_seq48_h64_l2_d0p3_lr0p001_bs64,6,0.3164,0.4183,45.6104,36.4425,38.2199,207
hourly,validation,gru_seq48_h64_l2_d0p3_lr0p001_bs64,7,0.4755,0.6124,41.6099,31.8864,26.8742,208
hourly,validation,gru_seq48_h64_l2_d0p3_lr0p001_bs64,8,0.3799,0.5017,31.1062,25.6241,23.108,208
hourly,validation,gru_seq48_h64_l2_d0p3_lr0p001_bs64,9,0.3319,0.448,29.6012,23.5502,21.4391,208
hourly,validation,gru_seq48_h64_l2_d0p3_lr0p001_bs64,10,0.361,0.4842,29.4338,25.4956,23.9239,208
hourly,validation,gru_seq48_h64_l2_d0p3_lr0p001_bs64,11,0.435,0.6342,38.076,31.53,28.9638,208
hourly,validation,gru_seq48_h64_l2_d0p3_lr0p001_bs64,12,0.4386,0.6299,39.5518,32.5536,30.3353,208
hourly,validation,gru_seq48_h64_l2_d0p3_lr0p001_bs64,13,0.4351,0.5801,42.5707,36.2045,32.258,208
hourly,validation,gru_seq48_h64_l2_d0p3_lr0p001_bs64,14,0.4193,0.609,45.2343,35.6392,33.6064,208
hourly,validation,gru_seq48_h64_l2_d0p3_lr0p001_bs64,15,0.439,0.647,48.7471,38.5146,37.1298,207
hourly,validation,gru_seq48_h64_l2_d0p3_lr0p001_bs64,16,0.3799,0.533,41.8167,35.2168,32.4368,207
hourly,validation,gru_seq48_h64_l2_d0p3_lr0p001_bs64,17,0.4687,0.6759,43.7885,36.667,35.0337,207
hourly,validation,gru_seq48_h64_l2_d0p3_lr0p001_bs64,18,0.5282,0.6878,44.6015,35.8267,32.1145,207
hourly,validation,gru_seq48_h64_l2_d0p3_lr0p001_bs64,19,0.633,0.7809,38.3934,32.794,30.4102,207
hourly,validation,gru_seq48_h64_l2_d0p3_lr0p001_bs64,20,0.6286,0.7858,39.4302,31.0414,27.6345,207
hourly,validation,gru_seq48_h64_l2_d0p3_lr0p001_bs64,21,0.5207,0.6693,34.4856,28.2144,25.4611,207
hourly,validation,gru_seq48_h64_l2_d0p3_lr0p001_bs64,22,0.4816,0.5981,42.042,35.8091,31.8571,207
hourly,validation,gru_seq48_h64_l2_d0p3_lr0p001_bs64,23,0.3672,0.4861,50.1688,39.536,41.1297,207
summary,test,gru_seq48_h64_l2_d0p3_lr0p001_bs64,,0.3355,0.4884,41.7068,35.9611,34.8818,4977
hourly,test,gru_seq48_h64_l2_d0p3_lr0p001_bs64,0,0.2542,0.4211,34.4691,35.7657,38.4003,207
hourly,test,gru_seq48_h64_l2_d0p3_lr0p001_bs64,1,0.2039,0.3366,29.6661,32.996,35.8238,207
hourly,test,gru_seq48_h64_l2_d0p3_lr0p001_bs64,2,0.1744,0.2831,27.1262,30.9289,33.0339,207
hourly,test,gru_seq48_h64_l2_d0p3_lr0p001_bs64,3,0.1372,0.2459,24.2148,26.0755,29.4519,207
hourly,test,gru_seq48_h64_l2_d0p3_lr0p001_bs64,4,0.1612,0.2606,30.4659,31.9408,34.8284,207
hourly,test,gru_seq48_h64_l2_d0p3_lr0p001_bs64,5,0.1496,0.2593,29.1842,29.1229,33.3543,207
hourly,test,gru_seq48_h64_l2_d0p3_lr0p001_bs64,6,0.2362,0.31,41.5513,34.3277,36.3375,207
hourly,test,gru_seq48_h64_l2_d0p3_lr0p001_bs64,7,0.4379,0.5574,52.6284,38.2089,33.3776,207
hourly,test,gru_seq48_h64_l2_d0p3_lr0p001_bs64,8,0.3271,0.4373,38.4145,29.1053,26.1097,207
hourly,test,gru_seq48_h64_l2_d0p3_lr0p001_bs64,9,0.3371,0.4713,41.4604,32.05,28.0774,207
hourly,test,gru_seq48_h64_l2_d0p3_lr0p001_bs64,10,0.3834,0.535,45.7949,35.4911,33.5728,207
hourly,test,gru_seq48_h64_l2_d0p3_lr0p001_bs64,11,0.3859,0.5398,44.1706,37.0621,33.7633,207
hourly,test,gru_seq48_h64_l2_d0p3_lr0p001_bs64,12,0.424,0.5985,44.652,39.2122,38.0167,207
hourly,test,gru_seq48_h64_l2_d0p3_lr0p001_bs64,13,0.3511,0.4657,39.0087,35.7415,33.3265,207
hourly,test,gru_seq48_h64_l2_d0p3_lr0p001_bs64,14,0.3785,0.5218,47.5225,40.0436,38.252,207
hourly,test,gru_seq48_h64_l2_d0p3_lr0p001_bs64,15,0.3248,0.456,43.6953,37.0702,35.6573,208
hourly,test,gru_seq48_h64_l2_d0p3_lr0p001_bs64,16,0.3202,0.4317,49.0062,39.6024,38.8378,208
hourly,test,gru_seq48_h64_l2_d0p3_lr0p001_bs64,17,0.3698,0.5124,50.133,41.7405,41.68,208
hourly,test,gru_seq48_h64_l2_d0p3_lr0p001_bs64,18,0.42,0.6157,50.5284,40.7271,39.3588,208
hourly,test,gru_seq48_h64_l2_d0p3_lr0p001_bs64,19,0.4766,0.6358,54.1311,41.0025,36.4457,208
hourly,test,gru_seq48_h64_l2_d0p3_lr0p001_bs64,20,0.4664,0.6187,48.3849,35.6903,31.4164,208
hourly,test,gru_seq48_h64_l2_d0p3_lr0p001_bs64,21,0.5402,0.6855,48.8352,39.587,35.2637,208
hourly,test,gru_seq48_h64_l2_d0p3_lr0p001_bs64,22,0.4415,0.5729,44.1474,39.6087,36.2647,208
hourly,test,gru_seq48_h64_l2_d0p3_lr0p001_bs64,23,0.3484,0.5381,41.5065,39.8151,40.8337,208
summary,validation,gru_seq48_h64_l2_d0p3_lr0p0005_bs64,,0.3732,0.5419,36.8902,31.6269,29.9311,4976
hourly,validation,gru_seq48_h64_l2_d0p3_lr0p0005_bs64,0,0.2154,0.3269,33.6911,30.8574,33.9161,207
hourly,validation,gru_seq48_h64_l2_d0p3_lr0p0005_bs64,1,0.1715,0.2986,27.8527,26.7642,32.354,207
hourly,validation,gru_seq48_h64_l2_d0p3_lr0p0005_bs64,2,0.1437,0.2433,25.7414,25.2301,29.8933,207
hourly,validation,gru_seq48_h64_l2_d0p3_lr0p0005_bs64,3,0.1275,0.2143,26.0406,24.6003,29.4006,207
hourly,validation,gru_seq48_h64_l2_d0p3_lr0p0005_bs64,4,0.1198,0.2073,24.5812,24.6805,29.0222,207
hourly,validation,gru_seq48_h64_l2_d0p3_lr0p0005_bs64,5,0.1569,0.2244,34.4677,31.9032,35.849,207
hourly,validation,gru_seq48_h64_l2_d0p3_lr0p0005_bs64,6,0.2994,0.3917,42.5042,35.2464,36.1604,207
hourly,validation,gru_seq48_h64_l2_d0p3_lr0p0005_bs64,7,0.5259,0.6553,43.4766,35.7292,29.722,208
hourly,validation,gru_seq48_h64_l2_d0p3_lr0p0005_bs64,8,0.3655,0.498,28.3526,25.3677,22.2329,208
hourly,validation,gru_seq48_h64_l2_d0p3_lr0p0005_bs64,9,0.358,0.4709,29.8785,25.9399,23.127,208
hourly,validation,gru_seq48_h64_l2_d0p3_lr0p0005_bs64,10,0.3599,0.4985,28.5238,25.7219,23.8509,208
hourly,validation,gru_seq48_h64_l2_d0p3_lr0p0005_bs64,11,0.4381,0.6398,38.2908,31.9015,29.1708,208
hourly,validation,gru_seq48_h64_l2_d0p3_lr0p0005_bs64,12,0.428,0.6216,39.9187,32.0739,29.5997,208
hourly,validation,gru_seq48_h64_l2_d0p3_lr0p0005_bs64,13,0.4251,0.5712,42.9973,35.8857,31.5153,208
hourly,validation,gru_seq48_h64_l2_d0p3_lr0p0005_bs64,14,0.427,0.6149,45.5337,36.7005,34.226,208
hourly,validation,gru_seq48_h64_l2_d0p3_lr0p0005_bs64,15,0.4375,0.6416,45.6683,37.9819,36.9948,207
hourly,validation,gru_seq48_h64_l2_d0p3_lr0p0005_bs64,16,0.3858,0.5566,40.5303,35.1436,32.9398,207
hourly,validation,gru_seq48_h64_l2_d0p3_lr0p0005_bs64,17,0.4744,0.6876,44.7321,37.1282,35.4597,207
hourly,validation,gru_seq48_h64_l2_d0p3_lr0p0005_bs64,18,0.534,0.7017,46.2944,36.2355,32.4682,207
hourly,validation,gru_seq48_h64_l2_d0p3_lr0p0005_bs64,19,0.613,0.7609,37.6412,32.2796,29.4502,207
hourly,validation,gru_seq48_h64_l2_d0p3_lr0p0005_bs64,20,0.6163,0.768,38.5005,30.9067,27.0958,207
hourly,validation,gru_seq48_h64_l2_d0p3_lr0p0005_bs64,21,0.5182,0.6546,33.5952,28.6959,25.3351,207
hourly,validation,gru_seq48_h64_l2_d0p3_lr0p0005_bs64,22,0.4586,0.5789,38.8147,33.7142,30.3355,207
hourly,validation,gru_seq48_h64_l2_d0p3_lr0p0005_bs64,23,0.3556,0.4824,47.7278,38.3749,39.8349,207
summary,test,gru_seq48_h64_l2_d0p3_lr0p0005_bs64,,0.3286,0.4802,40.8913,34.8584,34.159,4977
hourly,test,gru_seq48_h64_l2_d0p3_lr0p0005_bs64,0,0.241,0.4034,33.987,32.1994,36.4134,207
hourly,test,gru_seq48_h64_l2_d0p3_lr0p0005_bs64,1,0.1933,0.3254,27.5768,29.881,33.9675,207
hourly,test,gru_seq48_h64_l2_d0p3_lr0p0005_bs64,2,0.1693,0.283,26.2805,28.8199,32.0686,207
hourly,test,gru_seq48_h64_l2_d0p3_lr0p0005_bs64,3,0.135,0.2433,23.9864,24.8715,28.9835,207
hourly,test,gru_seq48_h64_l2_d0p3_lr0p0005_bs64,4,0.1583,0.2616,28.9009,30.1482,34.1966,207
hourly,test,gru_seq48_h64_l2_d0p3_lr0p0005_bs64,5,0.154,0.2621,30.9843,29.4153,34.3337,207
hourly,test,gru_seq48_h64_l2_d0p3_lr0p0005_bs64,6,0.219,0.2886,37.6925,33.5074,33.6856,207
hourly,test,gru_seq48_h64_l2_d0p3_lr0p0005_bs64,7,0.4635,0.582,49.9424,40.8634,35.3279,207
hourly,test,gru_seq48_h64_l2_d0p3_lr0p0005_bs64,8,0.2981,0.4082,33.3223,27.2689,23.7988,207
hourly,test,gru_seq48_h64_l2_d0p3_lr0p0005_bs64,9,0.3538,0.4862,40.5779,32.5404,29.4733,207
hourly,test,gru_seq48_h64_l2_d0p3_lr0p0005_bs64,10,0.3906,0.5432,48.4036,37.603,34.2086,207
hourly,test,gru_seq48_h64_l2_d0p3_lr0p0005_bs64,11,0.3927,0.5405,45.4854,37.9746,34.3568,207
hourly,test,gru_seq48_h64_l2_d0p3_lr0p0005_bs64,12,0.4136,0.5856,45.3748,38.9173,37.0839,207
hourly,test,gru_seq48_h64_l2_d0p3_lr0p0005_bs64,13,0.3559,0.4724,40.8372,36.2199,33.7881,207
hourly,test,gru_seq48_h64_l2_d0p3_lr0p0005_bs64,14,0.3781,0.5177,48.3882,40.3205,38.2075,207
hourly,test,gru_seq48_h64_l2_d0p3_lr0p0005_bs64,15,0.3307,0.4771,41.5193,35.943,36.3079,208
hourly,test,gru_seq48_h64_l2_d0p3_lr0p0005_bs64,16,0.3115,0.4211,46.8757,37.9269,37.7808,208
hourly,test,gru_seq48_h64_l2_d0p3_lr0p0005_bs64,17,0.3541,0.5076,47.6118,39.9372,39.9176,208
hourly,test,gru_seq48_h64_l2_d0p3_lr0p0005_bs64,18,0.4237,0.628,51.1886,40.202,39.7074,208
hourly,test,gru_seq48_h64_l2_d0p3_lr0p0005_bs64,19,0.4453,0.6034,53.1422,38.3113,34.0527,208
hourly,test,gru_seq48_h64_l2_d0p3_lr0p0005_bs64,20,0.4512,0.5897,48.4823,34.5908,30.3924,208
hourly,test,gru_seq48_h64_l2_d0p3_lr0p0005_bs64,21,0.4979,0.6451,45.3591,36.2246,32.5073,208
hourly,test,gru_seq48_h64_l2_d0p3_lr0p0005_bs64,22,0.4059,0.5406,40.8923,34.2035,33.3439,208
hourly,test,gru_seq48_h64_l2_d0p3_lr0p0005_bs64,23,0.3462,0.5121,44.3304,38.605,40.5755,208
summary,validation,gru_seq48_h128_l1_d0p0_lr0p001_bs64,,0.3791,0.5424,40.1232,32.6235,30.4029,4976
hourly,validation,gru_seq48_h128_l1_d0p0_lr0p001_bs64,0,0.2263,0.3228,38.3752,34.0682,35.6376,207
hourly,validation,gru_seq48_h128_l1_d0p0_lr0p001_bs64,1,0.1741,0.2884,30.1206,28.9842,32.8369,207
hourly,validation,gru_seq48_h128_l1_d0p0_lr0p001_bs64,2,0.1507,0.2482,28.1258,27.0471,31.3511,207
hourly,validation,gru_seq48_h128_l1_d0p0_lr0p001_bs64,3,0.1273,0.2106,27.4164,24.3825,29.3495,207
hourly,validation,gru_seq48_h128_l1_d0p0_lr0p001_bs64,4,0.129,0.209,29.6013,26.3668,31.2462,207
hourly,validation,gru_seq48_h128_l1_d0p0_lr0p001_bs64,5,0.1784,0.2306,43.9147,36.4555,40.7542,207
hourly,validation,gru_seq48_h128_l1_d0p0_lr0p001_bs64,6,0.3493,0.4415,54.8163,40.4475,42.1882,207
hourly,validation,gru_seq48_h128_l1_d0p0_lr0p001_bs64,7,0.5025,0.6233,53.8123,36.0755,28.4016,208
hourly,validation,gru_seq48_h128_l1_d0p0_lr0p001_bs64,8,0.4157,0.5208,38.2606,28.0494,25.2822,208
hourly,validation,gru_seq48_h128_l1_d0p0_lr0p001_bs64,9,0.342,0.4582,32.2285,24.3125,22.0972,208
hourly,validation,gru_seq48_h128_l1_d0p0_lr0p001_bs64,10,0.3573,0.4864,31.2143,25.1133,23.68,208
hourly,validation,gru_seq48_h128_l1_d0p0_lr0p001_bs64,11,0.4358,0.6339,41.2756,31.6112,29.0185,208
hourly,validation,gru_seq48_h128_l1_d0p0_lr0p001_bs64,12,0.4314,0.6204,42.2776,32.5053,29.8316,208
hourly,validation,gru_seq48_h128_l1_d0p0_lr0p001_bs64,13,0.4268,0.5744,44.8127,36.4239,31.6413,208
hourly,validation,gru_seq48_h128_l1_d0p0_lr0p001_bs64,14,0.434,0.6145,47.543,37.5963,34.7898,208
hourly,validation,gru_seq48_h128_l1_d0p0_lr0p001_bs64,15,0.4362,0.6383,46.5268,38.2231,36.8867,207
hourly,validation,gru_seq48_h128_l1_d0p0_lr0p001_bs64,16,0.3795,0.5454,40.1222,35.0477,32.3978,207
hourly,validation,gru_seq48_h128_l1_d0p0_lr0p001_bs64,17,0.4669,0.6786,42.5219,36.7668,34.9009,207
hourly,validation,gru_seq48_h128_l1_d0p0_lr0p001_bs64,18,0.5317,0.6943,44.8566,36.6626,32.3284,207
hourly,validation,gru_seq48_h128_l1_d0p0_lr0p001_bs64,19,0.6217,0.7688,37.988,32.3941,29.866,207
hourly,validation,gru_seq48_h128_l1_d0p0_lr0p001_bs64,20,0.619,0.7695,39.5837,30.5881,27.2153,207
hourly,validation,gru_seq48_h128_l1_d0p0_lr0p001_bs64,21,0.5133,0.6572,34.5031,28.1648,25.0949,207
hourly,validation,gru_seq48_h128_l1_d0p0_lr0p001_bs64,22,0.4782,0.6108,41.7538,35.1504,31.6309,207
hourly,validation,gru_seq48_h128_l1_d0p0_lr0p001_bs64,23,0.3694,0.4881,51.2552,40.5711,41.3798,207
summary,test,gru_seq48_h128_l1_d0p0_lr0p001_bs64,,0.3437,0.4875,46.3892,36.9234,35.7293,4977
hourly,test,gru_seq48_h128_l1_d0p0_lr0p001_bs64,0,0.2483,0.3983,37.2041,34.4406,37.5173,207
hourly,test,gru_seq48_h128_l1_d0p0_lr0p001_bs64,1,0.2025,0.3285,30.7314,32.878,35.5878,207
hourly,test,gru_seq48_h128_l1_d0p0_lr0p001_bs64,2,0.1725,0.2826,28.4575,29.4254,32.6823,207
hourly,test,gru_seq48_h128_l1_d0p0_lr0p001_bs64,3,0.1523,0.2571,29.5632,27.9379,32.6861,207
hourly,test,gru_seq48_h128_l1_d0p0_lr0p001_bs64,4,0.1584,0.2573,31.3994,29.5108,34.2176,207
hourly,test,gru_seq48_h128_l1_d0p0_lr0p001_bs64,5,0.1772,0.2601,41.4415,34.1898,39.5136,207
hourly,test,gru_seq48_h128_l1_d0p0_lr0p001_bs64,6,0.2859,0.3462,56.3259,40.5946,43.9711,207
hourly,test,gru_seq48_h128_l1_d0p0_lr0p001_bs64,7,0.4594,0.5623,66.7403,42.2403,35.0216,207
hourly,test,gru_seq48_h128_l1_d0p0_lr0p001_bs64,8,0.3922,0.4916,52.7504,35.7141,31.3122,207
hourly,test,gru_seq48_h128_l1_d0p0_lr0p001_bs64,9,0.3555,0.4694,47.5449,34.6223,29.6131,207
hourly,test,gru_seq48_h128_l1_d0p0_lr0p001_bs64,10,0.4047,0.5359,55.6353,39.8937,35.4459,207
hourly,test,gru_seq48_h128_l1_d0p0_lr0p001_bs64,11,0.3844,0.5232,48.0191,37.7806,33.6317,207
hourly,test,gru_seq48_h128_l1_d0p0_lr0p001_bs64,12,0.4257,0.5926,48.27,40.3345,38.1694,207
hourly,test,gru_seq48_h128_l1_d0p0_lr0p001_bs64,13,0.354,0.467,41.1671,36.2186,33.602,207
hourly,test,gru_seq48_h128_l1_d0p0_lr0p001_bs64,14,0.3803,0.5156,49.3245,40.6996,38.4343,207
hourly,test,gru_seq48_h128_l1_d0p0_lr0p001_bs64,15,0.3375,0.4791,43.7891,37.1957,37.0498,208
hourly,test,gru_seq48_h128_l1_d0p0_lr0p001_bs64,16,0.3139,0.4184,48.4949,38.8221,38.0753,208
hourly,test,gru_seq48_h128_l1_d0p0_lr0p001_bs64,17,0.3556,0.5051,48.3646,40.3906,40.0859,208
hourly,test,gru_seq48_h128_l1_d0p0_lr0p001_bs64,18,0.4283,0.629,52.9671,40.8677,40.1367,208
hourly,test,gru_seq48_h128_l1_d0p0_lr0p001_bs64,19,0.4699,0.6176,57.2112,39.7333,35.9279,208
hourly,test,gru_seq48_h128_l1_d0p0_lr0p001_bs64,20,0.459,0.5976,53.0205,35.8007,30.9194,208
hourly,test,gru_seq48_h128_l1_d0p0_lr0p001_bs64,21,0.5389,0.6836,52.9452,39.4596,35.1816,208
hourly,test,gru_seq48_h128_l1_d0p0_lr0p001_bs64,22,0.4338,0.5673,45.4749,37.0975,35.6378,208
hourly,test,gru_seq48_h128_l1_d0p0_lr0p001_bs64,23,0.355,0.5253,46.3488,40.2306,41.6124,208
summary,validation,gru_seq48_h128_l1_d0p0_lr0p0005_bs64,,0.3805,0.5419,40.0736,32.9354,30.517,4976
hourly,validation,gru_seq48_h128_l1_d0p0_lr0p0005_bs64,0,0.2278,0.3284,39.0324,34.454,35.8667,207
hourly,validation,gru_seq48_h128_l1_d0p0_lr0p0005_bs64,1,0.1714,0.2784,31.4965,28.1027,32.3257,207
hourly,validation,gru_seq48_h128_l1_d0p0_lr0p0005_bs64,2,0.1585,0.2419,32.857,28.3943,32.9808,207
hourly,validation,gru_seq48_h128_l1_d0p0_lr0p0005_bs64,3,0.145,0.2209,34.5666,28.1168,33.4447,207
hourly,validation,gru_seq48_h128_l1_d0p0_lr0p0005_bs64,4,0.1429,0.2165,34.6436,29.5242,34.614,207
hourly,validation,gru_seq48_h128_l1_d0p0_lr0p0005_bs64,5,0.1881,0.2364,46.0853,38.4765,42.9855,207
hourly,validation,gru_seq48_h128_l1_d0p0_lr0p0005_bs64,6,0.3043,0.383,47.1324,36.1848,36.7533,207
hourly,validation,gru_seq48_h128_l1_d0p0_lr0p0005_bs64,7,0.4746,0.5957,46.3554,33.539,26.8261,208
hourly,validation,gru_seq48_h128_l1_d0p0_lr0p0005_bs64,8,0.3982,0.5103,35.1084,27.5614,24.2166,208
hourly,validation,gru_seq48_h128_l1_d0p0_lr0p0005_bs64,9,0.3575,0.4697,32.2997,25.6306,23.0953,208
hourly,validation,gru_seq48_h128_l1_d0p0_lr0p0005_bs64,10,0.3778,0.5002,30.464,27.0223,25.0403,208
hourly,validation,gru_seq48_h128_l1_d0p0_lr0p0005_bs64,11,0.4299,0.6295,38.6612,31.3048,28.6282,208
hourly,validation,gru_seq48_h128_l1_d0p0_lr0p0005_bs64,12,0.4337,0.6232,41.3608,32.4614,29.9949,208
hourly,validation,gru_seq48_h128_l1_d0p0_lr0p0005_bs64,13,0.432,0.573,45.3768,36.9063,32.0248,208
hourly,validation,gru_seq48_h128_l1_d0p0_lr0p0005_bs64,14,0.4259,0.6102,48.0672,36.7772,34.134,208
hourly,validation,gru_seq48_h128_l1_d0p0_lr0p0005_bs64,15,0.4324,0.6407,47.4048,37.9521,36.5671,207
hourly,validation,gru_seq48_h128_l1_d0p0_lr0p0005_bs64,16,0.3844,0.5516,41.348,35.6952,32.8166,207
hourly,validation,gru_seq48_h128_l1_d0p0_lr0p0005_bs64,17,0.4634,0.6699,42.473,36.4541,34.6393,207
hourly,validation,gru_seq48_h128_l1_d0p0_lr0p0005_bs64,18,0.5401,0.7007,45.0323,36.7522,32.8387,207
hourly,validation,gru_seq48_h128_l1_d0p0_lr0p0005_bs64,19,0.6537,0.805,38.2103,33.9858,31.4042,207
hourly,validation,gru_seq48_h128_l1_d0p0_lr0p0005_bs64,20,0.626,0.7737,38.5916,31.1128,27.5216,207
hourly,validation,gru_seq48_h128_l1_d0p0_lr0p0005_bs64,21,0.5078,0.6473,33.8633,27.5809,24.8264,207
hourly,validation,gru_seq48_h128_l1_d0p0_lr0p0005_bs64,22,0.4888,0.6187,41.0966,36.2908,32.3344,207
hourly,validation,gru_seq48_h128_l1_d0p0_lr0p0005_bs64,23,0.3665,0.4809,50.2533,40.2293,41.0488,207
summary,test,gru_seq48_h128_l1_d0p0_lr0p0005_bs64,,0.3381,0.4844,44.2685,36.4682,35.1474,4977
hourly,test,gru_seq48_h128_l1_d0p0_lr0p0005_bs64,0,0.2543,0.403,37.5514,35.202,38.4141,207
hourly,test,gru_seq48_h128_l1_d0p0_lr0p0005_bs64,1,0.2027,0.3233,32.5612,32.6634,35.6248,207
hourly,test,gru_seq48_h128_l1_d0p0_lr0p0005_bs64,2,0.1854,0.2829,34.1081,31.9589,35.1339,207
hourly,test,gru_seq48_h128_l1_d0p0_lr0p0005_bs64,3,0.1696,0.2618,35.4916,31.2476,36.3963,207
hourly,test,gru_seq48_h128_l1_d0p0_lr0p0005_bs64,4,0.1648,0.2515,34.5784,31.5894,35.5876,207
hourly,test,gru_seq48_h128_l1_d0p0_lr0p0005_bs64,5,0.1725,0.2586,39.6689,33.4665,38.4648,207
hourly,test,gru_seq48_h128_l1_d0p0_lr0p0005_bs64,6,0.248,0.3156,47.6749,36.1487,38.1465,207
hourly,test,gru_seq48_h128_l1_d0p0_lr0p0005_bs64,7,0.4317,0.5446,56.1253,38.947,32.9098,207
hourly,test,gru_seq48_h128_l1_d0p0_lr0p0005_bs64,8,0.3392,0.45,42.5339,30.6587,27.0788,207
hourly,test,gru_seq48_h128_l1_d0p0_lr0p0005_bs64,9,0.3479,0.4651,41.7423,32.6253,28.9808,207
hourly,test,gru_seq48_h128_l1_d0p0_lr0p0005_bs64,10,0.3899,0.5314,47.9363,38.1118,34.146,207
hourly,test,gru_seq48_h128_l1_d0p0_lr0p0005_bs64,11,0.3879,0.5369,44.1907,37.1577,33.9322,207
hourly,test,gru_seq48_h128_l1_d0p0_lr0p0005_bs64,12,0.4251,0.5936,46.5786,40.2942,38.1189,207
hourly,test,gru_seq48_h128_l1_d0p0_lr0p0005_bs64,13,0.3523,0.4658,40.6422,35.9498,33.4454,207
hourly,test,gru_seq48_h128_l1_d0p0_lr0p0005_bs64,14,0.3777,0.5142,50.135,40.6676,38.1735,207
hourly,test,gru_seq48_h128_l1_d0p0_lr0p0005_bs64,15,0.3331,0.4644,44.6382,37.365,36.5664,208
hourly,test,gru_seq48_h128_l1_d0p0_lr0p0005_bs64,16,0.3221,0.4238,51.1018,40.0784,39.0621,208
hourly,test,gru_seq48_h128_l1_d0p0_lr0p0005_bs64,17,0.3621,0.5066,49.5421,41.2211,40.8127,208
hourly,test,gru_seq48_h128_l1_d0p0_lr0p0005_bs64,18,0.4381,0.6453,51.9922,41.6006,41.0561,208
hourly,test,gru_seq48_h128_l1_d0p0_lr0p0005_bs64,19,0.4414,0.6053,50.383,37.7853,33.7527,208
hourly,test,gru_seq48_h128_l1_d0p0_lr0p0005_bs64,20,0.4554,0.5938,48.5775,35.385,30.6809,208
hourly,test,gru_seq48_h128_l1_d0p0_lr0p0005_bs64,21,0.5286,0.6819,48.9449,38.5691,34.5082,208
hourly,test,gru_seq48_h128_l1_d0p0_lr0p0005_bs64,22,0.4331,0.5705,42.3515,36.9679,35.575,208
hourly,test,gru_seq48_h128_l1_d0p0_lr0p0005_bs64,23,0.348,0.5337,43.2382,39.478,40.7954,208
summary,validation,gru_seq48_h128_l2_d0p0_lr0p001_bs64,,0.3762,0.5409,39.9673,32.0958,30.1681,4976
hourly,validation,gru_seq48_h128_l2_d0p0_lr0p001_bs64,0,0.2259,0.3281,42.622,33.4668,35.5625,207
hourly,validation,gru_seq48_h128_l2_d0p0_lr0p001_bs64,1,0.1789,0.2956,33.5236,28.6907,33.7382,207
hourly,validation,gru_seq48_h128_l2_d0p0_lr0p001_bs64,2,0.1567,0.257,31.2797,27.4213,32.593,207
hourly,validation,gru_seq48_h128_l2_d0p0_lr0p001_bs64,3,0.1427,0.2291,31.9214,27.278,32.9155,207
hourly,validation,gru_seq48_h128_l2_d0p0_lr0p001_bs64,4,0.1266,0.2147,27.3841,26.0495,30.6688,207
hourly,validation,gru_seq48_h128_l2_d0p0_lr0p001_bs64,5,0.1604,0.2288,36.121,32.3844,36.6467,207
hourly,validation,gru_seq48_h128_l2_d0p0_lr0p001_bs64,6,0.3224,0.4241,46.7363,36.1965,38.9395,207
hourly,validation,gru_seq48_h128_l2_d0p0_lr0p001_bs64,7,0.511,0.6336,45.2697,35.3376,28.8802,208
hourly,validation,gru_seq48_h128_l2_d0p0_lr0p001_bs64,8,0.3866,0.5127,31.3258,26.9486,23.5138,208
hourly,validation,gru_seq48_h128_l2_d0p0_lr0p001_bs64,9,0.3376,0.4499,29.1444,24.1739,21.8077,208
hourly,validation,gru_seq48_h128_l2_d0p0_lr0p001_bs64,10,0.363,0.4932,30.4562,25.428,24.0577,208
hourly,validation,gru_seq48_h128_l2_d0p0_lr0p001_bs64,11,0.4085,0.6184,40.0266,29.6488,27.2034,208
hourly,validation,gru_seq48_h128_l2_d0p0_lr0p001_bs64,12,0.4263,0.6117,44.0173,32.2494,29.4804,208
hourly,validation,gru_seq48_h128_l2_d0p0_lr0p001_bs64,13,0.4239,0.5692,47.1256,36.0146,31.4277,208
hourly,validation,gru_seq48_h128_l2_d0p0_lr0p001_bs64,14,0.4318,0.6108,49.0968,37.0234,34.6135,208
hourly,validation,gru_seq48_h128_l2_d0p0_lr0p001_bs64,15,0.4378,0.6384,46.7017,38.0332,37.021,207
hourly,validation,gru_seq48_h128_l2_d0p0_lr0p001_bs64,16,0.3845,0.5577,38.4764,34.4304,32.829,207
hourly,validation,gru_seq48_h128_l2_d0p0_lr0p001_bs64,17,0.4607,0.6731,42.3257,35.5659,34.4403,207
hourly,validation,gru_seq48_h128_l2_d0p0_lr0p001_bs64,18,0.5485,0.7138,49.6522,37.0123,33.3493,207
hourly,validation,gru_seq48_h128_l2_d0p0_lr0p001_bs64,19,0.6204,0.769,39.0776,32.4947,29.8043,207
hourly,validation,gru_seq48_h128_l2_d0p0_lr0p001_bs64,20,0.6186,0.7722,39.3876,30.7788,27.1977,207
hourly,validation,gru_seq48_h128_l2_d0p0_lr0p001_bs64,21,0.5084,0.6455,34.4095,27.9723,24.8554,207
hourly,validation,gru_seq48_h128_l2_d0p0_lr0p001_bs64,22,0.459,0.5713,42.2565,33.7723,30.3665,207
hourly,validation,gru_seq48_h128_l2_d0p0_lr0p001_bs64,23,0.3861,0.5047,60.8944,41.9756,43.2465,207
summary,test,gru_seq48_h128_l2_d0p0_lr0p001_bs64,,0.3338,0.4836,42.9725,35.3593,34.7002,4977
hourly,test,gru_seq48_h128_l2_d0p0_lr0p001_bs64,0,0.2546,0.4091,39.1623,33.8169,38.4668,207
hourly,test,gru_seq48_h128_l2_d0p0_lr0p001_bs64,1,0.195,0.3104,30.7469,30.8237,34.2642,207
hourly,test,gru_seq48_h128_l2_d0p0_lr0p001_bs64,2,0.1655,0.2712,27.9189,28.9488,31.3498,207
hourly,test,gru_seq48_h128_l2_d0p0_lr0p001_bs64,3,0.1417,0.2482,26.4771,26.5231,30.407,207
hourly,test,gru_seq48_h128_l2_d0p0_lr0p001_bs64,4,0.1647,0.2683,31.1103,31.8608,35.5723,207
hourly,test,gru_seq48_h128_l2_d0p0_lr0p001_bs64,5,0.157,0.2632,32.6309,29.5926,35.0128,207
hourly,test,gru_seq48_h128_l2_d0p0_lr0p001_bs64,6,0.2441,0.32,42.3718,35.4446,37.5527,207
hourly,test,gru_seq48_h128_l2_d0p0_lr0p001_bs64,7,0.4574,0.5789,51.191,39.5969,34.8641,207
hourly,test,gru_seq48_h128_l2_d0p0_lr0p001_bs64,8,0.3138,0.4303,33.6623,28.0191,25.0481,207
hourly,test,gru_seq48_h128_l2_d0p0_lr0p001_bs64,9,0.3439,0.4728,39.4815,32.438,28.6454,207
hourly,test,gru_seq48_h128_l2_d0p0_lr0p001_bs64,10,0.3812,0.5294,47.6102,35.8167,33.3867,207
hourly,test,gru_seq48_h128_l2_d0p0_lr0p001_bs64,11,0.3768,0.533,46.2008,36.4124,32.9662,207
hourly,test,gru_seq48_h128_l2_d0p0_lr0p001_bs64,12,0.409,0.5796,46.8569,38.3434,36.6768,207
hourly,test,gru_seq48_h128_l2_d0p0_lr0p001_bs64,13,0.3515,0.4632,42.728,36.2544,33.3638,207
hourly,test,gru_seq48_h128_l2_d0p0_lr0p001_bs64,14,0.3734,0.5128,49.0571,39.4775,37.7344,207
hourly,test,gru_seq48_h128_l2_d0p0_lr0p001_bs64,15,0.3352,0.4799,43.1905,36.5712,36.8032,208
hourly,test,gru_seq48_h128_l2_d0p0_lr0p001_bs64,16,0.3207,0.4294,48.53,39.3934,38.8992,208
hourly,test,gru_seq48_h128_l2_d0p0_lr0p001_bs64,17,0.355,0.5081,47.4981,39.8792,40.0139,208
hourly,test,gru_seq48_h128_l2_d0p0_lr0p001_bs64,18,0.4395,0.6454,54.3263,41.3511,41.194,208
hourly,test,gru_seq48_h128_l2_d0p0_lr0p001_bs64,19,0.467,0.612,56.6481,39.1838,35.713,208
hourly,test,gru_seq48_h128_l2_d0p0_lr0p001_bs64,20,0.4604,0.6058,50.4076,34.893,31.015,208
hourly,test,gru_seq48_h128_l2_d0p0_lr0p001_bs64,21,0.5087,0.6532,47.6364,37.1131,33.2108,208
hourly,test,gru_seq48_h128_l2_d0p0_lr0p001_bs64,22,0.4203,0.5657,43.7838,35.0333,34.5242,208
hourly,test,gru_seq48_h128_l2_d0p0_lr0p001_bs64,23,0.3709,0.5168,51.837,41.7071,43.4756,208
summary,validation,gru_seq48_h128_l2_d0p0_lr0p0005_bs64,,0.3742,0.5403,38.8304,31.9585,30.0116,4976
hourly,validation,gru_seq48_h128_l2_d0p0_lr0p0005_bs64,0,0.2249,0.3261,40.5526,33.3257,35.4038,207
hourly,validation,gru_seq48_h128_l2_d0p0_lr0p0005_bs64,1,0.1782,0.2908,32.4977,29.5031,33.6081,207
hourly,validation,gru_seq48_h128_l2_d0p0_lr0p0005_bs64,2,0.1528,0.2531,29.4575,27.3734,31.7828,207
hourly,validation,gru_seq48_h128_l2_d0p0_lr0p0005_bs64,3,0.1404,0.2282,30.5978,27.3818,32.3862,207
hourly,validation,gru_seq48_h128_l2_d0p0_lr0p0005_bs64,4,0.1295,0.2183,27.6514,27.5994,31.3728,207
hourly,validation,gru_seq48_h128_l2_d0p0_lr0p0005_bs64,5,0.1442,0.2284,29.7647,28.6259,32.9548,207
hourly,validation,gru_seq48_h128_l2_d0p0_lr0p0005_bs64,6,0.2976,0.396,40.5507,34.7256,35.9475,207
hourly,validation,gru_seq48_h128_l2_d0p0_lr0p0005_bs64,7,0.5319,0.6604,44.1482,36.3017,30.0642,208
hourly,validation,gru_seq48_h128_l2_d0p0_lr0p0005_bs64,8,0.3815,0.5092,29.1601,26.4027,23.2058,208
hourly,validation,gru_seq48_h128_l2_d0p0_lr0p0005_bs64,9,0.3421,0.4529,29.5112,24.7403,22.1,208
hourly,validation,gru_seq48_h128_l2_d0p0_lr0p0005_bs64,10,0.3533,0.4846,29.5704,25.0511,23.4147,208
hourly,validation,gru_seq48_h128_l2_d0p0_lr0p0005_bs64,11,0.412,0.6215,39.7998,30.028,27.4331,208
hourly,validation,gru_seq48_h128_l2_d0p0_lr0p0005_bs64,12,0.4245,0.6151,43.2841,32.318,29.3559,208
hourly,validation,gru_seq48_h128_l2_d0p0_lr0p0005_bs64,13,0.4202,0.5715,46.3456,35.9199,31.1473,208
hourly,validation,gru_seq48_h128_l2_d0p0_lr0p0005_bs64,14,0.4358,0.6189,48.8702,37.3278,34.9277,208
hourly,validation,gru_seq48_h128_l2_d0p0_lr0p0005_bs64,15,0.4395,0.6434,46.7441,37.8473,37.1707,207
hourly,validation,gru_seq48_h128_l2_d0p0_lr0p0005_bs64,16,0.3824,0.5594,38.9875,33.8017,32.6484,207
hourly,validation,gru_seq48_h128_l2_d0p0_lr0p0005_bs64,17,0.4656,0.6709,44.067,35.8022,34.8049,207
hourly,validation,gru_seq48_h128_l2_d0p0_lr0p0005_bs64,18,0.5439,0.7068,49.0757,36.8729,33.0674,207
hourly,validation,gru_seq48_h128_l2_d0p0_lr0p0005_bs64,19,0.6116,0.7619,38.3221,32.0975,29.3807,207
hourly,validation,gru_seq48_h128_l2_d0p0_lr0p0005_bs64,20,0.6209,0.7658,39.4175,30.8155,27.2976,207
hourly,validation,gru_seq48_h128_l2_d0p0_lr0p0005_bs64,21,0.5125,0.6487,34.4601,28.227,25.059,207
hourly,validation,gru_seq48_h128_l2_d0p0_lr0p0005_bs64,22,0.4556,0.569,40.7278,33.4592,30.1391,207
hourly,validation,gru_seq48_h128_l2_d0p0_lr0p0005_bs64,23,0.3785,0.4948,58.3657,41.4939,42.3901,207
summary,test,gru_seq48_h128_l2_d0p0_lr0p0005_bs64,,0.3343,0.4839,42.8862,35.7395,34.7526,4977
hourly,test,gru_seq48_h128_l2_d0p0_lr0p0005_bs64,0,0.2486,0.4044,37.0994,33.5085,37.5646,207
hourly,test,gru_seq48_h128_l2_d0p0_lr0p0005_bs64,1,0.1998,0.316,31.4747,33.0743,35.1133,207
hourly,test,gru_seq48_h128_l2_d0p0_lr0p0005_bs64,2,0.1725,0.2782,28.9057,30.8662,32.6849,207
hourly,test,gru_seq48_h128_l2_d0p0_lr0p0005_bs64,3,0.1461,0.2496,27.8126,28.3077,31.3488,207
hourly,test,gru_seq48_h128_l2_d0p0_lr0p0005_bs64,4,0.1685,0.2706,31.8217,33.5364,36.3994,207
hourly,test,gru_seq48_h128_l2_d0p0_lr0p0005_bs64,5,0.1531,0.2641,30.5925,28.8446,34.1257,207
hourly,test,gru_seq48_h128_l2_d0p0_lr0p0005_bs64,6,0.2221,0.2979,37.3995,33.5838,34.1583,207
hourly,test,gru_seq48_h128_l2_d0p0_lr0p0005_bs64,7,0.4719,0.5906,51.7175,41.1069,35.9729,207
hourly,test,gru_seq48_h128_l2_d0p0_lr0p0005_bs64,8,0.3085,0.4216,32.277,28.1391,24.6249,207
hourly,test,gru_seq48_h128_l2_d0p0_lr0p0005_bs64,9,0.3447,0.4771,39.1232,32.1265,28.7117,207
hourly,test,gru_seq48_h128_l2_d0p0_lr0p0005_bs64,10,0.3864,0.5305,49.218,37.3251,33.8402,207
hourly,test,gru_seq48_h128_l2_d0p0_lr0p0005_bs64,11,0.3795,0.5328,46.4867,36.7352,33.1982,207
hourly,test,gru_seq48_h128_l2_d0p0_lr0p0005_bs64,12,0.4072,0.5766,46.7744,38.2179,36.5109,207
hourly,test,gru_seq48_h128_l2_d0p0_lr0p0005_bs64,13,0.3529,0.4674,42.783,36.3113,33.4986,207
hourly,test,gru_seq48_h128_l2_d0p0_lr0p0005_bs64,14,0.3723,0.514,49.2564,39.3354,37.6215,207
hourly,test,gru_seq48_h128_l2_d0p0_lr0p0005_bs64,15,0.3431,0.4899,44.7462,37.5929,37.6625,208
hourly,test,gru_seq48_h128_l2_d0p0_lr0p0005_bs64,16,0.3293,0.4389,50.97,40.3618,39.9388,208
hourly,test,gru_seq48_h128_l2_d0p0_lr0p0005_bs64,17,0.3605,0.5117,49.4233,40.298,40.6325,208
hourly,test,gru_seq48_h128_l2_d0p0_lr0p0005_bs64,18,0.447,0.6448,55.762,42.0298,41.8946,208
hourly,test,gru_seq48_h128_l2_d0p0_lr0p0005_bs64,19,0.465,0.6093,56.6955,39.2621,35.553,208
hourly,test,gru_seq48_h128_l2_d0p0_lr0p0005_bs64,20,0.4603,0.6009,50.7101,35.1749,31.0094,208
hourly,test,gru_seq48_h128_l2_d0p0_lr0p0005_bs64,21,0.5017,0.648,46.5501,36.6969,32.7554,208
hourly,test,gru_seq48_h128_l2_d0p0_lr0p0005_bs64,22,0.4148,0.5656,42.1073,34.3889,34.0726,208
hourly,test,gru_seq48_h128_l2_d0p0_lr0p0005_bs64,23,0.3639,0.515,49.2719,40.8039,42.652,208
summary,validation,gru_seq48_h128_l2_d0p2_lr0p001_bs64,,0.3798,0.5425,40.9985,32.5415,30.4574,4976
hourly,validation,gru_seq48_h128_l2_d0p2_lr0p001_bs64,0,0.2202,0.329,39.3604,32.3405,34.6658,207
hourly,validation,gru_seq48_h128_l2_d0p2_lr0p001_bs64,1,0.1748,0.2934,31.6386,28.0744,32.969,207
hourly,validation,gru_seq48_h128_l2_d0p2_lr0p001_bs64,2,0.1536,0.2575,30.0964,26.7733,31.9548,207
hourly,validation,gru_seq48_h128_l2_d0p2_lr0p001_bs64,3,0.1413,0.2311,31.3393,26.8719,32.5742,207
hourly,validation,gru_seq48_h128_l2_d0p2_lr0p001_bs64,4,0.1266,0.2117,28.0259,25.8408,30.6665,207
hourly,validation,gru_seq48_h128_l2_d0p2_lr0p001_bs64,5,0.1817,0.2373,43.6849,36.8504,41.5162,207
hourly,validation,gru_seq48_h128_l2_d0p2_lr0p001_bs64,6,0.328,0.4288,49.2921,36.9658,39.6193,207
hourly,validation,gru_seq48_h128_l2_d0p2_lr0p001_bs64,7,0.522,0.6407,48.5219,36.6719,29.5046,208
hourly,validation,gru_seq48_h128_l2_d0p2_lr0p001_bs64,8,0.3776,0.5028,31.6375,26.3628,22.9685,208
hourly,validation,gru_seq48_h128_l2_d0p2_lr0p001_bs64,9,0.35,0.4594,30.3478,25.0533,22.6125,208
hourly,validation,gru_seq48_h128_l2_d0p2_lr0p001_bs64,10,0.3646,0.4921,30.7151,25.523,24.1659,208
hourly,validation,gru_seq48_h128_l2_d0p2_lr0p001_bs64,11,0.4158,0.6233,40.8242,30.1739,27.6833,208
hourly,validation,gru_seq48_h128_l2_d0p2_lr0p001_bs64,12,0.4338,0.6145,45.9822,32.9725,29.9968,208
hourly,validation,gru_seq48_h128_l2_d0p2_lr0p001_bs64,13,0.4294,0.5713,49.6526,36.5299,31.8307,208
hourly,validation,gru_seq48_h128_l2_d0p2_lr0p001_bs64,14,0.4404,0.612,52.9048,38.4098,35.2982,208
hourly,validation,gru_seq48_h128_l2_d0p2_lr0p001_bs64,15,0.444,0.6387,50.2254,39.2876,37.5479,207
hourly,validation,gru_seq48_h128_l2_d0p2_lr0p001_bs64,16,0.3924,0.5569,41.825,36.0189,33.5033,207
hourly,validation,gru_seq48_h128_l2_d0p2_lr0p001_bs64,17,0.4761,0.6844,45.5475,37.1475,35.5898,207
hourly,validation,gru_seq48_h128_l2_d0p2_lr0p001_bs64,18,0.5395,0.6963,48.8554,36.4745,32.8026,207
hourly,validation,gru_seq48_h128_l2_d0p2_lr0p001_bs64,19,0.6247,0.7748,38.6942,32.6084,30.0112,207
hourly,validation,gru_seq48_h128_l2_d0p2_lr0p001_bs64,20,0.6226,0.779,39.5642,31.0447,27.374,207
hourly,validation,gru_seq48_h128_l2_d0p2_lr0p001_bs64,21,0.5124,0.6472,34.8195,28.1597,25.0513,207
hourly,validation,gru_seq48_h128_l2_d0p2_lr0p001_bs64,22,0.4633,0.5772,42.5523,34.0266,30.6456,207
hourly,validation,gru_seq48_h128_l2_d0p2_lr0p001_bs64,23,0.3781,0.5006,57.8448,40.8548,42.3508,207
summary,test,gru_seq48_h128_l2_d0p2_lr0p001_bs64,,0.3357,0.4834,43.3767,35.9215,34.8987,4977
hourly,test,gru_seq48_h128_l2_d0p2_lr0p001_bs64,0,0.2517,0.4119,37.2838,33.6737,38.0226,207
hourly,test,gru_seq48_h128_l2_d0p2_lr0p001_bs64,1,0.2004,0.3205,30.9383,33.0109,35.2202,207
hourly,test,gru_seq48_h128_l2_d0p2_lr0p001_bs64,2,0.1714,0.2777,28.6477,30.9932,32.4689,207
hourly,test,gru_seq48_h128_l2_d0p2_lr0p001_bs64,3,0.1462,0.2517,27.5391,28.3165,31.3698,207
hourly,test,gru_seq48_h128_l2_d0p2_lr0p001_bs64,4,0.1693,0.2713,32.5427,33.145,36.562,207
hourly,test,gru_seq48_h128_l2_d0p2_lr0p001_bs64,5,0.1659,0.2642,36.2434,31.5193,36.9983,207
hourly,test,gru_seq48_h128_l2_d0p2_lr0p001_bs64,6,0.2571,0.3269,45.9583,37.2231,39.5486,207
hourly,test,gru_seq48_h128_l2_d0p2_lr0p001_bs64,7,0.4622,0.579,52.951,40.2996,35.2301,207
hourly,test,gru_seq48_h128_l2_d0p2_lr0p001_bs64,8,0.3081,0.4186,33.9767,27.7953,24.5962,207
hourly,test,gru_seq48_h128_l2_d0p2_lr0p001_bs64,9,0.3522,0.4796,39.8495,33.4535,29.3433,207
hourly,test,gru_seq48_h128_l2_d0p2_lr0p001_bs64,10,0.3797,0.5298,46.6921,36.05,33.2529,207
hourly,test,gru_seq48_h128_l2_d0p2_lr0p001_bs64,11,0.3784,0.5317,46.0972,37.15,33.1041,207
hourly,test,gru_seq48_h128_l2_d0p2_lr0p001_bs64,12,0.4124,0.5832,46.8802,38.4525,36.9773,207
hourly,test,gru_seq48_h128_l2_d0p2_lr0p001_bs64,13,0.3596,0.4691,44.4486,37.2192,34.1336,207
hourly,test,gru_seq48_h128_l2_d0p2_lr0p001_bs64,14,0.3794,0.5146,51.5636,40.6964,38.3446,207
hourly,test,gru_seq48_h128_l2_d0p2_lr0p001_bs64,15,0.3437,0.4813,46.0194,38.0211,37.7307,208
hourly,test,gru_seq48_h128_l2_d0p2_lr0p001_bs64,16,0.3229,0.4289,49.638,39.4599,39.1676,208
hourly,test,gru_seq48_h128_l2_d0p2_lr0p001_bs64,17,0.3552,0.5045,48.2148,39.9579,40.0327,208
hourly,test,gru_seq48_h128_l2_d0p2_lr0p001_bs64,18,0.4398,0.6391,53.9754,41.4405,41.2225,208
hourly,test,gru_seq48_h128_l2_d0p2_lr0p001_bs64,19,0.4566,0.6078,54.6149,38.3973,34.9133,208
hourly,test,gru_seq48_h128_l2_d0p2_lr0p001_bs64,20,0.4579,0.5997,48.6762,34.4875,30.8442,208
hourly,test,gru_seq48_h128_l2_d0p2_lr0p001_bs64,21,0.4987,0.6484,45.3025,35.7112,32.5564,208
hourly,test,gru_seq48_h128_l2_d0p2_lr0p001_bs64,22,0.4197,0.5653,43.2497,34.8868,34.476,208
hourly,test,gru_seq48_h128_l2_d0p2_lr0p001_bs64,23,0.3649,0.5157,49.5013,40.6605,42.7777,208
summary,validation,gru_seq48_h128_l2_d0p2_lr0p0005_bs64,,0.3763,0.5399,39.4344,32.1901,30.18,4976
hourly,validation,gru_seq48_h128_l2_d0p2_lr0p0005_bs64,0,0.2248,0.3284,40.0308,33.754,35.3983,207
hourly,validation,gru_seq48_h128_l2_d0p2_lr0p0005_bs64,1,0.1769,0.2898,32.7046,28.8741,33.3698,207
hourly,validation,gru_seq48_h128_l2_d0p2_lr0p0005_bs64,2,0.1527,0.2565,29.5736,26.9427,31.7726,207
hourly,validation,gru_seq48_h128_l2_d0p2_lr0p0005_bs64,3,0.1422,0.2332,31.1002,27.238,32.785,207
hourly,validation,gru_seq48_h128_l2_d0p2_lr0p0005_bs64,4,0.1294,0.2174,27.7585,27.2236,31.3443,207
hourly,validation,gru_seq48_h128_l2_d0p2_lr0p0005_bs64,5,0.1492,0.2298,31.3614,29.8004,34.0815,207
hourly,validation,gru_seq48_h128_l2_d0p2_lr0p0005_bs64,6,0.2951,0.3894,40.6508,34.7952,35.6456,207
hourly,validation,gru_seq48_h128_l2_d0p2_lr0p0005_bs64,7,0.5429,0.6676,46.8943,37.525,30.686,208
hourly,validation,gru_seq48_h128_l2_d0p2_lr0p0005_bs64,8,0.3804,0.5007,30.9575,26.4692,23.1373,208
hourly,validation,gru_seq48_h128_l2_d0p2_lr0p0005_bs64,9,0.3566,0.4658,30.8275,25.7129,23.0388,208
hourly,validation,gru_seq48_h128_l2_d0p2_lr0p0005_bs64,10,0.3545,0.4827,29.7024,25.1592,23.4942,208
hourly,validation,gru_seq48_h128_l2_d0p2_lr0p0005_bs64,11,0.4184,0.6231,40.6397,30.5279,27.8594,208
hourly,validation,gru_seq48_h128_l2_d0p2_lr0p0005_bs64,12,0.4299,0.6149,44.4382,32.9118,29.7283,208
hourly,validation,gru_seq48_h128_l2_d0p2_lr0p0005_bs64,13,0.4243,0.5701,47.9208,36.4448,31.4561,208
hourly,validation,gru_seq48_h128_l2_d0p2_lr0p0005_bs64,14,0.4397,0.619,50.7011,38.1744,35.2471,208
hourly,validation,gru_seq48_h128_l2_d0p2_lr0p0005_bs64,15,0.4421,0.6398,48.0646,38.5186,37.3911,207
hourly,validation,gru_seq48_h128_l2_d0p2_lr0p0005_bs64,16,0.381,0.5559,39.2732,34.1765,32.5261,207
hourly,validation,gru_seq48_h128_l2_d0p2_lr0p0005_bs64,17,0.4679,0.6741,43.7442,35.9951,34.9782,207
hourly,validation,gru_seq48_h128_l2_d0p2_lr0p0005_bs64,18,0.5458,0.7,49.0386,36.7165,33.1841,207
hourly,validation,gru_seq48_h128_l2_d0p2_lr0p0005_bs64,19,0.6153,0.76,38.7694,32.1565,29.5628,207
hourly,validation,gru_seq48_h128_l2_d0p2_lr0p0005_bs64,20,0.618,0.7673,39.2538,30.8168,27.1715,207
hourly,validation,gru_seq48_h128_l2_d0p2_lr0p0005_bs64,21,0.5124,0.6445,34.0206,28.0801,25.0522,207
hourly,validation,gru_seq48_h128_l2_d0p2_lr0p0005_bs64,22,0.4523,0.5642,40.7705,33.2261,29.9199,207
hourly,validation,gru_seq48_h128_l2_d0p2_lr0p0005_bs64,23,0.3776,0.496,58.1982,41.3445,42.2943,207
summary,test,gru_seq48_h128_l2_d0p2_lr0p0005_bs64,,0.3351,0.4847,42.3038,36.1813,34.8338,4977
hourly,test,gru_seq48_h128_l2_d0p2_lr0p0005_bs64,0,0.2497,0.406,36.8766,34.8966,37.7314,207
hourly,test,gru_seq48_h128_l2_d0p2_lr0p0005_bs64,1,0.2065,0.3233,32.7594,35.239,36.2821,207
hourly,test,gru_seq48_h128_l2_d0p2_lr0p0005_bs64,2,0.1813,0.2858,30.7461,34.1229,34.3496,207
hourly,test,gru_seq48_h128_l2_d0p2_lr0p0005_bs64,3,0.1528,0.2545,29.7168,31.1414,32.8013,207
hourly,test,gru_seq48_h128_l2_d0p2_lr0p0005_bs64,4,0.1729,0.2756,33.0364,35.0755,37.3554,207
hourly,test,gru_seq48_h128_l2_d0p2_lr0p0005_bs64,5,0.155,0.2641,31.209,29.4188,34.5692,207
hourly,test,gru_seq48_h128_l2_d0p2_lr0p0005_bs64,6,0.2226,0.2982,37.6393,34.1816,34.2372,207
hourly,test,gru_seq48_h128_l2_d0p2_lr0p0005_bs64,7,0.4725,0.5905,50.1054,40.8579,36.0138,207
hourly,test,gru_seq48_h128_l2_d0p2_lr0p0005_bs64,8,0.3126,0.4221,33.0165,28.5958,24.9518,207
hourly,test,gru_seq48_h128_l2_d0p2_lr0p0005_bs64,9,0.3567,0.4873,39.6621,34.0345,29.7146,207
hourly,test,gru_seq48_h128_l2_d0p2_lr0p0005_bs64,10,0.3851,0.5345,46.853,36.8104,33.7278,207
hourly,test,gru_seq48_h128_l2_d0p2_lr0p0005_bs64,11,0.383,0.5333,46.1255,37.7677,33.5079,207
hourly,test,gru_seq48_h128_l2_d0p2_lr0p0005_bs64,12,0.4095,0.5799,45.6607,38.3444,36.7174,207
hourly,test,gru_seq48_h128_l2_d0p2_lr0p0005_bs64,13,0.358,0.469,43.5867,37.6,33.9847,207
hourly,test,gru_seq48_h128_l2_d0p2_lr0p0005_bs64,14,0.3739,0.5147,49.622,39.8344,37.7874,207
hourly,test,gru_seq48_h128_l2_d0p2_lr0p0005_bs64,15,0.339,0.4835,44.2995,37.2446,37.2128,208
hourly,test,gru_seq48_h128_l2_d0p2_lr0p0005_bs64,16,0.3212,0.4302,49.2774,39.3259,38.9616,208
hourly,test,gru_seq48_h128_l2_d0p2_lr0p0005_bs64,17,0.3541,0.509,47.398,39.7011,39.9167,208
hourly,test,gru_seq48_h128_l2_d0p2_lr0p0005_bs64,18,0.4384,0.642,52.412,40.7515,41.0891,208
hourly,test,gru_seq48_h128_l2_d0p2_lr0p0005_bs64,19,0.4647,0.6129,55.0446,38.7806,35.5316,208
hourly,test,gru_seq48_h128_l2_d0p2_lr0p0005_bs64,20,0.4599,0.5992,48.052,34.5283,30.9813,208
hourly,test,gru_seq48_h128_l2_d0p2_lr0p0005_bs64,21,0.4906,0.6446,43.0201,35.1451,32.0269,208
hourly,test,gru_seq48_h128_l2_d0p2_lr0p0005_bs64,22,0.4153,0.5657,41.1575,34.4285,34.1146,208
hourly,test,gru_seq48_h128_l2_d0p2_lr0p0005_bs64,23,0.363,0.5188,47.7853,40.4531,42.5558,208
summary,validation,gru_seq48_h128_l2_d0p3_lr0p001_bs64,,0.3805,0.5429,40.8914,32.556,30.5153,4976
hourly,validation,gru_seq48_h128_l2_d0p3_lr0p001_bs64,0,0.2192,0.3274,38.6274,32.2556,34.5112,207
hourly,validation,gru_seq48_h128_l2_d0p3_lr0p001_bs64,1,0.1732,0.2915,31.0025,27.4429,32.6766,207
hourly,validation,gru_seq48_h128_l2_d0p3_lr0p001_bs64,2,0.1514,0.2556,29.463,26.023,31.492,207
hourly,validation,gru_seq48_h128_l2_d0p3_lr0p001_bs64,3,0.139,0.2288,30.8281,26.1249,32.0566,207
hourly,validation,gru_seq48_h128_l2_d0p3_lr0p001_bs64,4,0.1266,0.2101,28.189,25.8005,30.6754,207
hourly,validation,gru_seq48_h128_l2_d0p3_lr0p001_bs64,5,0.1861,0.2386,45.7196,37.6661,42.5171,207
hourly,validation,gru_seq48_h128_l2_d0p3_lr0p001_bs64,6,0.346,0.4519,53.037,38.4694,41.798,207
hourly,validation,gru_seq48_h128_l2_d0p3_lr0p001_bs64,7,0.5238,0.6364,49.2,36.8675,29.6068,208
hourly,validation,gru_seq48_h128_l2_d0p3_lr0p001_bs64,8,0.3812,0.5012,32.1274,26.5652,23.1854,208
hourly,validation,gru_seq48_h128_l2_d0p3_lr0p001_bs64,9,0.3577,0.4682,30.8236,25.5884,23.1076,208
hourly,validation,gru_seq48_h128_l2_d0p3_lr0p001_bs64,10,0.3644,0.4909,30.4169,25.6351,24.154,208
hourly,validation,gru_seq48_h128_l2_d0p3_lr0p001_bs64,11,0.4177,0.6248,40.2324,30.3696,27.8122,208
hourly,validation,gru_seq48_h128_l2_d0p3_lr0p001_bs64,12,0.432,0.6127,45.1243,32.8615,29.8753,208
hourly,validation,gru_seq48_h128_l2_d0p3_lr0p001_bs64,13,0.4297,0.5709,49.2869,36.5468,31.8578,208
hourly,validation,gru_seq48_h128_l2_d0p3_lr0p001_bs64,14,0.4395,0.6113,52.7803,38.3822,35.23,208
hourly,validation,gru_seq48_h128_l2_d0p3_lr0p001_bs64,15,0.4427,0.6378,49.9184,39.2031,37.4396,207
hourly,validation,gru_seq48_h128_l2_d0p3_lr0p001_bs64,16,0.3918,0.5575,41.3278,35.9247,33.4495,207
hourly,validation,gru_seq48_h128_l2_d0p3_lr0p001_bs64,17,0.4723,0.6829,44.638,36.7874,35.3092,207
hourly,validation,gru_seq48_h128_l2_d0p3_lr0p001_bs64,18,0.5389,0.697,48.6665,36.4192,32.7626,207
hourly,validation,gru_seq48_h128_l2_d0p3_lr0p001_bs64,19,0.6225,0.7727,38.765,32.4888,29.9058,207
hourly,validation,gru_seq48_h128_l2_d0p3_lr0p001_bs64,20,0.6222,0.7785,39.1437,31.0032,27.3556,207
hourly,validation,gru_seq48_h128_l2_d0p3_lr0p001_bs64,21,0.517,0.6514,34.5673,28.5166,25.2762,207
hourly,validation,gru_seq48_h128_l2_d0p3_lr0p001_bs64,22,0.462,0.5781,41.4834,33.9621,30.5647,207
hourly,validation,gru_seq48_h128_l2_d0p3_lr0p001_bs64,23,0.3729,0.4944,56.0099,40.4764,41.7721,207
summary,test,gru_seq48_h128_l2_d0p3_lr0p001_bs64,,0.3361,0.4839,43.2279,35.9993,34.9451,4977
hourly,test,gru_seq48_h128_l2_d0p3_lr0p001_bs64,0,0.2516,0.4106,36.9618,34.2055,38.0142,207
hourly,test,gru_seq48_h128_l2_d0p3_lr0p001_bs64,1,0.2015,0.3215,31.2102,33.1785,35.4118,207
hourly,test,gru_seq48_h128_l2_d0p3_lr0p001_bs64,2,0.1704,0.2765,28.7819,30.896,32.2846,207
hourly,test,gru_seq48_h128_l2_d0p3_lr0p001_bs64,3,0.1458,0.2485,27.9638,28.2362,31.286,207
hourly,test,gru_seq48_h128_l2_d0p3_lr0p001_bs64,4,0.1685,0.2694,32.8116,32.9975,36.4037,207
hourly,test,gru_seq48_h128_l2_d0p3_lr0p001_bs64,5,0.1689,0.263,37.6332,32.2284,37.6532,207
hourly,test,gru_seq48_h128_l2_d0p3_lr0p001_bs64,6,0.2661,0.337,48.2448,37.9961,40.9378,207
hourly,test,gru_seq48_h128_l2_d0p3_lr0p001_bs64,7,0.4553,0.5701,52.5983,39.6472,34.706,207
hourly,test,gru_seq48_h128_l2_d0p3_lr0p001_bs64,8,0.3116,0.4216,34.4253,28.2353,24.8722,207
hourly,test,gru_seq48_h128_l2_d0p3_lr0p001_bs64,9,0.3595,0.4848,40.2372,34.3386,29.9499,207
hourly,test,gru_seq48_h128_l2_d0p3_lr0p001_bs64,10,0.3819,0.5304,46.0632,36.4332,33.4442,207
hourly,test,gru_seq48_h128_l2_d0p3_lr0p001_bs64,11,0.3816,0.5331,45.6002,37.638,33.3855,207
hourly,test,gru_seq48_h128_l2_d0p3_lr0p001_bs64,12,0.414,0.5865,46.4329,38.6871,37.1222,207
hourly,test,gru_seq48_h128_l2_d0p3_lr0p001_bs64,13,0.3607,0.4718,44.1344,37.3193,34.2363,207
hourly,test,gru_seq48_h128_l2_d0p3_lr0p001_bs64,14,0.379,0.5147,51.285,40.5251,38.3009,207
hourly,test,gru_seq48_h128_l2_d0p3_lr0p001_bs64,15,0.3416,0.4799,45.6157,37.6897,37.5074,208
hourly,test,gru_seq48_h128_l2_d0p3_lr0p001_bs64,16,0.3228,0.4286,49.4112,39.4547,39.1517,208
hourly,test,gru_seq48_h128_l2_d0p3_lr0p001_bs64,17,0.3544,0.5051,47.5563,39.7889,39.9507,208
hourly,test,gru_seq48_h128_l2_d0p3_lr0p001_bs64,18,0.4337,0.6375,52.6909,40.8306,40.6434,208
hourly,test,gru_seq48_h128_l2_d0p3_lr0p001_bs64,19,0.4595,0.6101,54.8205,38.5512,35.1374,208
hourly,test,gru_seq48_h128_l2_d0p3_lr0p001_bs64,20,0.4574,0.5999,48.3351,34.382,30.8113,208
hourly,test,gru_seq48_h128_l2_d0p3_lr0p001_bs64,21,0.4981,0.6498,44.496,35.6106,32.5174,208
hourly,test,gru_seq48_h128_l2_d0p3_lr0p001_bs64,22,0.4209,0.5676,42.4058,35.0163,34.5769,208
hourly,test,gru_seq48_h128_l2_d0p3_lr0p001_bs64,23,0.3593,0.5147,47.5431,40.0141,42.1164,208
summary,validation,gru_seq48_h128_l2_d0p3_lr0p0005_bs64,,0.3769,0.5397,39.532,32.2795,30.2287,4976
hourly,validation,gru_seq48_h128_l2_d0p3_lr0p0005_bs64,0,0.2236,0.327,39.257,33.6775,35.2016,207
hourly,validation,gru_seq48_h128_l2_d0p3_lr0p0005_bs64,1,0.1771,0.2903,32.5913,28.9015,33.4046,207
hourly,validation,gru_seq48_h128_l2_d0p3_lr0p0005_bs64,2,0.1517,0.2551,29.241,26.6479,31.5699,207
hourly,validation,gru_seq48_h128_l2_d0p3_lr0p0005_bs64,3,0.1415,0.2322,30.7723,27.11,32.623,207
hourly,validation,gru_seq48_h128_l2_d0p3_lr0p0005_bs64,4,0.1291,0.2167,27.5782,27.1973,31.2784,207
hourly,validation,gru_seq48_h128_l2_d0p3_lr0p0005_bs64,5,0.1547,0.2311,33.7662,30.8983,35.347,207
hourly,validation,gru_seq48_h128_l2_d0p3_lr0p0005_bs64,6,0.3018,0.3956,42.9876,35.3403,36.4478,207
hourly,validation,gru_seq48_h128_l2_d0p3_lr0p0005_bs64,7,0.5414,0.6616,47.9194,37.6581,30.5972,208
hourly,validation,gru_seq48_h128_l2_d0p3_lr0p0005_bs64,8,0.3823,0.5005,31.2121,26.5686,23.2496,208
hourly,validation,gru_seq48_h128_l2_d0p3_lr0p0005_bs64,9,0.3629,0.4721,31.0128,26.1353,23.4433,208
hourly,validation,gru_seq48_h128_l2_d0p3_lr0p0005_bs64,10,0.3548,0.483,29.4665,25.2102,23.5164,208
hourly,validation,gru_seq48_h128_l2_d0p3_lr0p0005_bs64,11,0.4195,0.6241,40.4535,30.619,27.9341,208
hourly,validation,gru_seq48_h128_l2_d0p3_lr0p0005_bs64,12,0.4296,0.6144,44.2303,32.9334,29.7091,208
hourly,validation,gru_seq48_h128_l2_d0p3_lr0p0005_bs64,13,0.4249,0.5694,47.7473,36.4529,31.5019,208
hourly,validation,gru_seq48_h128_l2_d0p3_lr0p0005_bs64,14,0.4383,0.6185,50.2826,37.9544,35.1303,208
hourly,validation,gru_seq48_h128_l2_d0p3_lr0p0005_bs64,15,0.4409,0.6382,47.8457,38.3889,37.2899,207
hourly,validation,gru_seq48_h128_l2_d0p3_lr0p0005_bs64,16,0.3803,0.5551,39.4801,34.2593,32.472,207
hourly,validation,gru_seq48_h128_l2_d0p3_lr0p0005_bs64,17,0.4681,0.6735,44.139,36.2101,34.9904,207
hourly,validation,gru_seq48_h128_l2_d0p3_lr0p0005_bs64,18,0.5462,0.7,49.0723,36.7832,33.2053,207
hourly,validation,gru_seq48_h128_l2_d0p3_lr0p0005_bs64,19,0.6131,0.7581,38.6443,32.0531,29.4556,207
hourly,validation,gru_seq48_h128_l2_d0p3_lr0p0005_bs64,20,0.6176,0.7663,38.9644,30.7981,27.1531,207
hourly,validation,gru_seq48_h128_l2_d0p3_lr0p0005_bs64,21,0.5166,0.6482,34.0326,28.3909,25.2604,207
hourly,validation,gru_seq48_h128_l2_d0p3_lr0p0005_bs64,22,0.4519,0.5655,40.4462,33.209,29.8915,207
hourly,validation,gru_seq48_h128_l2_d0p3_lr0p0005_bs64,23,0.3763,0.4942,57.5957,41.3325,42.1453,207
summary,test,gru_seq48_h128_l2_d0p3_lr0p0005_bs64,,0.3347,0.4846,42.054,36.0218,34.7965,4977
hourly,test,gru_seq48_h128_l2_d0p3_lr0p0005_bs64,0,0.2483,0.4048,36.3884,34.664,37.5172,207
hourly,test,gru_seq48_h128_l2_d0p3_lr0p0005_bs64,1,0.2036,0.3211,32.0343,34.2228,35.7809,207
hourly,test,gru_seq48_h128_l2_d0p3_lr0p0005_bs64,2,0.1786,0.2847,30.0878,33.1081,33.8408,207
hourly,test,gru_seq48_h128_l2_d0p3_lr0p0005_bs64,3,0.1494,0.2515,28.8449,29.9429,32.0757,207
hourly,test,gru_seq48_h128_l2_d0p3_lr0p0005_bs64,4,0.1718,0.2742,32.8062,34.7033,37.1127,207
hourly,test,gru_seq48_h128_l2_d0p3_lr0p0005_bs64,5,0.1558,0.2643,31.6908,29.4226,34.7262,207
hourly,test,gru_seq48_h128_l2_d0p3_lr0p0005_bs64,6,0.2253,0.2973,38.6964,34.3338,34.6595,207
hourly,test,gru_seq48_h128_l2_d0p3_lr0p0005_bs64,7,0.4676,0.5835,50.0412,40.5444,35.6404,207
hourly,test,gru_seq48_h128_l2_d0p3_lr0p0005_bs64,8,0.3137,0.4233,33.1417,28.6339,25.0423,207
hourly,test,gru_seq48_h128_l2_d0p3_lr0p0005_bs64,9,0.3631,0.4929,39.6962,34.5942,30.2452,207
hourly,test,gru_seq48_h128_l2_d0p3_lr0p0005_bs64,10,0.3856,0.5353,46.0613,36.8181,33.7652,207
hourly,test,gru_seq48_h128_l2_d0p3_lr0p0005_bs64,11,0.3851,0.5347,45.8437,38.0189,33.6891,207
hourly,test,gru_seq48_h128_l2_d0p3_lr0p0005_bs64,12,0.4112,0.5818,45.4817,38.5428,36.8672,207
hourly,test,gru_seq48_h128_l2_d0p3_lr0p0005_bs64,13,0.3583,0.4698,43.42,37.6598,34.0092,207
hourly,test,gru_seq48_h128_l2_d0p3_lr0p0005_bs64,14,0.3729,0.5138,49.2196,39.6986,37.683,207
hourly,test,gru_seq48_h128_l2_d0p3_lr0p0005_bs64,15,0.337,0.4828,43.8997,36.9654,36.994,208
hourly,test,gru_seq48_h128_l2_d0p3_lr0p0005_bs64,16,0.32,0.4297,49.1617,39.1571,38.8173,208
hourly,test,gru_seq48_h128_l2_d0p3_lr0p0005_bs64,17,0.3527,0.5078,47.3261,39.5424,39.7522,208
hourly,test,gru_seq48_h128_l2_d0p3_lr0p0005_bs64,18,0.437,0.6422,52.0773,40.6032,40.9596,208
hourly,test,gru_seq48_h128_l2_d0p3_lr0p0005_bs64,19,0.4643,0.6139,54.7168,38.7474,35.5046,208
hourly,test,gru_seq48_h128_l2_d0p3_lr0p0005_bs64,20,0.4583,0.5979,47.5152,34.4047,30.8753,208
hourly,test,gru_seq48_h128_l2_d0p3_lr0p0005_bs64,21,0.4917,0.6465,42.6018,35.247,32.1022,208
hourly,test,gru_seq48_h128_l2_d0p3_lr0p0005_bs64,22,0.4168,0.567,40.9421,34.588,34.2386,208
hourly,test,gru_seq48_h128_l2_d0p3_lr0p0005_bs64,23,0.3617,0.5184,47.3745,40.2853,42.4026,208
